{"type":"FeatureCollection","features":[{"type":"Feature","properties":{"nombre":"Santa Elena","jerarquia":5},"geometry":{"type":"LineString","coordinates":[[-70.84408,-34.13575],[-70.84431,-34.13569],[-70.84455,-34.13549],[-70.84519,-34.13472],[-70.84537,-34.13435],[-70.84555,-34.13331],[-70.84572,-34.13304],[-70.846,-34.13279],[-70.84618,-34.13271],[-70.84697,-34.1326],[-70.84803,-34.13204],[-70.84822,-34.13186],[-70.84869,-34.13121],[-70.84929,-34.13058],[-70.85038,-34.12988],[-70.85216,-34.12934],[-70.85398,-34.12916],[-70.85458,-34.12901],[-70.8549,-34.12878],[-70.8554,-34.12824],[-70.85549,-34.12803],[-70.8555,-34.12764]]}},{"type":"Feature","properties":{"nombre":"Avenida Libertador Bernardo O'Higgins","jerarquia":3},"geometry":{"type":"LineString","coordinates":[[-70.72574,-34.16759],[-70.72525,-34.16769]]}},{"type":"Feature","properties":{"nombre":"Avenida Libertador Bernardo O'Higgins","jerarquia":3},"geometry":{"type":"LineString","coordinates":[[-70.72525,-34.16769],[-70.7238,-34.16793]]}},{"type":"Feature","properties":{"nombre":"Avenida Libertador Bernardo O'Higgins","jerarquia":3},"geometry":{"type":"LineString","coordinates":[[-70.7238,-34.16793],[-70.72364,-34.16796]]}},{"type":"Feature","properties":{"nombre":"Avenida Libertador Bernardo O'Higgins","jerarquia":3},"geometry":{"type":"LineString","coordinates":[[-70.72364,-34.16796],[-70.72338,-34.168]]}},{"type":"Feature","properties":{"nombre":"Avenida Libertador Bernardo O'Higgins","jerarquia":3},"geometry":{"type":"LineString","coordinates":[[-70.72338,-34.168],[-70.72052,-34.16843]]}},{"type":"Feature","properties":{"nombre":"Avenida Libertador Bernardo O'Higgins","jerarquia":3},"geometry":{"type":"LineString","coordinates":[[-70.72052,-34.16843],[-70.71997,-34.16851]]}},{"type":"Feature","properties":{"nombre":"","jerarquia":2},"geometry":{"type":"LineString","coordinates":[[-70.72953,-34.13258],[-70.72973,-34.13302]]}},{"type":"Feature","properties":{"nombre":"Irarrázaval","jerarquia":3},"geometry":{"type":"LineString","coordinates":[[-70.65069,-34.18212],[-70.65013,-34.18019]]}},{"type":"Feature","properties":{"nombre":"Miraflores","jerarquia":5},"geometry":{"type":"LineString","coordinates":[[-70.64368,-34.17897],[-70.64378,-34.17908],[-70.64484,-34.17942],[-70.64514,-34.17966],[-70.64549,-34.18024],[-70.64566,-34.1809]]}},{"type":"Feature","properties":{"nombre":"Miraflores","jerarquia":5},"geometry":{"type":"LineString","coordinates":[[-70.64566,-34.1809],[-70.64572,-34.18122]]}},{"type":"Feature","properties":{"nombre":"Miraflores","jerarquia":5},"geometry":{"type":"LineString","coordinates":[[-70.64572,-34.18122],[-70.64602,-34.18278]]}},{"type":"Feature","properties":{"nombre":"Miraflores","jerarquia":5},"geometry":{"type":"LineString","coordinates":[[-70.64602,-34.18278],[-70.64606,-34.18301]]}},{"type":"Feature","properties":{"nombre":"Santa Elena","jerarquia":5},"geometry":{"type":"LineString","coordinates":[[-70.76635,-34.15072],[-70.76921,-34.15005]]}},{"type":"Feature","properties":{"nombre":"Santa Elena","jerarquia":5},"geometry":{"type":"LineString","coordinates":[[-70.76921,-34.15005],[-70.76971,-34.14992]]}},{"type":"Feature","properties":{"nombre":"Santa Elena","jerarquia":5},"geometry":{"type":"LineString","coordinates":[[-70.76971,-34.14992],[-70.77042,-34.14975]]}},{"type":"Feature","properties":{"nombre":"Santa Elena","jerarquia":5},"geometry":{"type":"LineString","coordinates":[[-70.77042,-34.14975],[-70.7714,-34.14952]]}},{"type":"Feature","properties":{"nombre":"Santa Elena","jerarquia":5},"geometry":{"type":"LineString","coordinates":[[-70.7714,-34.14952],[-70.77316,-34.14913]]}},{"type":"Feature","properties":{"nombre":"Santa Elena","jerarquia":5},"geometry":{"type":"LineString","coordinates":[[-70.77316,-34.14913],[-70.77517,-34.14865]]}},{"type":"Feature","properties":{"nombre":"Santa Elena","jerarquia":5},"geometry":{"type":"LineString","coordinates":[[-70.77517,-34.14865],[-70.77592,-34.14849]]}},{"type":"Feature","properties":{"nombre":"Santa Elena","jerarquia":5},"geometry":{"type":"LineString","coordinates":[[-70.77592,-34.14849],[-70.7871,-34.14595]]}},{"type":"Feature","properties":{"nombre":"Carretera Presidente Eduardo Frei Montalva","jerarquia":3},"geometry":{"type":"LineString","coordinates":[[-70.67689,-34.19569],[-70.67615,-34.1958]]}},{"type":"Feature","properties":{"nombre":"Camino La Estrella","jerarquia":5},"geometry":{"type":"LineString","coordinates":[[-70.83073,-34.18106],[-70.83081,-34.18082],[-70.83071,-34.18063],[-70.8299,-34.18043],[-70.82979,-34.18036]]}},{"type":"Feature","properties":{"nombre":"Camino La Estrella","jerarquia":5},"geometry":{"type":"LineString","coordinates":[[-70.82979,-34.18036],[-70.82974,-34.18024],[-70.82991,-34.17752],[-70.82997,-34.17745],[-70.83205,-34.17723],[-70.83957,-34.17434]]}},{"type":"Feature","properties":{"nombre":"Avenida Illanes","jerarquia":5},"geometry":{"type":"LineString","coordinates":[[-70.72852,-34.14584],[-70.72749,-34.1446]]}},{"type":"Feature","properties":{"nombre":"Camino Chacón","jerarquia":5},"geometry":{"type":"LineString","coordinates":[[-70.75405,-34.11844],[-70.75703,-34.11798]]}},{"type":"Feature","properties":{"nombre":"Camino Chacón","jerarquia":5},"geometry":{"type":"LineString","coordinates":[[-70.83239,-34.09718],[-70.83312,-34.09683]]}},{"type":"Feature","properties":{"nombre":"Camino Chacón","jerarquia":5},"geometry":{"type":"LineString","coordinates":[[-70.83312,-34.09683],[-70.83357,-34.09661]]}},{"type":"Feature","properties":{"nombre":"Camino Chacón","jerarquia":5},"geometry":{"type":"LineString","coordinates":[[-70.83357,-34.09661],[-70.83442,-34.09619],[-70.83995,-34.09275],[-70.84046,-34.0922]]}},{"type":"Feature","properties":{"nombre":"La Gonzalina","jerarquia":5},"geometry":{"type":"LineString","coordinates":[[-70.76361,-34.1435],[-70.7683,-34.14237]]}},{"type":"Feature","properties":{"nombre":"La Gonzalina","jerarquia":5},"geometry":{"type":"LineString","coordinates":[[-70.7683,-34.14237],[-70.7753,-34.14061]]}},{"type":"Feature","properties":{"nombre":"La Gonzalina","jerarquia":5},"geometry":{"type":"LineString","coordinates":[[-70.7753,-34.14061],[-70.7823,-34.13887]]}},{"type":"Feature","properties":{"nombre":"La Gonzalina","jerarquia":5},"geometry":{"type":"LineString","coordinates":[[-70.7823,-34.13887],[-70.78508,-34.13818]]}},{"type":"Feature","properties":{"nombre":"","jerarquia":4},"geometry":{"type":"LineString","coordinates":[[-70.72762,-34.15564],[-70.72732,-34.15538]]}},{"type":"Feature","properties":{"nombre":"San Ramón","jerarquia":5},"geometry":{"type":"LineString","coordinates":[[-70.77388,-34.16571],[-70.77771,-34.16485]]}},{"type":"Feature","properties":{"nombre":"Costanera Norte Río Cachapoal","jerarquia":3},"geometry":{"type":"LineString","coordinates":[[-70.75018,-34.18605],[-70.75069,-34.18585],[-70.75113,-34.18576],[-70.75165,-34.18577],[-70.75234,-34.18585]]}},{"type":"Feature","properties":{"nombre":"Ruta 5 Sur","jerarquia":1},"geometry":{"type":"LineString","coordinates":[[-70.78869,-34.18543],[-70.78928,-34.18325]]}},{"type":"Feature","properties":{"nombre":"Ruta 5 Sur","jerarquia":1},"geometry":{"type":"LineString","coordinates":[[-70.78966,-34.18271],[-70.78954,-34.18315]]}},{"type":"Feature","properties":{"nombre":"Ruta 5 Sur","jerarquia":1},"geometry":{"type":"LineString","coordinates":[[-70.78954,-34.18315],[-70.78921,-34.18431]]}},{"type":"Feature","properties":{"nombre":"Ruta 5 Sur","jerarquia":1},"geometry":{"type":"LineString","coordinates":[[-70.78931,-34.18315],[-70.78943,-34.18273]]}},{"type":"Feature","properties":{"nombre":"Avenida República de Chile","jerarquia":5},"geometry":{"type":"LineString","coordinates":[[-70.74826,-34.15356],[-70.74787,-34.15362]]}},{"type":"Feature","properties":{"nombre":"Avenida República de Chile","jerarquia":5},"geometry":{"type":"LineString","coordinates":[[-70.74787,-34.15362],[-70.74643,-34.15384]]}},{"type":"Feature","properties":{"nombre":"Avenida Libertador Bernardo O'Higgins","jerarquia":3},"geometry":{"type":"LineString","coordinates":[[-70.75621,-34.16159],[-70.75604,-34.16167]]}},{"type":"Feature","properties":{"nombre":"Avenida Libertador Bernardo O'Higgins","jerarquia":3},"geometry":{"type":"LineString","coordinates":[[-70.75604,-34.16167],[-70.75331,-34.16302]]}},{"type":"Feature","properties":{"nombre":"Avenida Libertador Bernardo O'Higgins","jerarquia":3},"geometry":{"type":"LineString","coordinates":[[-70.75331,-34.16302],[-70.75318,-34.16308]]}},{"type":"Feature","properties":{"nombre":"Avenida Libertador Bernardo O'Higgins","jerarquia":3},"geometry":{"type":"LineString","coordinates":[[-70.75318,-34.16308],[-70.75182,-34.16371]]}},{"type":"Feature","properties":{"nombre":"Adelaida Calvo","jerarquia":5},"geometry":{"type":"LineString","coordinates":[[-70.73519,-34.1639],[-70.73534,-34.16402]]}},{"type":"Feature","properties":{"nombre":"Almarza","jerarquia":5},"geometry":{"type":"LineString","coordinates":[[-70.74204,-34.18298],[-70.74173,-34.18251]]}},{"type":"Feature","properties":{"nombre":"Almarza","jerarquia":5},"geometry":{"type":"LineString","coordinates":[[-70.74173,-34.18251],[-70.74149,-34.18217]]}},{"type":"Feature","properties":{"nombre":"Almarza","jerarquia":5},"geometry":{"type":"LineString","coordinates":[[-70.74149,-34.18217],[-70.74127,-34.18183]]}},{"type":"Feature","properties":{"nombre":"Almarza","jerarquia":5},"geometry":{"type":"LineString","coordinates":[[-70.74127,-34.18183],[-70.74101,-34.18145]]}},{"type":"Feature","properties":{"nombre":"Almarza","jerarquia":5},"geometry":{"type":"LineString","coordinates":[[-70.74101,-34.18145],[-70.74075,-34.18107]]}},{"type":"Feature","properties":{"nombre":"Almarza","jerarquia":5},"geometry":{"type":"LineString","coordinates":[[-70.74075,-34.18107],[-70.74053,-34.18073]]}},{"type":"Feature","properties":{"nombre":"Almarza","jerarquia":5},"geometry":{"type":"LineString","coordinates":[[-70.74053,-34.18073],[-70.74029,-34.18038]]}},{"type":"Feature","properties":{"nombre":"Almarza","jerarquia":5},"geometry":{"type":"LineString","coordinates":[[-70.74029,-34.18038],[-70.74009,-34.18008]]}},{"type":"Feature","properties":{"nombre":"Almarza","jerarquia":5},"geometry":{"type":"LineString","coordinates":[[-70.74009,-34.18008],[-70.7399,-34.17977],[-70.73978,-34.1797]]}},{"type":"Feature","properties":{"nombre":"Juan Nicolás Rubio","jerarquia":5},"geometry":{"type":"LineString","coordinates":[[-70.74647,-34.16438],[-70.74654,-34.1647]]}},{"type":"Feature","properties":{"nombre":"Juan Nicolás Rubio","jerarquia":5},"geometry":{"type":"LineString","coordinates":[[-70.74654,-34.1647],[-70.74682,-34.16598]]}},{"type":"Feature","properties":{"nombre":"Juan Nicolás Rubio","jerarquia":5},"geometry":{"type":"LineString","coordinates":[[-70.74682,-34.16598],[-70.74686,-34.16618]]}},{"type":"Feature","properties":{"nombre":"Juan Nicolás Rubio","jerarquia":5},"geometry":{"type":"LineString","coordinates":[[-70.74686,-34.16618],[-70.74698,-34.16671]]}},{"type":"Feature","properties":{"nombre":"Juan Nicolás Rubio","jerarquia":5},"geometry":{"type":"LineString","coordinates":[[-70.74698,-34.16671],[-70.74706,-34.16705]]}},{"type":"Feature","properties":{"nombre":"Juan Nicolás Rubio","jerarquia":5},"geometry":{"type":"LineString","coordinates":[[-70.74706,-34.16705],[-70.74708,-34.16716]]}},{"type":"Feature","properties":{"nombre":"Juan Nicolás Rubio","jerarquia":5},"geometry":{"type":"LineString","coordinates":[[-70.74708,-34.16716],[-70.74721,-34.16773]]}},{"type":"Feature","properties":{"nombre":"Juan Nicolás Rubio","jerarquia":5},"geometry":{"type":"LineString","coordinates":[[-70.74721,-34.16773],[-70.7473,-34.16811]]}},{"type":"Feature","properties":{"nombre":"Juan Nicolás Rubio","jerarquia":5},"geometry":{"type":"LineString","coordinates":[[-70.7473,-34.16811],[-70.74734,-34.1683]]}},{"type":"Feature","properties":{"nombre":"Coronel Santiago Bueras","jerarquia":5},"geometry":{"type":"LineString","coordinates":[[-70.74396,-34.16511],[-70.7442,-34.16635]]}},{"type":"Feature","properties":{"nombre":"Coronel Santiago Bueras","jerarquia":5},"geometry":{"type":"LineString","coordinates":[[-70.7442,-34.16635],[-70.74442,-34.16748]]}},{"type":"Feature","properties":{"nombre":"Coronel Santiago Bueras","jerarquia":5},"geometry":{"type":"LineString","coordinates":[[-70.74442,-34.16748],[-70.7445,-34.16789]]}},{"type":"Feature","properties":{"nombre":"Coronel Santiago Bueras","jerarquia":5},"geometry":{"type":"LineString","coordinates":[[-70.7445,-34.16789],[-70.74464,-34.16859]]}},{"type":"Feature","properties":{"nombre":"Coronel Santiago Bueras","jerarquia":5},"geometry":{"type":"LineString","coordinates":[[-70.74464,-34.16859],[-70.74485,-34.16971]]}},{"type":"Feature","properties":{"nombre":"Coronel Santiago Bueras","jerarquia":5},"geometry":{"type":"LineString","coordinates":[[-70.74485,-34.16971],[-70.74505,-34.17074]]}},{"type":"Feature","properties":{"nombre":"Coronel Santiago Bueras","jerarquia":5},"geometry":{"type":"LineString","coordinates":[[-70.74505,-34.17074],[-70.74508,-34.17086]]}},{"type":"Feature","properties":{"nombre":"Coronel Santiago Bueras","jerarquia":5},"geometry":{"type":"LineString","coordinates":[[-70.74508,-34.17086],[-70.74528,-34.17191]]}},{"type":"Feature","properties":{"nombre":"Coronel Santiago Bueras","jerarquia":5},"geometry":{"type":"LineString","coordinates":[[-70.74528,-34.17191],[-70.7453,-34.17199]]}},{"type":"Feature","properties":{"nombre":"Coronel Santiago Bueras","jerarquia":5},"geometry":{"type":"LineString","coordinates":[[-70.7453,-34.17199],[-70.74549,-34.17295]]}},{"type":"Feature","properties":{"nombre":"Coronel Santiago Bueras","jerarquia":5},"geometry":{"type":"LineString","coordinates":[[-70.74549,-34.17295],[-70.74551,-34.17307]]}},{"type":"Feature","properties":{"nombre":"Coronel Santiago Bueras","jerarquia":5},"geometry":{"type":"LineString","coordinates":[[-70.74551,-34.17307],[-70.74573,-34.17418]]}},{"type":"Feature","properties":{"nombre":"Coronel Santiago Bueras","jerarquia":5},"geometry":{"type":"LineString","coordinates":[[-70.74573,-34.17418],[-70.74574,-34.17423]]}},{"type":"Feature","properties":{"nombre":"Oficial Carlos María O'Carrol","jerarquia":4},"geometry":{"type":"LineString","coordinates":[[-70.75225,-34.16957],[-70.75211,-34.16981],[-70.75168,-34.16994]]}},{"type":"Feature","properties":{"nombre":"Avenida Santa Julia (Camino de la Concepción)","jerarquia":4},"geometry":{"type":"LineString","coordinates":[[-70.75366,-34.17516],[-70.7538,-34.17572],[-70.75385,-34.17626],[-70.75415,-34.17668],[-70.75387,-34.17828]]}},{"type":"Feature","properties":{"nombre":"Avenida Santa Julia (Camino de la Concepción)","jerarquia":4},"geometry":{"type":"LineString","coordinates":[[-70.75387,-34.17828],[-70.7535,-34.18033],[-70.7535,-34.18058],[-70.75355,-34.18073],[-70.75464,-34.18245]]}},{"type":"Feature","properties":{"nombre":"Avenida Santa Julia (Camino de la Concepción)","jerarquia":4},"geometry":{"type":"LineString","coordinates":[[-70.75464,-34.18245],[-70.75497,-34.18297]]}},{"type":"Feature","properties":{"nombre":"Avenida Santa Julia (Camino de la Concepción)","jerarquia":4},"geometry":{"type":"LineString","coordinates":[[-70.75497,-34.18297],[-70.75517,-34.18328]]}},{"type":"Feature","properties":{"nombre":"Avenida Santa Julia (Camino de la Concepción)","jerarquia":4},"geometry":{"type":"LineString","coordinates":[[-70.75517,-34.18328],[-70.75554,-34.18389]]}},{"type":"Feature","properties":{"nombre":"Avenida Santa Julia (Camino de la Concepción)","jerarquia":4},"geometry":{"type":"LineString","coordinates":[[-70.75554,-34.18389],[-70.75576,-34.18422]]}},{"type":"Feature","properties":{"nombre":"Avenida Santa Julia (Camino de la Concepción)","jerarquia":4},"geometry":{"type":"LineString","coordinates":[[-70.75576,-34.18422],[-70.75595,-34.18453]]}},{"type":"Feature","properties":{"nombre":"Avenida Santa Julia (Camino de la Concepción)","jerarquia":4},"geometry":{"type":"LineString","coordinates":[[-70.75595,-34.18453],[-70.7561,-34.18478]]}},{"type":"Feature","properties":{"nombre":"Avenida Santa Julia (Camino de la Concepción)","jerarquia":4},"geometry":{"type":"LineString","coordinates":[[-70.7561,-34.18478],[-70.75637,-34.18521]]}},{"type":"Feature","properties":{"nombre":"Avenida Santa Julia (Camino de la Concepción)","jerarquia":4},"geometry":{"type":"LineString","coordinates":[[-70.75637,-34.18521],[-70.75647,-34.18536]]}},{"type":"Feature","properties":{"nombre":"Avenida Santa Julia (Camino de la Concepción)","jerarquia":4},"geometry":{"type":"LineString","coordinates":[[-70.75647,-34.18536],[-70.75719,-34.18645]]}},{"type":"Feature","properties":{"nombre":"Avenida Santa Julia (Camino de la Concepción)","jerarquia":4},"geometry":{"type":"LineString","coordinates":[[-70.75719,-34.18645],[-70.75826,-34.18807]]}},{"type":"Feature","properties":{"nombre":"Avenida Santa Julia (Camino de la Concepción)","jerarquia":4},"geometry":{"type":"LineString","coordinates":[[-70.75826,-34.18807],[-70.75865,-34.18867]]}},{"type":"Feature","properties":{"nombre":"Diagonal Doñihue","jerarquia":5},"geometry":{"type":"LineString","coordinates":[[-70.75771,-34.17751],[-70.75634,-34.17724]]}},{"type":"Feature","properties":{"nombre":"Diagonal Doñihue","jerarquia":5},"geometry":{"type":"LineString","coordinates":[[-70.75634,-34.17724],[-70.75613,-34.17721]]}},{"type":"Feature","properties":{"nombre":"Avenida General José de San Martín","jerarquia":5},"geometry":{"type":"LineString","coordinates":[[-70.74807,-34.1765],[-70.74788,-34.17556],[-70.74759,-34.17532],[-70.7473,-34.17412]]}},{"type":"Feature","properties":{"nombre":"Avenida General José de San Martín","jerarquia":5},"geometry":{"type":"LineString","coordinates":[[-70.7473,-34.17412],[-70.74728,-34.17402]]}},{"type":"Feature","properties":{"nombre":"Avenida Capitán Ramón Freire","jerarquia":4},"geometry":{"type":"LineString","coordinates":[[-70.73653,-34.17698],[-70.73638,-34.17664]]}},{"type":"Feature","properties":{"nombre":"Avenida Capitán Ramón Freire","jerarquia":4},"geometry":{"type":"LineString","coordinates":[[-70.73638,-34.17664],[-70.73637,-34.17662]]}},{"type":"Feature","properties":{"nombre":"Avenida General José de San Martín","jerarquia":4},"geometry":{"type":"LineString","coordinates":[[-70.74721,-34.17393],[-70.747,-34.17297]]}},{"type":"Feature","properties":{"nombre":"Avenida General José de San Martín","jerarquia":4},"geometry":{"type":"LineString","coordinates":[[-70.747,-34.17297],[-70.74698,-34.17288]]}},{"type":"Feature","properties":{"nombre":"Avenida General José de San Martín","jerarquia":4},"geometry":{"type":"LineString","coordinates":[[-70.74698,-34.17288],[-70.74676,-34.17187]]}},{"type":"Feature","properties":{"nombre":"Avenida General José de San Martín","jerarquia":4},"geometry":{"type":"LineString","coordinates":[[-70.74676,-34.17187],[-70.74675,-34.1718]]}},{"type":"Feature","properties":{"nombre":"Jośe Faure","jerarquia":5},"geometry":{"type":"LineString","coordinates":[[-70.74055,-34.17922],[-70.74087,-34.17971]]}},{"type":"Feature","properties":{"nombre":"Jośe Faure","jerarquia":5},"geometry":{"type":"LineString","coordinates":[[-70.74087,-34.17971],[-70.74108,-34.18002]]}},{"type":"Feature","properties":{"nombre":"Jośe Faure","jerarquia":5},"geometry":{"type":"LineString","coordinates":[[-70.74108,-34.18002],[-70.74132,-34.18037]]}},{"type":"Feature","properties":{"nombre":"Jośe Faure","jerarquia":5},"geometry":{"type":"LineString","coordinates":[[-70.74132,-34.18037],[-70.74153,-34.18068]]}},{"type":"Feature","properties":{"nombre":"Jośe Faure","jerarquia":5},"geometry":{"type":"LineString","coordinates":[[-70.74153,-34.18068],[-70.74178,-34.18109]]}},{"type":"Feature","properties":{"nombre":"Jośe Faure","jerarquia":5},"geometry":{"type":"LineString","coordinates":[[-70.74178,-34.18109],[-70.74206,-34.18146]]}},{"type":"Feature","properties":{"nombre":"Jośe Faure","jerarquia":5},"geometry":{"type":"LineString","coordinates":[[-70.74206,-34.18146],[-70.74229,-34.18181]]}},{"type":"Feature","properties":{"nombre":"Jośe Faure","jerarquia":5},"geometry":{"type":"LineString","coordinates":[[-70.74229,-34.18181],[-70.74251,-34.18214]]}},{"type":"Feature","properties":{"nombre":"Jośe Faure","jerarquia":5},"geometry":{"type":"LineString","coordinates":[[-70.74251,-34.18214],[-70.74276,-34.18251]]}},{"type":"Feature","properties":{"nombre":"Avenida Capitán Ramón Freire","jerarquia":4},"geometry":{"type":"LineString","coordinates":[[-70.7411,-34.18361],[-70.74063,-34.18325]]}},{"type":"Feature","properties":{"nombre":"Avenida Capitán Ramón Freire","jerarquia":4},"geometry":{"type":"LineString","coordinates":[[-70.74063,-34.18325],[-70.74026,-34.18298]]}},{"type":"Feature","properties":{"nombre":"Avenida Capitán Ramón Freire","jerarquia":4},"geometry":{"type":"LineString","coordinates":[[-70.74026,-34.18298],[-70.73993,-34.18273]]}},{"type":"Feature","properties":{"nombre":"Avenida Capitán Ramón Freire","jerarquia":4},"geometry":{"type":"LineString","coordinates":[[-70.73993,-34.18273],[-70.73954,-34.18245]]}},{"type":"Feature","properties":{"nombre":"Avenida Capitán Ramón Freire","jerarquia":4},"geometry":{"type":"LineString","coordinates":[[-70.73954,-34.18245],[-70.73917,-34.18218]]}},{"type":"Feature","properties":{"nombre":"Avenida Capitán Ramón Freire","jerarquia":4},"geometry":{"type":"LineString","coordinates":[[-70.73917,-34.18218],[-70.73882,-34.18192]]}},{"type":"Feature","properties":{"nombre":"Avenida Capitán Ramón Freire","jerarquia":4},"geometry":{"type":"LineString","coordinates":[[-70.73882,-34.18192],[-70.73847,-34.18166]]}},{"type":"Feature","properties":{"nombre":"Avenida Capitán Ramón Freire","jerarquia":4},"geometry":{"type":"LineString","coordinates":[[-70.73847,-34.18166],[-70.73812,-34.1814]]}},{"type":"Feature","properties":{"nombre":"Avenida Capitán Ramón Freire","jerarquia":4},"geometry":{"type":"LineString","coordinates":[[-70.73812,-34.1814],[-70.73765,-34.18105]]}},{"type":"Feature","properties":{"nombre":"General Bulnes","jerarquia":5},"geometry":{"type":"LineString","coordinates":[[-70.73692,-34.18151],[-70.73701,-34.18145]]}},{"type":"Feature","properties":{"nombre":"General Bulnes","jerarquia":5},"geometry":{"type":"LineString","coordinates":[[-70.73701,-34.18145],[-70.73765,-34.18105]]}},{"type":"Feature","properties":{"nombre":"General Bulnes","jerarquia":5},"geometry":{"type":"LineString","coordinates":[[-70.73765,-34.18105],[-70.73803,-34.18082]]}},{"type":"Feature","properties":{"nombre":"General Bulnes","jerarquia":5},"geometry":{"type":"LineString","coordinates":[[-70.73803,-34.18082],[-70.73837,-34.1806]]}},{"type":"Feature","properties":{"nombre":"General Bulnes","jerarquia":5},"geometry":{"type":"LineString","coordinates":[[-70.73837,-34.1806],[-70.73842,-34.18057]]}},{"type":"Feature","properties":{"nombre":"General Bulnes","jerarquia":5},"geometry":{"type":"LineString","coordinates":[[-70.73842,-34.18057],[-70.73886,-34.18029]]}},{"type":"Feature","properties":{"nombre":"General Bulnes","jerarquia":5},"geometry":{"type":"LineString","coordinates":[[-70.73886,-34.18029],[-70.73907,-34.18015]]}},{"type":"Feature","properties":{"nombre":"General Bulnes","jerarquia":5},"geometry":{"type":"LineString","coordinates":[[-70.73907,-34.18015],[-70.73927,-34.18003]]}},{"type":"Feature","properties":{"nombre":"General Bulnes","jerarquia":5},"geometry":{"type":"LineString","coordinates":[[-70.73927,-34.18003],[-70.73978,-34.1797]]}},{"type":"Feature","properties":{"nombre":"Avenida Las Torres","jerarquia":4},"geometry":{"type":"LineString","coordinates":[[-70.74033,-34.18412],[-70.74039,-34.18408]]}},{"type":"Feature","properties":{"nombre":"Paula Jaraquemada","jerarquia":5},"geometry":{"type":"LineString","coordinates":[[-70.73076,-34.17692],[-70.73085,-34.17686]]}},{"type":"Feature","properties":{"nombre":"Paula Jaraquemada","jerarquia":5},"geometry":{"type":"LineString","coordinates":[[-70.73085,-34.17686],[-70.73119,-34.17667]]}},{"type":"Feature","properties":{"nombre":"Paula Jaraquemada","jerarquia":5},"geometry":{"type":"LineString","coordinates":[[-70.73119,-34.17667],[-70.73153,-34.1765]]}},{"type":"Feature","properties":{"nombre":"Paula Jaraquemada","jerarquia":5},"geometry":{"type":"LineString","coordinates":[[-70.73153,-34.1765],[-70.73187,-34.17631]]}},{"type":"Feature","properties":{"nombre":"Paula Jaraquemada","jerarquia":5},"geometry":{"type":"LineString","coordinates":[[-70.73187,-34.17631],[-70.73205,-34.1762]]}},{"type":"Feature","properties":{"nombre":"Paula Jaraquemada","jerarquia":5},"geometry":{"type":"LineString","coordinates":[[-70.73205,-34.1762],[-70.73258,-34.17592]]}},{"type":"Feature","properties":{"nombre":"Paula Jaraquemada","jerarquia":5},"geometry":{"type":"LineString","coordinates":[[-70.73258,-34.17592],[-70.73312,-34.17564]]}},{"type":"Feature","properties":{"nombre":"Paula Jaraquemada","jerarquia":5},"geometry":{"type":"LineString","coordinates":[[-70.73312,-34.17564],[-70.7337,-34.17532]]}},{"type":"Feature","properties":{"nombre":"Paula Jaraquemada","jerarquia":5},"geometry":{"type":"LineString","coordinates":[[-70.7337,-34.17532],[-70.73394,-34.17523],[-70.73461,-34.17511]]}},{"type":"Feature","properties":{"nombre":"Paula Jaraquemada","jerarquia":5},"geometry":{"type":"LineString","coordinates":[[-70.73461,-34.17511],[-70.73531,-34.175]]}},{"type":"Feature","properties":{"nombre":"Paula Jaraquemada","jerarquia":5},"geometry":{"type":"LineString","coordinates":[[-70.73531,-34.175],[-70.73603,-34.1749]]}},{"type":"Feature","properties":{"nombre":"Avenida Capitán Antonio Millán","jerarquia":5},"geometry":{"type":"LineString","coordinates":[[-70.73898,-34.17536],[-70.73959,-34.17526]]}},{"type":"Feature","properties":{"nombre":"Avenida Capitán Antonio Millán","jerarquia":5},"geometry":{"type":"LineString","coordinates":[[-70.73959,-34.17526],[-70.74035,-34.17511]]}},{"type":"Feature","properties":{"nombre":"Avenida Capitán Antonio Millán","jerarquia":5},"geometry":{"type":"LineString","coordinates":[[-70.74035,-34.17511],[-70.74113,-34.17499]]}},{"type":"Feature","properties":{"nombre":"Avenida Illanes","jerarquia":4},"geometry":{"type":"LineString","coordinates":[[-70.73189,-34.15543],[-70.7317,-34.15446]]}},{"type":"Feature","properties":{"nombre":"Avenida Illanes","jerarquia":4},"geometry":{"type":"LineString","coordinates":[[-70.7317,-34.15446],[-70.73158,-34.15391]]}},{"type":"Feature","properties":{"nombre":"Avenida Illanes","jerarquia":4},"geometry":{"type":"LineString","coordinates":[[-70.73051,-34.14834],[-70.73062,-34.14859],[-70.73072,-34.14901]]}},{"type":"Feature","properties":{"nombre":"Avenida Illanes","jerarquia":4},"geometry":{"type":"LineString","coordinates":[[-70.73072,-34.14901],[-70.73086,-34.14969]]}},{"type":"Feature","properties":{"nombre":"Avenida Grecia","jerarquia":5},"geometry":{"type":"LineString","coordinates":[[-70.74413,-34.15872],[-70.74395,-34.15876]]}},{"type":"Feature","properties":{"nombre":"Avenida Grecia","jerarquia":5},"geometry":{"type":"LineString","coordinates":[[-70.74395,-34.15876],[-70.74343,-34.15882]]}},{"type":"Feature","properties":{"nombre":"Avenida Grecia","jerarquia":5},"geometry":{"type":"LineString","coordinates":[[-70.74343,-34.15882],[-70.74289,-34.15888]]}},{"type":"Feature","properties":{"nombre":"Avenida Grecia","jerarquia":5},"geometry":{"type":"LineString","coordinates":[[-70.74289,-34.15888],[-70.74254,-34.15892]]}},{"type":"Feature","properties":{"nombre":"Avenida Grecia","jerarquia":5},"geometry":{"type":"LineString","coordinates":[[-70.74254,-34.15892],[-70.74203,-34.15902]]}},{"type":"Feature","properties":{"nombre":"Avenida Grecia","jerarquia":5},"geometry":{"type":"LineString","coordinates":[[-70.74203,-34.15902],[-70.74153,-34.15924]]}},{"type":"Feature","properties":{"nombre":"Avenida Grecia","jerarquia":5},"geometry":{"type":"LineString","coordinates":[[-70.74153,-34.15924],[-70.74117,-34.15943]]}},{"type":"Feature","properties":{"nombre":"Granada","jerarquia":5},"geometry":{"type":"LineString","coordinates":[[-70.73295,-34.15374],[-70.73343,-34.15368]]}},{"type":"Feature","properties":{"nombre":"Granada","jerarquia":5},"geometry":{"type":"LineString","coordinates":[[-70.73343,-34.15368],[-70.73404,-34.1536]]}},{"type":"Feature","properties":{"nombre":"Granada","jerarquia":5},"geometry":{"type":"LineString","coordinates":[[-70.73404,-34.1536],[-70.73459,-34.15353]]}},{"type":"Feature","properties":{"nombre":"Granada","jerarquia":5},"geometry":{"type":"LineString","coordinates":[[-70.73459,-34.15353],[-70.73516,-34.15346]]}},{"type":"Feature","properties":{"nombre":"Granada","jerarquia":5},"geometry":{"type":"LineString","coordinates":[[-70.73516,-34.15346],[-70.73615,-34.15333]]}},{"type":"Feature","properties":{"nombre":"Granada","jerarquia":5},"geometry":{"type":"LineString","coordinates":[[-70.73615,-34.15333],[-70.73735,-34.15318]]}},{"type":"Feature","properties":{"nombre":"Miraflores","jerarquia":5},"geometry":{"type":"LineString","coordinates":[[-70.7412,-34.15747],[-70.7411,-34.15741],[-70.74105,-34.15725]]}},{"type":"Feature","properties":{"nombre":"Miraflores","jerarquia":5},"geometry":{"type":"LineString","coordinates":[[-70.74105,-34.15725],[-70.74093,-34.1566]]}},{"type":"Feature","properties":{"nombre":"Avenida España","jerarquia":3},"geometry":{"type":"LineString","coordinates":[[-70.74438,-34.16056],[-70.74413,-34.15872]]}},{"type":"Feature","properties":{"nombre":"Avenida Viña del Mar","jerarquia":5},"geometry":{"type":"LineString","coordinates":[[-70.75103,-34.16377],[-70.75067,-34.1624]]}},{"type":"Feature","properties":{"nombre":"Avenida Viña del Mar","jerarquia":5},"geometry":{"type":"LineString","coordinates":[[-70.75067,-34.1624],[-70.75029,-34.16102]]}},{"type":"Feature","properties":{"nombre":"Avenida Viña del Mar","jerarquia":5},"geometry":{"type":"LineString","coordinates":[[-70.75029,-34.16102],[-70.75004,-34.16008]]}},{"type":"Feature","properties":{"nombre":"Avenida Viña del Mar","jerarquia":5},"geometry":{"type":"LineString","coordinates":[[-70.75004,-34.16008],[-70.74987,-34.15948]]}},{"type":"Feature","properties":{"nombre":"Avenida Viña del Mar","jerarquia":5},"geometry":{"type":"LineString","coordinates":[[-70.74987,-34.15948],[-70.74922,-34.1571]]}},{"type":"Feature","properties":{"nombre":"Avenida Viña del Mar","jerarquia":5},"geometry":{"type":"LineString","coordinates":[[-70.74922,-34.1571],[-70.74904,-34.15645]]}},{"type":"Feature","properties":{"nombre":"Avenida Viña del Mar","jerarquia":5},"geometry":{"type":"LineString","coordinates":[[-70.74904,-34.15645],[-70.74826,-34.15356]]}},{"type":"Feature","properties":{"nombre":"Miraflores","jerarquia":5},"geometry":{"type":"LineString","coordinates":[[-70.74153,-34.15924],[-70.74143,-34.15863]]}},{"type":"Feature","properties":{"nombre":"Miraflores","jerarquia":5},"geometry":{"type":"LineString","coordinates":[[-70.74143,-34.15863],[-70.74132,-34.15811]]}},{"type":"Feature","properties":{"nombre":"Miraflores","jerarquia":5},"geometry":{"type":"LineString","coordinates":[[-70.74132,-34.15811],[-70.74124,-34.15766]]}},{"type":"Feature","properties":{"nombre":"Miraflores","jerarquia":5},"geometry":{"type":"LineString","coordinates":[[-70.74124,-34.15766],[-70.7412,-34.15747]]}},{"type":"Feature","properties":{"nombre":"Avenida La Compañía","jerarquia":4},"geometry":{"type":"LineString","coordinates":[[-70.71846,-34.16886],[-70.71854,-34.169],[-70.71889,-34.16936]]}},{"type":"Feature","properties":{"nombre":"Avenida La Compañía","jerarquia":3},"geometry":{"type":"LineString","coordinates":[[-70.70575,-34.15538],[-70.70473,-34.15432]]}},{"type":"Feature","properties":{"nombre":"Avenida La Compañía","jerarquia":3},"geometry":{"type":"LineString","coordinates":[[-70.70473,-34.15432],[-70.70462,-34.1542]]}},{"type":"Feature","properties":{"nombre":"Avenida La Compañía","jerarquia":3},"geometry":{"type":"LineString","coordinates":[[-70.70462,-34.1542],[-70.70338,-34.15289]]}},{"type":"Feature","properties":{"nombre":"Avenida La Compañía","jerarquia":4},"geometry":{"type":"LineString","coordinates":[[-70.7193,-34.17001],[-70.71875,-34.16948]]}},{"type":"Feature","properties":{"nombre":"Avenida La Compañía","jerarquia":4},"geometry":{"type":"LineString","coordinates":[[-70.71875,-34.16948],[-70.7184,-34.16909],[-70.71821,-34.16898]]}},{"type":"Feature","properties":{"nombre":"Avenida Libertador Bernardo O'Higgins","jerarquia":3},"geometry":{"type":"LineString","coordinates":[[-70.71345,-34.17407],[-70.71391,-34.17344]]}},{"type":"Feature","properties":{"nombre":"Avenida Libertador Bernardo O'Higgins","jerarquia":3},"geometry":{"type":"LineString","coordinates":[[-70.71391,-34.17344],[-70.71425,-34.17296]]}},{"type":"Feature","properties":{"nombre":"Avenida Libertador Bernardo O'Higgins","jerarquia":3},"geometry":{"type":"LineString","coordinates":[[-70.71425,-34.17296],[-70.7147,-34.17235]]}},{"type":"Feature","properties":{"nombre":"Avenida Libertador Bernardo O'Higgins","jerarquia":3},"geometry":{"type":"LineString","coordinates":[[-70.7147,-34.17235],[-70.71516,-34.1717]]}},{"type":"Feature","properties":{"nombre":"Avenida Libertador Bernardo O'Higgins","jerarquia":3},"geometry":{"type":"LineString","coordinates":[[-70.71778,-34.16892],[-70.71752,-34.16897],[-70.71727,-34.16925]]}},{"type":"Feature","properties":{"nombre":"Avenida San Juan","jerarquia":3},"geometry":{"type":"LineString","coordinates":[[-70.6965,-34.17648],[-70.69592,-34.17643]]}},{"type":"Feature","properties":{"nombre":"Héctor Zamorano","jerarquia":5},"geometry":{"type":"LineString","coordinates":[[-70.71546,-34.17794],[-70.71599,-34.17763]]}},{"type":"Feature","properties":{"nombre":"Héctor Zamorano","jerarquia":5},"geometry":{"type":"LineString","coordinates":[[-70.71599,-34.17763],[-70.71636,-34.17743],[-70.71673,-34.17735]]}},{"type":"Feature","properties":{"nombre":"Héctor Zamorano","jerarquia":5},"geometry":{"type":"LineString","coordinates":[[-70.71673,-34.17735],[-70.71758,-34.17722]]}},{"type":"Feature","properties":{"nombre":"Héctor Zamorano","jerarquia":5},"geometry":{"type":"LineString","coordinates":[[-70.71758,-34.17722],[-70.71861,-34.17708]]}},{"type":"Feature","properties":{"nombre":"Héctor Zamorano","jerarquia":5},"geometry":{"type":"LineString","coordinates":[[-70.71861,-34.17708],[-70.7192,-34.177]]}},{"type":"Feature","properties":{"nombre":"Héctor Zamorano","jerarquia":5},"geometry":{"type":"LineString","coordinates":[[-70.7192,-34.177],[-70.71947,-34.17696]]}},{"type":"Feature","properties":{"nombre":"Héctor Zamorano","jerarquia":5},"geometry":{"type":"LineString","coordinates":[[-70.71947,-34.17696],[-70.72031,-34.1768]]}},{"type":"Feature","properties":{"nombre":"Enrique Molina","jerarquia":5},"geometry":{"type":"LineString","coordinates":[[-70.71845,-34.18145],[-70.71899,-34.18114]]}},{"type":"Feature","properties":{"nombre":"Enrique Molina","jerarquia":5},"geometry":{"type":"LineString","coordinates":[[-70.71899,-34.18114],[-70.71906,-34.1811]]}},{"type":"Feature","properties":{"nombre":"Enrique Molina","jerarquia":5},"geometry":{"type":"LineString","coordinates":[[-70.71906,-34.1811],[-70.72015,-34.18049]]}},{"type":"Feature","properties":{"nombre":"Enrique Molina","jerarquia":5},"geometry":{"type":"LineString","coordinates":[[-70.72015,-34.18049],[-70.72069,-34.18019]]}},{"type":"Feature","properties":{"nombre":"Enrique Molina","jerarquia":5},"geometry":{"type":"LineString","coordinates":[[-70.72069,-34.18019],[-70.72073,-34.18016]]}},{"type":"Feature","properties":{"nombre":"Enrique Molina","jerarquia":5},"geometry":{"type":"LineString","coordinates":[[-70.72073,-34.18016],[-70.72158,-34.17968]]}},{"type":"Feature","properties":{"nombre":"Enrique Molina","jerarquia":5},"geometry":{"type":"LineString","coordinates":[[-70.72158,-34.17968],[-70.72239,-34.17923]]}},{"type":"Feature","properties":{"nombre":"Avenida San Juan","jerarquia":3},"geometry":{"type":"LineString","coordinates":[[-70.69581,-34.17627],[-70.69597,-34.17631]]}},{"type":"Feature","properties":{"nombre":"Avenida Nueva Einstein","jerarquia":4},"geometry":{"type":"LineString","coordinates":[[-70.71555,-34.17183],[-70.71585,-34.17208]]}},{"type":"Feature","properties":{"nombre":"Avenida Nueva Einstein","jerarquia":4},"geometry":{"type":"LineString","coordinates":[[-70.71585,-34.17208],[-70.71668,-34.17296],[-70.71763,-34.17358]]}},{"type":"Feature","properties":{"nombre":"Avenida Nueva Einstein","jerarquia":4},"geometry":{"type":"LineString","coordinates":[[-70.71648,-34.17293],[-70.71557,-34.17198]]}},{"type":"Feature","properties":{"nombre":"Manuel Montt","jerarquia":3},"geometry":{"type":"LineString","coordinates":[[-70.72574,-34.16759],[-70.72557,-34.16771],[-70.72548,-34.16783]]}},{"type":"Feature","properties":{"nombre":"","jerarquia":2},"geometry":{"type":"LineString","coordinates":[[-70.72697,-34.17019],[-70.72688,-34.17003],[-70.72674,-34.16996],[-70.72659,-34.16998],[-70.72647,-34.17012]]}},{"type":"Feature","properties":{"nombre":"","jerarquia":2},"geometry":{"type":"LineString","coordinates":[[-70.72887,-34.16715],[-70.72872,-34.16733],[-70.72875,-34.16777],[-70.72861,-34.16812],[-70.72843,-34.1683],[-70.72786,-34.16865],[-70.72745,-34.16905],[-70.72724,-34.16938],[-70.72711,-34.16974]]}},{"type":"Feature","properties":{"nombre":"Chorrillos","jerarquia":5},"geometry":{"type":"LineString","coordinates":[[-70.73898,-34.14796],[-70.73893,-34.14773]]}},{"type":"Feature","properties":{"nombre":"Chorrillos","jerarquia":5},"geometry":{"type":"LineString","coordinates":[[-70.73893,-34.14773],[-70.73875,-34.14691]]}},{"type":"Feature","properties":{"nombre":"Chorrillos","jerarquia":5},"geometry":{"type":"LineString","coordinates":[[-70.73875,-34.14691],[-70.73862,-34.14635]]}},{"type":"Feature","properties":{"nombre":"Chorrillos","jerarquia":5},"geometry":{"type":"LineString","coordinates":[[-70.73862,-34.14635],[-70.73852,-34.14592]]}},{"type":"Feature","properties":{"nombre":"Chorrillos","jerarquia":5},"geometry":{"type":"LineString","coordinates":[[-70.73852,-34.14592],[-70.73848,-34.14579]]}},{"type":"Feature","properties":{"nombre":"Chorrillos","jerarquia":5},"geometry":{"type":"LineString","coordinates":[[-70.73848,-34.14579],[-70.73832,-34.14499]]}},{"type":"Feature","properties":{"nombre":"Avenida Camino del Recreo","jerarquia":5},"geometry":{"type":"LineString","coordinates":[[-70.73585,-34.14606],[-70.73583,-34.14597]]}},{"type":"Feature","properties":{"nombre":"Avenida Camino del Recreo","jerarquia":5},"geometry":{"type":"LineString","coordinates":[[-70.73583,-34.14597],[-70.73577,-34.14568]]}},{"type":"Feature","properties":{"nombre":"Avenida Camino del Recreo","jerarquia":5},"geometry":{"type":"LineString","coordinates":[[-70.73577,-34.14568],[-70.73564,-34.14502]]}},{"type":"Feature","properties":{"nombre":"Avenida Camino del Recreo","jerarquia":5},"geometry":{"type":"LineString","coordinates":[[-70.73564,-34.14502],[-70.73552,-34.14437]]}},{"type":"Feature","properties":{"nombre":"Avenida Camino del Recreo","jerarquia":5},"geometry":{"type":"LineString","coordinates":[[-70.73552,-34.14437],[-70.73539,-34.14369]]}},{"type":"Feature","properties":{"nombre":"Avenida Camino del Recreo","jerarquia":5},"geometry":{"type":"LineString","coordinates":[[-70.73539,-34.14369],[-70.73527,-34.14305]]}},{"type":"Feature","properties":{"nombre":"Avenida Camino del Recreo","jerarquia":5},"geometry":{"type":"LineString","coordinates":[[-70.73527,-34.14305],[-70.73524,-34.14289]]}},{"type":"Feature","properties":{"nombre":"Avenida Kennedy","jerarquia":3},"geometry":{"type":"LineString","coordinates":[[-70.73149,-34.13477],[-70.73235,-34.13571]]}},{"type":"Feature","properties":{"nombre":"Avenida Kennedy","jerarquia":3},"geometry":{"type":"LineString","coordinates":[[-70.73235,-34.13571],[-70.73276,-34.13616]]}},{"type":"Feature","properties":{"nombre":"Avenida Kennedy","jerarquia":3},"geometry":{"type":"LineString","coordinates":[[-70.73276,-34.13616],[-70.73334,-34.1368]]}},{"type":"Feature","properties":{"nombre":"Avenida Kennedy","jerarquia":3},"geometry":{"type":"LineString","coordinates":[[-70.73334,-34.1368],[-70.73373,-34.13721]]}},{"type":"Feature","properties":{"nombre":"Avenida Kennedy","jerarquia":3},"geometry":{"type":"LineString","coordinates":[[-70.73373,-34.13721],[-70.73405,-34.13757]]}},{"type":"Feature","properties":{"nombre":"Avenida Kennedy","jerarquia":3},"geometry":{"type":"LineString","coordinates":[[-70.73405,-34.13757],[-70.73492,-34.13852]]}},{"type":"Feature","properties":{"nombre":"Avenida Kennedy","jerarquia":3},"geometry":{"type":"LineString","coordinates":[[-70.73492,-34.13852],[-70.73524,-34.13887]]}},{"type":"Feature","properties":{"nombre":"Avenida Kennedy","jerarquia":3},"geometry":{"type":"LineString","coordinates":[[-70.73524,-34.13887],[-70.7356,-34.13926]]}},{"type":"Feature","properties":{"nombre":"Avenida Kennedy","jerarquia":3},"geometry":{"type":"LineString","coordinates":[[-70.7356,-34.13926],[-70.73569,-34.13936]]}},{"type":"Feature","properties":{"nombre":"Diagonal La Capilla","jerarquia":5},"geometry":{"type":"LineString","coordinates":[[-70.73294,-34.1399],[-70.73267,-34.13988]]}},{"type":"Feature","properties":{"nombre":"Diagonal La Capilla","jerarquia":5},"geometry":{"type":"LineString","coordinates":[[-70.73267,-34.13988],[-70.7324,-34.13987]]}},{"type":"Feature","properties":{"nombre":"Diagonal La Capilla","jerarquia":5},"geometry":{"type":"LineString","coordinates":[[-70.7324,-34.13987],[-70.73187,-34.13984]]}},{"type":"Feature","properties":{"nombre":"Diagonal La Capilla","jerarquia":5},"geometry":{"type":"LineString","coordinates":[[-70.73187,-34.13984],[-70.73082,-34.13979]]}},{"type":"Feature","properties":{"nombre":"Punta del Sol","jerarquia":3},"geometry":{"type":"LineString","coordinates":[[-70.7306,-34.13767],[-70.73084,-34.13752]]}},{"type":"Feature","properties":{"nombre":"Punta del Sol","jerarquia":3},"geometry":{"type":"LineString","coordinates":[[-70.73084,-34.13752],[-70.73247,-34.1365]]}},{"type":"Feature","properties":{"nombre":"Burgos","jerarquia":5},"geometry":{"type":"LineString","coordinates":[[-70.73524,-34.14289],[-70.7346,-34.14309]]}},{"type":"Feature","properties":{"nombre":"Burgos","jerarquia":5},"geometry":{"type":"LineString","coordinates":[[-70.7346,-34.14309],[-70.73412,-34.14328]]}},{"type":"Feature","properties":{"nombre":"Burgos","jerarquia":5},"geometry":{"type":"LineString","coordinates":[[-70.73412,-34.14328],[-70.73364,-34.14344]]}},{"type":"Feature","properties":{"nombre":"Burgos","jerarquia":5},"geometry":{"type":"LineString","coordinates":[[-70.73364,-34.14344],[-70.73318,-34.14361]]}},{"type":"Feature","properties":{"nombre":"Burgos","jerarquia":5},"geometry":{"type":"LineString","coordinates":[[-70.73318,-34.14361],[-70.73271,-34.14378]]}},{"type":"Feature","properties":{"nombre":"Burgos","jerarquia":5},"geometry":{"type":"LineString","coordinates":[[-70.73271,-34.14378],[-70.73221,-34.14396]]}},{"type":"Feature","properties":{"nombre":"Burgos","jerarquia":5},"geometry":{"type":"LineString","coordinates":[[-70.73221,-34.14396],[-70.73174,-34.14413]]}},{"type":"Feature","properties":{"nombre":"Burgos","jerarquia":5},"geometry":{"type":"LineString","coordinates":[[-70.73174,-34.14413],[-70.72907,-34.14493]]}},{"type":"Feature","properties":{"nombre":"","jerarquia":2},"geometry":{"type":"LineString","coordinates":[[-70.72973,-34.13302],[-70.73002,-34.13361],[-70.73006,-34.13417]]}},{"type":"Feature","properties":{"nombre":"Mac-Iver","jerarquia":5},"geometry":{"type":"LineString","coordinates":[[-70.73059,-34.17054],[-70.73033,-34.16938]]}},{"type":"Feature","properties":{"nombre":"Mac-Iver","jerarquia":5},"geometry":{"type":"LineString","coordinates":[[-70.73033,-34.16938],[-70.73014,-34.1686]]}},{"type":"Feature","properties":{"nombre":"Mac-Iver","jerarquia":5},"geometry":{"type":"LineString","coordinates":[[-70.73014,-34.1686],[-70.73013,-34.16844]]}},{"type":"Feature","properties":{"nombre":"Mac-Iver","jerarquia":5},"geometry":{"type":"LineString","coordinates":[[-70.73013,-34.16844],[-70.73016,-34.16828],[-70.73039,-34.16779]]}},{"type":"Feature","properties":{"nombre":"Mac-Iver","jerarquia":5},"geometry":{"type":"LineString","coordinates":[[-70.73039,-34.16779],[-70.73038,-34.16758]]}},{"type":"Feature","properties":{"nombre":"Juan Martínez de Rozas","jerarquia":5},"geometry":{"type":"LineString","coordinates":[[-70.72241,-34.16288],[-70.72106,-34.16308]]}},{"type":"Feature","properties":{"nombre":"Juan Martínez de Rozas","jerarquia":5},"geometry":{"type":"LineString","coordinates":[[-70.72106,-34.16308],[-70.72057,-34.16315]]}},{"type":"Feature","properties":{"nombre":"Juan Martínez de Rozas","jerarquia":5},"geometry":{"type":"LineString","coordinates":[[-70.72057,-34.16315],[-70.72011,-34.16322]]}},{"type":"Feature","properties":{"nombre":"Juan Martínez de Rozas","jerarquia":5},"geometry":{"type":"LineString","coordinates":[[-70.72011,-34.16322],[-70.71945,-34.16332]]}},{"type":"Feature","properties":{"nombre":"Juan Martínez de Rozas","jerarquia":5},"geometry":{"type":"LineString","coordinates":[[-70.71945,-34.16332],[-70.71896,-34.16338]]}},{"type":"Feature","properties":{"nombre":"Juan Martínez de Rozas","jerarquia":5},"geometry":{"type":"LineString","coordinates":[[-70.71896,-34.16338],[-70.7186,-34.16344]]}},{"type":"Feature","properties":{"nombre":"Juan Martínez de Rozas","jerarquia":5},"geometry":{"type":"LineString","coordinates":[[-70.7186,-34.16344],[-70.71843,-34.16346]]}},{"type":"Feature","properties":{"nombre":"Juan Martínez de Rozas","jerarquia":5},"geometry":{"type":"LineString","coordinates":[[-70.71843,-34.16346],[-70.7182,-34.16349]]}},{"type":"Feature","properties":{"nombre":"Juan Martínez de Rozas","jerarquia":5},"geometry":{"type":"LineString","coordinates":[[-70.7182,-34.16349],[-70.71726,-34.16363]]}},{"type":"Feature","properties":{"nombre":"Avenida La Victoria","jerarquia":4},"geometry":{"type":"LineString","coordinates":[[-70.7233,-34.16777],[-70.72338,-34.16759],[-70.72313,-34.16642]]}},{"type":"Feature","properties":{"nombre":"Avenida La Victoria","jerarquia":4},"geometry":{"type":"LineString","coordinates":[[-70.72313,-34.16642],[-70.72304,-34.16599]]}},{"type":"Feature","properties":{"nombre":"Avenida La Victoria","jerarquia":4},"geometry":{"type":"LineString","coordinates":[[-70.72304,-34.16599],[-70.72295,-34.16556]]}},{"type":"Feature","properties":{"nombre":"Avenida La Victoria","jerarquia":4},"geometry":{"type":"LineString","coordinates":[[-70.72295,-34.16556],[-70.72274,-34.16448]]}},{"type":"Feature","properties":{"nombre":"Avenida La Victoria","jerarquia":4},"geometry":{"type":"LineString","coordinates":[[-70.72274,-34.16448],[-70.72265,-34.16405]]}},{"type":"Feature","properties":{"nombre":"Avenida La Victoria","jerarquia":4},"geometry":{"type":"LineString","coordinates":[[-70.72265,-34.16405],[-70.72256,-34.16367]]}},{"type":"Feature","properties":{"nombre":"Avenida La Victoria","jerarquia":4},"geometry":{"type":"LineString","coordinates":[[-70.72256,-34.16367],[-70.72241,-34.16288]]}},{"type":"Feature","properties":{"nombre":"Avenida La Victoria","jerarquia":4},"geometry":{"type":"LineString","coordinates":[[-70.72241,-34.16288],[-70.72228,-34.1624]]}},{"type":"Feature","properties":{"nombre":"Avenida La Victoria","jerarquia":4},"geometry":{"type":"LineString","coordinates":[[-70.72228,-34.1624],[-70.7218,-34.16129]]}},{"type":"Feature","properties":{"nombre":"Avenida La Victoria","jerarquia":4},"geometry":{"type":"LineString","coordinates":[[-70.7218,-34.16129],[-70.72166,-34.16107]]}},{"type":"Feature","properties":{"nombre":"Avenida La Victoria","jerarquia":4},"geometry":{"type":"LineString","coordinates":[[-70.72166,-34.16107],[-70.72101,-34.16014]]}},{"type":"Feature","properties":{"nombre":"Avenida La Victoria","jerarquia":4},"geometry":{"type":"LineString","coordinates":[[-70.72101,-34.16014],[-70.72075,-34.15978]]}},{"type":"Feature","properties":{"nombre":"Avenida La Victoria","jerarquia":4},"geometry":{"type":"LineString","coordinates":[[-70.72075,-34.15978],[-70.72015,-34.15897]]}},{"type":"Feature","properties":{"nombre":"Avenida La Victoria","jerarquia":4},"geometry":{"type":"LineString","coordinates":[[-70.72015,-34.15897],[-70.72012,-34.15893]]}},{"type":"Feature","properties":{"nombre":"Avenida La Victoria","jerarquia":4},"geometry":{"type":"LineString","coordinates":[[-70.72252,-34.16286],[-70.72268,-34.16365]]}},{"type":"Feature","properties":{"nombre":"Avenida La Victoria","jerarquia":4},"geometry":{"type":"LineString","coordinates":[[-70.72268,-34.16365],[-70.72272,-34.16384]]}},{"type":"Feature","properties":{"nombre":"Avenida La Victoria","jerarquia":4},"geometry":{"type":"LineString","coordinates":[[-70.72272,-34.16384],[-70.72281,-34.16425]]}},{"type":"Feature","properties":{"nombre":"Avenida La Victoria","jerarquia":4},"geometry":{"type":"LineString","coordinates":[[-70.72281,-34.16425],[-70.72285,-34.16447]]}},{"type":"Feature","properties":{"nombre":"Avenida La Victoria","jerarquia":4},"geometry":{"type":"LineString","coordinates":[[-70.72285,-34.16447],[-70.72288,-34.16466]]}},{"type":"Feature","properties":{"nombre":"Avenida La Victoria","jerarquia":4},"geometry":{"type":"LineString","coordinates":[[-70.72288,-34.16466],[-70.72306,-34.16554]]}},{"type":"Feature","properties":{"nombre":"Avenida La Victoria","jerarquia":4},"geometry":{"type":"LineString","coordinates":[[-70.72306,-34.16554],[-70.72324,-34.16637]]}},{"type":"Feature","properties":{"nombre":"Avenida La Victoria","jerarquia":4},"geometry":{"type":"LineString","coordinates":[[-70.72324,-34.16637],[-70.72329,-34.1666]]}},{"type":"Feature","properties":{"nombre":"Avenida La Victoria","jerarquia":4},"geometry":{"type":"LineString","coordinates":[[-70.72329,-34.1666],[-70.72348,-34.1676]]}},{"type":"Feature","properties":{"nombre":"Avenida Diego Portales","jerarquia":5},"geometry":{"type":"LineString","coordinates":[[-70.71945,-34.16332],[-70.71922,-34.16214]]}},{"type":"Feature","properties":{"nombre":"Avenida Diego Portales","jerarquia":5},"geometry":{"type":"LineString","coordinates":[[-70.71922,-34.16214],[-70.71912,-34.16164]]}},{"type":"Feature","properties":{"nombre":"Avenida Diego Portales","jerarquia":5},"geometry":{"type":"LineString","coordinates":[[-70.71912,-34.16164],[-70.71901,-34.16109]]}},{"type":"Feature","properties":{"nombre":"Avenida Diego Portales","jerarquia":5},"geometry":{"type":"LineString","coordinates":[[-70.71901,-34.16109],[-70.7189,-34.16051]]}},{"type":"Feature","properties":{"nombre":"Avenida Diego Portales","jerarquia":5},"geometry":{"type":"LineString","coordinates":[[-70.7189,-34.16051],[-70.71888,-34.16042]]}},{"type":"Feature","properties":{"nombre":"Avenida Diego Portales","jerarquia":5},"geometry":{"type":"LineString","coordinates":[[-70.71888,-34.16042],[-70.7188,-34.16004]]}},{"type":"Feature","properties":{"nombre":"Avenida Diego Portales","jerarquia":5},"geometry":{"type":"LineString","coordinates":[[-70.7188,-34.16004],[-70.71841,-34.15935]]}},{"type":"Feature","properties":{"nombre":"Manuel Montt","jerarquia":3},"geometry":{"type":"LineString","coordinates":[[-70.72522,-34.16751],[-70.72545,-34.16738],[-70.72553,-34.16724]]}},{"type":"Feature","properties":{"nombre":"Avenida El Parque","jerarquia":5},"geometry":{"type":"LineString","coordinates":[[-70.70155,-34.17591],[-70.70146,-34.17579]]}},{"type":"Feature","properties":{"nombre":"San Joaquín","jerarquia":5},"geometry":{"type":"LineString","coordinates":[[-70.70931,-34.18015],[-70.70906,-34.17987]]}},{"type":"Feature","properties":{"nombre":"San Joaquín","jerarquia":5},"geometry":{"type":"LineString","coordinates":[[-70.70906,-34.17987],[-70.70895,-34.17973]]}},{"type":"Feature","properties":{"nombre":"San Joaquín","jerarquia":5},"geometry":{"type":"LineString","coordinates":[[-70.70895,-34.17973],[-70.70863,-34.17943]]}},{"type":"Feature","properties":{"nombre":"San Joaquín","jerarquia":5},"geometry":{"type":"LineString","coordinates":[[-70.70863,-34.17943],[-70.70834,-34.17914]]}},{"type":"Feature","properties":{"nombre":"San Joaquín","jerarquia":5},"geometry":{"type":"LineString","coordinates":[[-70.70834,-34.17914],[-70.70826,-34.17906]]}},{"type":"Feature","properties":{"nombre":"San Joaquín","jerarquia":5},"geometry":{"type":"LineString","coordinates":[[-70.70826,-34.17906],[-70.70645,-34.17729]]}},{"type":"Feature","properties":{"nombre":"San Joaquín","jerarquia":5},"geometry":{"type":"LineString","coordinates":[[-70.70645,-34.17729],[-70.70632,-34.17715]]}},{"type":"Feature","properties":{"nombre":"San Joaquín","jerarquia":5},"geometry":{"type":"LineString","coordinates":[[-70.70632,-34.17715],[-70.70463,-34.17546]]}},{"type":"Feature","properties":{"nombre":"Avenida Bombero Domingo Villalobos","jerarquia":4},"geometry":{"type":"LineString","coordinates":[[-70.72363,-34.18835],[-70.72285,-34.18721]]}},{"type":"Feature","properties":{"nombre":"Avenida Bombero Domingo Villalobos","jerarquia":4},"geometry":{"type":"LineString","coordinates":[[-70.72285,-34.18721],[-70.72246,-34.18662]]}},{"type":"Feature","properties":{"nombre":"Avenida Bombero Domingo Villalobos","jerarquia":5},"geometry":{"type":"LineString","coordinates":[[-70.70593,-34.16737],[-70.70625,-34.16772]]}},{"type":"Feature","properties":{"nombre":"","jerarquia":4},"geometry":{"type":"LineString","coordinates":[[-70.7189,-34.17356],[-70.71879,-34.17362],[-70.71866,-34.17378]]}},{"type":"Feature","properties":{"nombre":"","jerarquia":4},"geometry":{"type":"LineString","coordinates":[[-70.71866,-34.17378],[-70.71865,-34.17406]]}},{"type":"Feature","properties":{"nombre":"Avenida Javiera Carrera","jerarquia":4},"geometry":{"type":"LineString","coordinates":[[-70.73119,-34.18345],[-70.73067,-34.18374]]}},{"type":"Feature","properties":{"nombre":"Avenida Javiera Carrera","jerarquia":4},"geometry":{"type":"LineString","coordinates":[[-70.73067,-34.18374],[-70.73024,-34.18398]]}},{"type":"Feature","properties":{"nombre":"Avenida Javiera Carrera","jerarquia":4},"geometry":{"type":"LineString","coordinates":[[-70.73024,-34.18398],[-70.72982,-34.18421]]}},{"type":"Feature","properties":{"nombre":"Avenida Javiera Carrera","jerarquia":4},"geometry":{"type":"LineString","coordinates":[[-70.72982,-34.18421],[-70.72968,-34.18429]]}},{"type":"Feature","properties":{"nombre":"Avenida Javiera Carrera","jerarquia":4},"geometry":{"type":"LineString","coordinates":[[-70.72968,-34.18429],[-70.72943,-34.18443]]}},{"type":"Feature","properties":{"nombre":"Avenida Javiera Carrera","jerarquia":4},"geometry":{"type":"LineString","coordinates":[[-70.72943,-34.18443],[-70.72937,-34.18446]]}},{"type":"Feature","properties":{"nombre":"Avenida Javiera Carrera","jerarquia":4},"geometry":{"type":"LineString","coordinates":[[-70.72937,-34.18446],[-70.729,-34.18467]]}},{"type":"Feature","properties":{"nombre":"Avenida Javiera Carrera","jerarquia":4},"geometry":{"type":"LineString","coordinates":[[-70.729,-34.18467],[-70.72858,-34.1849]]}},{"type":"Feature","properties":{"nombre":"Avenida Javiera Carrera","jerarquia":4},"geometry":{"type":"LineString","coordinates":[[-70.72858,-34.1849],[-70.72824,-34.18509]]}},{"type":"Feature","properties":{"nombre":"Avenida Javiera Carrera","jerarquia":4},"geometry":{"type":"LineString","coordinates":[[-70.72824,-34.18509],[-70.72801,-34.18522]]}},{"type":"Feature","properties":{"nombre":"El Rabanal","jerarquia":5},"geometry":{"type":"LineString","coordinates":[[-70.72873,-34.18781],[-70.72843,-34.18731]]}},{"type":"Feature","properties":{"nombre":"El Rabanal","jerarquia":5},"geometry":{"type":"LineString","coordinates":[[-70.72843,-34.18731],[-70.72822,-34.18686],[-70.72805,-34.18631]]}},{"type":"Feature","properties":{"nombre":"El Rabanal","jerarquia":5},"geometry":{"type":"LineString","coordinates":[[-70.72805,-34.18631],[-70.72802,-34.18622]]}},{"type":"Feature","properties":{"nombre":"El Rabanal","jerarquia":5},"geometry":{"type":"LineString","coordinates":[[-70.72802,-34.18622],[-70.72801,-34.18522]]}},{"type":"Feature","properties":{"nombre":"El Rabanal","jerarquia":5},"geometry":{"type":"LineString","coordinates":[[-70.72801,-34.18522],[-70.72795,-34.18463],[-70.72808,-34.18432]]}},{"type":"Feature","properties":{"nombre":"El Rabanal","jerarquia":5},"geometry":{"type":"LineString","coordinates":[[-70.72808,-34.18432],[-70.72841,-34.18397]]}},{"type":"Feature","properties":{"nombre":"El Rabanal","jerarquia":5},"geometry":{"type":"LineString","coordinates":[[-70.72841,-34.18397],[-70.72942,-34.18305],[-70.73029,-34.18217]]}},{"type":"Feature","properties":{"nombre":"El Rabanal","jerarquia":5},"geometry":{"type":"LineString","coordinates":[[-70.73029,-34.18217],[-70.73036,-34.18212]]}},{"type":"Feature","properties":{"nombre":"El Rabanal","jerarquia":5},"geometry":{"type":"LineString","coordinates":[[-70.73082,-34.19044],[-70.7307,-34.19043],[-70.72976,-34.19008],[-70.72933,-34.18986],[-70.7292,-34.18973]]}},{"type":"Feature","properties":{"nombre":"El Rabanal","jerarquia":5},"geometry":{"type":"LineString","coordinates":[[-70.7292,-34.18973],[-70.72909,-34.18942],[-70.72905,-34.18867],[-70.72896,-34.18846]]}},{"type":"Feature","properties":{"nombre":"El Rabanal","jerarquia":5},"geometry":{"type":"LineString","coordinates":[[-70.72896,-34.18846],[-70.72873,-34.18781]]}},{"type":"Feature","properties":{"nombre":"Eusebio Lillo","jerarquia":5},"geometry":{"type":"LineString","coordinates":[[-70.73119,-34.18345],[-70.73057,-34.18257]]}},{"type":"Feature","properties":{"nombre":"Eusebio Lillo","jerarquia":5},"geometry":{"type":"LineString","coordinates":[[-70.73057,-34.18257],[-70.73029,-34.18217]]}},{"type":"Feature","properties":{"nombre":"Eusebio Lillo","jerarquia":5},"geometry":{"type":"LineString","coordinates":[[-70.73029,-34.18217],[-70.72965,-34.18109]]}},{"type":"Feature","properties":{"nombre":"Eusebio Lillo","jerarquia":5},"geometry":{"type":"LineString","coordinates":[[-70.72965,-34.18109],[-70.72963,-34.18105]]}},{"type":"Feature","properties":{"nombre":"Héctor Zamorano","jerarquia":5},"geometry":{"type":"LineString","coordinates":[[-70.70927,-34.1816],[-70.7093,-34.1815]]}},{"type":"Feature","properties":{"nombre":"Avenida Central Santiago Benadava Cattan","jerarquia":5},"geometry":{"type":"LineString","coordinates":[[-70.71677,-34.18288],[-70.71702,-34.18315]]}},{"type":"Feature","properties":{"nombre":"Avenida Central Santiago Benadava Cattan","jerarquia":5},"geometry":{"type":"LineString","coordinates":[[-70.71702,-34.18315],[-70.71723,-34.18342]]}},{"type":"Feature","properties":{"nombre":"Avenida Central","jerarquia":5},"geometry":{"type":"LineString","coordinates":[[-70.71941,-34.18658],[-70.71874,-34.18583]]}},{"type":"Feature","properties":{"nombre":"Avenida Central","jerarquia":5},"geometry":{"type":"LineString","coordinates":[[-70.71874,-34.18583],[-70.71746,-34.18445]]}},{"type":"Feature","properties":{"nombre":"Avenida Central","jerarquia":5},"geometry":{"type":"LineString","coordinates":[[-70.71746,-34.18445],[-70.71692,-34.18375]]}},{"type":"Feature","properties":{"nombre":"Venus","jerarquia":5},"geometry":{"type":"LineString","coordinates":[[-70.70219,-34.15735],[-70.70242,-34.1576]]}},{"type":"Feature","properties":{"nombre":"Venus","jerarquia":5},"geometry":{"type":"LineString","coordinates":[[-70.70242,-34.1576],[-70.70281,-34.15801]]}},{"type":"Feature","properties":{"nombre":"Venus","jerarquia":5},"geometry":{"type":"LineString","coordinates":[[-70.70281,-34.15801],[-70.70313,-34.15835]]}},{"type":"Feature","properties":{"nombre":"Venus","jerarquia":5},"geometry":{"type":"LineString","coordinates":[[-70.70313,-34.15835],[-70.70353,-34.15877]]}},{"type":"Feature","properties":{"nombre":"Venus","jerarquia":5},"geometry":{"type":"LineString","coordinates":[[-70.70353,-34.15877],[-70.70387,-34.15913]]}},{"type":"Feature","properties":{"nombre":"Venus","jerarquia":5},"geometry":{"type":"LineString","coordinates":[[-70.70387,-34.15913],[-70.704,-34.15927]]}},{"type":"Feature","properties":{"nombre":"Venus","jerarquia":5},"geometry":{"type":"LineString","coordinates":[[-70.704,-34.15927],[-70.70412,-34.15939]]}},{"type":"Feature","properties":{"nombre":"Venus","jerarquia":5},"geometry":{"type":"LineString","coordinates":[[-70.70412,-34.15939],[-70.70417,-34.15945]]}},{"type":"Feature","properties":{"nombre":"Venus","jerarquia":5},"geometry":{"type":"LineString","coordinates":[[-70.70417,-34.15945],[-70.70448,-34.15978]]}},{"type":"Feature","properties":{"nombre":"Venus","jerarquia":5},"geometry":{"type":"LineString","coordinates":[[-70.70448,-34.15978],[-70.70475,-34.16006]]}},{"type":"Feature","properties":{"nombre":"Venus","jerarquia":5},"geometry":{"type":"LineString","coordinates":[[-70.70475,-34.16006],[-70.70479,-34.16011]]}},{"type":"Feature","properties":{"nombre":"Venus","jerarquia":5},"geometry":{"type":"LineString","coordinates":[[-70.70479,-34.16011],[-70.70509,-34.16042]]}},{"type":"Feature","properties":{"nombre":"Venus","jerarquia":5},"geometry":{"type":"LineString","coordinates":[[-70.70509,-34.16042],[-70.7054,-34.16076]]}},{"type":"Feature","properties":{"nombre":"Venus","jerarquia":5},"geometry":{"type":"LineString","coordinates":[[-70.7054,-34.16076],[-70.70555,-34.1609]]}},{"type":"Feature","properties":{"nombre":"Dorado","jerarquia":5},"geometry":{"type":"LineString","coordinates":[[-70.70681,-34.15653],[-70.70675,-34.15657]]}},{"type":"Feature","properties":{"nombre":"Dorado","jerarquia":5},"geometry":{"type":"LineString","coordinates":[[-70.70675,-34.15657],[-70.70593,-34.15713]]}},{"type":"Feature","properties":{"nombre":"Dorado","jerarquia":5},"geometry":{"type":"LineString","coordinates":[[-70.70593,-34.15713],[-70.70548,-34.15741]]}},{"type":"Feature","properties":{"nombre":"Dorado","jerarquia":5},"geometry":{"type":"LineString","coordinates":[[-70.70548,-34.15741],[-70.70508,-34.15768]]}},{"type":"Feature","properties":{"nombre":"Dorado","jerarquia":5},"geometry":{"type":"LineString","coordinates":[[-70.70508,-34.15768],[-70.70469,-34.15794]]}},{"type":"Feature","properties":{"nombre":"Dorado","jerarquia":5},"geometry":{"type":"LineString","coordinates":[[-70.70469,-34.15794],[-70.70433,-34.15823]]}},{"type":"Feature","properties":{"nombre":"Dorado","jerarquia":5},"geometry":{"type":"LineString","coordinates":[[-70.70433,-34.15823],[-70.70395,-34.15849]]}},{"type":"Feature","properties":{"nombre":"Dorado","jerarquia":5},"geometry":{"type":"LineString","coordinates":[[-70.70395,-34.15849],[-70.70353,-34.15877]]}},{"type":"Feature","properties":{"nombre":"Avenida República de Uruguay","jerarquia":4},"geometry":{"type":"LineString","coordinates":[[-70.71514,-34.17158],[-70.71472,-34.17113]]}},{"type":"Feature","properties":{"nombre":"Avenida República de Uruguay","jerarquia":4},"geometry":{"type":"LineString","coordinates":[[-70.71472,-34.17113],[-70.71443,-34.17081]]}},{"type":"Feature","properties":{"nombre":"Avenida República de Uruguay","jerarquia":4},"geometry":{"type":"LineString","coordinates":[[-70.71443,-34.17081],[-70.71335,-34.16961]]}},{"type":"Feature","properties":{"nombre":"Capricornio","jerarquia":5},"geometry":{"type":"LineString","coordinates":[[-70.70517,-34.16653],[-70.70556,-34.16697]]}},{"type":"Feature","properties":{"nombre":"Capricornio","jerarquia":5},"geometry":{"type":"LineString","coordinates":[[-70.70556,-34.16697],[-70.70593,-34.16737]]}},{"type":"Feature","properties":{"nombre":"Santiago","jerarquia":5},"geometry":{"type":"LineString","coordinates":[[-70.69592,-34.1635],[-70.69629,-34.16388]]}},{"type":"Feature","properties":{"nombre":"Santiago","jerarquia":5},"geometry":{"type":"LineString","coordinates":[[-70.69629,-34.16388],[-70.69652,-34.16413]]}},{"type":"Feature","properties":{"nombre":"Santiago","jerarquia":5},"geometry":{"type":"LineString","coordinates":[[-70.69652,-34.16413],[-70.69684,-34.16446]]}},{"type":"Feature","properties":{"nombre":"Santiago","jerarquia":5},"geometry":{"type":"LineString","coordinates":[[-70.69684,-34.16446],[-70.69713,-34.16476]]}},{"type":"Feature","properties":{"nombre":"Santiago","jerarquia":5},"geometry":{"type":"LineString","coordinates":[[-70.69713,-34.16476],[-70.69744,-34.16507]]}},{"type":"Feature","properties":{"nombre":"Santiago","jerarquia":5},"geometry":{"type":"LineString","coordinates":[[-70.69744,-34.16507],[-70.69768,-34.16532]]}},{"type":"Feature","properties":{"nombre":"Venus","jerarquia":5},"geometry":{"type":"LineString","coordinates":[[-70.70654,-34.16195],[-70.70717,-34.16262]]}},{"type":"Feature","properties":{"nombre":"Avenida República de Chile","jerarquia":3},"geometry":{"type":"LineString","coordinates":[[-70.71178,-34.16177],[-70.71091,-34.16205],[-70.70954,-34.16224],[-70.70879,-34.16244],[-70.70841,-34.16258],[-70.70766,-34.16301]]}},{"type":"Feature","properties":{"nombre":"Los Talaveras","jerarquia":5},"geometry":{"type":"LineString","coordinates":[[-70.71381,-34.16087],[-70.71377,-34.16079]]}},{"type":"Feature","properties":{"nombre":"Los Talaveras","jerarquia":5},"geometry":{"type":"LineString","coordinates":[[-70.71377,-34.16079],[-70.71372,-34.16071]]}},{"type":"Feature","properties":{"nombre":"Los Talaveras","jerarquia":5},"geometry":{"type":"LineString","coordinates":[[-70.71372,-34.16071],[-70.71345,-34.1602]]}},{"type":"Feature","properties":{"nombre":"Los Talaveras","jerarquia":5},"geometry":{"type":"LineString","coordinates":[[-70.71345,-34.1602],[-70.71321,-34.15973]]}},{"type":"Feature","properties":{"nombre":"Los Talaveras","jerarquia":5},"geometry":{"type":"LineString","coordinates":[[-70.71321,-34.15973],[-70.71282,-34.15898]]}},{"type":"Feature","properties":{"nombre":"Los Talaveras","jerarquia":5},"geometry":{"type":"LineString","coordinates":[[-70.71282,-34.15898],[-70.71227,-34.15794]]}},{"type":"Feature","properties":{"nombre":"Los Talaveras","jerarquia":5},"geometry":{"type":"LineString","coordinates":[[-70.71227,-34.15794],[-70.71215,-34.1577]]}},{"type":"Feature","properties":{"nombre":"Los Talaveras","jerarquia":5},"geometry":{"type":"LineString","coordinates":[[-70.71215,-34.1577],[-70.71179,-34.15703]]}},{"type":"Feature","properties":{"nombre":"Los Talaveras","jerarquia":5},"geometry":{"type":"LineString","coordinates":[[-70.71179,-34.15703],[-70.7117,-34.1569]]}},{"type":"Feature","properties":{"nombre":"Antonio Garfias","jerarquia":5},"geometry":{"type":"LineString","coordinates":[[-70.71872,-34.15683],[-70.71855,-34.15688]]}},{"type":"Feature","properties":{"nombre":"Antonio Garfias","jerarquia":5},"geometry":{"type":"LineString","coordinates":[[-70.71855,-34.15688],[-70.71817,-34.15702]]}},{"type":"Feature","properties":{"nombre":"Antonio Garfias","jerarquia":5},"geometry":{"type":"LineString","coordinates":[[-70.71817,-34.15702],[-70.71782,-34.15717]]}},{"type":"Feature","properties":{"nombre":"Antonio Garfias","jerarquia":5},"geometry":{"type":"LineString","coordinates":[[-70.71782,-34.15717],[-70.71745,-34.1573]]}},{"type":"Feature","properties":{"nombre":"Antonio Garfias","jerarquia":5},"geometry":{"type":"LineString","coordinates":[[-70.71745,-34.1573],[-70.71708,-34.15742]]}},{"type":"Feature","properties":{"nombre":"Antonio Garfias","jerarquia":5},"geometry":{"type":"LineString","coordinates":[[-70.71708,-34.15742],[-70.7167,-34.15756]]}},{"type":"Feature","properties":{"nombre":"Antonio Garfias","jerarquia":5},"geometry":{"type":"LineString","coordinates":[[-70.7167,-34.15756],[-70.71623,-34.15771]]}},{"type":"Feature","properties":{"nombre":"Antonio Garfias","jerarquia":5},"geometry":{"type":"LineString","coordinates":[[-70.71623,-34.15771],[-70.71566,-34.1579]]}},{"type":"Feature","properties":{"nombre":"Antonio Garfias","jerarquia":5},"geometry":{"type":"LineString","coordinates":[[-70.71566,-34.1579],[-70.71516,-34.1581]]}},{"type":"Feature","properties":{"nombre":"Antonio Garfias","jerarquia":5},"geometry":{"type":"LineString","coordinates":[[-70.71516,-34.1581],[-70.71463,-34.15829]]}},{"type":"Feature","properties":{"nombre":"Antonio Garfias","jerarquia":5},"geometry":{"type":"LineString","coordinates":[[-70.71463,-34.15829],[-70.71415,-34.15847]]}},{"type":"Feature","properties":{"nombre":"Antonio Garfias","jerarquia":5},"geometry":{"type":"LineString","coordinates":[[-70.71415,-34.15847],[-70.71372,-34.15865]]}},{"type":"Feature","properties":{"nombre":"Antonio Garfias","jerarquia":5},"geometry":{"type":"LineString","coordinates":[[-70.71372,-34.15865],[-70.71329,-34.15881]]}},{"type":"Feature","properties":{"nombre":"Antonio Garfias","jerarquia":5},"geometry":{"type":"LineString","coordinates":[[-70.71329,-34.15881],[-70.71282,-34.15898]]}},{"type":"Feature","properties":{"nombre":"Avenida La Victoria","jerarquia":5},"geometry":{"type":"LineString","coordinates":[[-70.71695,-34.15341],[-70.71692,-34.15325]]}},{"type":"Feature","properties":{"nombre":"Avenida La Victoria","jerarquia":5},"geometry":{"type":"LineString","coordinates":[[-70.71692,-34.15325],[-70.71689,-34.15308]]}},{"type":"Feature","properties":{"nombre":"Avenida La Victoria","jerarquia":5},"geometry":{"type":"LineString","coordinates":[[-70.71653,-34.15095],[-70.7168,-34.15216]]}},{"type":"Feature","properties":{"nombre":"Avenida La Victoria","jerarquia":5},"geometry":{"type":"LineString","coordinates":[[-70.7168,-34.15216],[-70.71699,-34.15305]]}},{"type":"Feature","properties":{"nombre":"Ruta 5 Sur","jerarquia":1},"geometry":{"type":"LineString","coordinates":[[-70.79037,-34.17935],[-70.79324,-34.16883],[-70.7935,-34.16771],[-70.79374,-34.16593],[-70.79383,-34.16456],[-70.79381,-34.16295],[-70.79365,-34.16146],[-70.79312,-34.15898],[-70.79284,-34.15806],[-70.79245,-34.15703],[-70.7877,-34.14686],[-70.78725,-34.14575],[-70.78683,-34.14446],[-70.78088,-34.11974],[-70.78064,-34.11839],[-70.78046,-34.11683],[-70.78023,-34.11269]]}},{"type":"Feature","properties":{"nombre":"Camino Chacón","jerarquia":5},"geometry":{"type":"LineString","coordinates":[[-70.78075,-34.11426],[-70.78362,-34.11382]]}},{"type":"Feature","properties":{"nombre":"Camino Chacón","jerarquia":5},"geometry":{"type":"LineString","coordinates":[[-70.78362,-34.11382],[-70.78394,-34.11377]]}},{"type":"Feature","properties":{"nombre":"Camino Chacón","jerarquia":5},"geometry":{"type":"LineString","coordinates":[[-70.78007,-34.11437],[-70.78075,-34.11426]]}},{"type":"Feature","properties":{"nombre":"La Gonzalina","jerarquia":5},"geometry":{"type":"LineString","coordinates":[[-70.78508,-34.13818],[-70.78576,-34.13801]]}},{"type":"Feature","properties":{"nombre":"Santa Elena","jerarquia":5},"geometry":{"type":"LineString","coordinates":[[-70.78776,-34.14579],[-70.82218,-34.13789]]}},{"type":"Feature","properties":{"nombre":"Santa Elena","jerarquia":5},"geometry":{"type":"LineString","coordinates":[[-70.82218,-34.13789],[-70.82341,-34.1376]]}},{"type":"Feature","properties":{"nombre":"Santa Elena","jerarquia":5},"geometry":{"type":"LineString","coordinates":[[-70.82341,-34.1376],[-70.82425,-34.13741]]}},{"type":"Feature","properties":{"nombre":"Santa Elena","jerarquia":5},"geometry":{"type":"LineString","coordinates":[[-70.82425,-34.13741],[-70.82495,-34.13728]]}},{"type":"Feature","properties":{"nombre":"Santa Elena","jerarquia":5},"geometry":{"type":"LineString","coordinates":[[-70.82495,-34.13728],[-70.82666,-34.13689]]}},{"type":"Feature","properties":{"nombre":"Santa Elena","jerarquia":5},"geometry":{"type":"LineString","coordinates":[[-70.82666,-34.13689],[-70.82699,-34.13682]]}},{"type":"Feature","properties":{"nombre":"Santa Elena","jerarquia":5},"geometry":{"type":"LineString","coordinates":[[-70.82699,-34.13682],[-70.82864,-34.13644]]}},{"type":"Feature","properties":{"nombre":"Santa Elena","jerarquia":5},"geometry":{"type":"LineString","coordinates":[[-70.82864,-34.13644],[-70.83284,-34.13548]]}},{"type":"Feature","properties":{"nombre":"Santa Elena","jerarquia":5},"geometry":{"type":"LineString","coordinates":[[-70.83284,-34.13548],[-70.83384,-34.13525]]}},{"type":"Feature","properties":{"nombre":"Santa Elena","jerarquia":5},"geometry":{"type":"LineString","coordinates":[[-70.83384,-34.13525],[-70.83487,-34.13502]]}},{"type":"Feature","properties":{"nombre":"Santa Elena","jerarquia":5},"geometry":{"type":"LineString","coordinates":[[-70.83487,-34.13502],[-70.83531,-34.13492]]}},{"type":"Feature","properties":{"nombre":"Santa Elena","jerarquia":5},"geometry":{"type":"LineString","coordinates":[[-70.83531,-34.13492],[-70.83994,-34.13387]]}},{"type":"Feature","properties":{"nombre":"Santa Elena","jerarquia":5},"geometry":{"type":"LineString","coordinates":[[-70.83994,-34.13387],[-70.84216,-34.13334]]}},{"type":"Feature","properties":{"nombre":"Santa Elena","jerarquia":5},"geometry":{"type":"LineString","coordinates":[[-70.7871,-34.14595],[-70.78776,-34.14579]]}},{"type":"Feature","properties":{"nombre":"Camino San Ramón","jerarquia":5},"geometry":{"type":"LineString","coordinates":[[-70.79346,-34.16127],[-70.79401,-34.16114]]}},{"type":"Feature","properties":{"nombre":"Avenida Libertador Bernardo O'Higgins","jerarquia":3},"geometry":{"type":"LineString","coordinates":[[-70.71857,-34.1684],[-70.71881,-34.16848],[-70.72048,-34.16822]]}},{"type":"Feature","properties":{"nombre":"Avenida Libertador Bernardo O'Higgins","jerarquia":3},"geometry":{"type":"LineString","coordinates":[[-70.72048,-34.16822],[-70.72319,-34.16779]]}},{"type":"Feature","properties":{"nombre":"Avenida Libertador Bernardo O'Higgins","jerarquia":3},"geometry":{"type":"LineString","coordinates":[[-70.72319,-34.16779],[-70.7233,-34.16777]]}},{"type":"Feature","properties":{"nombre":"Oficial Agustín Almarza","jerarquia":5},"geometry":{"type":"LineString","coordinates":[[-70.73963,-34.17915],[-70.73955,-34.17866]]}},{"type":"Feature","properties":{"nombre":"Oficial Agustín Almarza","jerarquia":5},"geometry":{"type":"LineString","coordinates":[[-70.73955,-34.17866],[-70.73906,-34.17577]]}},{"type":"Feature","properties":{"nombre":"Oficial Agustín Almarza","jerarquia":5},"geometry":{"type":"LineString","coordinates":[[-70.73906,-34.17577],[-70.73904,-34.17568]]}},{"type":"Feature","properties":{"nombre":"","jerarquia":1},"geometry":{"type":"LineString","coordinates":[[-70.78831,-34.18283],[-70.78792,-34.18286],[-70.78783,-34.18292],[-70.78778,-34.18303],[-70.78781,-34.18316],[-70.78827,-34.18363],[-70.78851,-34.18377],[-70.78876,-34.18379],[-70.78896,-34.18371],[-70.78912,-34.18355]]}},{"type":"Feature","properties":{"nombre":"","jerarquia":1},"geometry":{"type":"LineString","coordinates":[[-70.78912,-34.18355],[-70.78928,-34.18325]]}},{"type":"Feature","properties":{"nombre":"","jerarquia":1},"geometry":{"type":"LineString","coordinates":[[-70.79062,-34.17926],[-70.79051,-34.18018],[-70.79054,-34.18053],[-70.79064,-34.1809]]}},{"type":"Feature","properties":{"nombre":"","jerarquia":2},"geometry":{"type":"LineString","coordinates":[[-70.72724,-34.1679],[-70.72737,-34.16822],[-70.72764,-34.1684],[-70.72796,-34.16841],[-70.72833,-34.16826],[-70.72856,-34.16801],[-70.72865,-34.16775],[-70.7286,-34.16739],[-70.72838,-34.16719]]}},{"type":"Feature","properties":{"nombre":"Manuel Montt","jerarquia":4},"geometry":{"type":"LineString","coordinates":[[-70.72647,-34.17012],[-70.72645,-34.17033]]}},{"type":"Feature","properties":{"nombre":"Manuel Montt","jerarquia":4},"geometry":{"type":"LineString","coordinates":[[-70.72645,-34.17033],[-70.72641,-34.17101]]}},{"type":"Feature","properties":{"nombre":"Manuel Montt","jerarquia":4},"geometry":{"type":"LineString","coordinates":[[-70.72641,-34.17101],[-70.72634,-34.17215],[-70.72638,-34.17224]]}},{"type":"Feature","properties":{"nombre":"","jerarquia":2},"geometry":{"type":"LineString","coordinates":[[-70.72698,-34.17001],[-70.72688,-34.16973],[-70.72662,-34.16956]]}},{"type":"Feature","properties":{"nombre":"Avenida Capitán Ramón Freire","jerarquia":3},"geometry":{"type":"LineString","coordinates":[[-70.73438,-34.1661],[-70.73444,-34.16642]]}},{"type":"Feature","properties":{"nombre":"Avenida Capitán Ramón Freire","jerarquia":3},"geometry":{"type":"LineString","coordinates":[[-70.73444,-34.16642],[-70.73445,-34.16647]]}},{"type":"Feature","properties":{"nombre":"Vicente Calvo","jerarquia":4},"geometry":{"type":"LineString","coordinates":[[-70.75255,-34.17322],[-70.75225,-34.17209]]}},{"type":"Feature","properties":{"nombre":"Vicente Calvo","jerarquia":4},"geometry":{"type":"LineString","coordinates":[[-70.75225,-34.17209],[-70.75197,-34.17103]]}},{"type":"Feature","properties":{"nombre":"Vicente Calvo","jerarquia":4},"geometry":{"type":"LineString","coordinates":[[-70.75197,-34.17103],[-70.75168,-34.16994]]}},{"type":"Feature","properties":{"nombre":"Ruta Travesía","jerarquia":2},"geometry":{"type":"LineString","coordinates":[[-70.72727,-34.16748],[-70.72724,-34.1679]]}},{"type":"Feature","properties":{"nombre":"Ruta Travesía","jerarquia":2},"geometry":{"type":"LineString","coordinates":[[-70.72716,-34.1675],[-70.7272,-34.16691]]}},{"type":"Feature","properties":{"nombre":"Ruta Travesía","jerarquia":2},"geometry":{"type":"LineString","coordinates":[[-70.72836,-34.15089],[-70.72871,-34.14609]]}},{"type":"Feature","properties":{"nombre":"Ruta Travesía","jerarquia":2},"geometry":{"type":"LineString","coordinates":[[-70.72871,-34.14609],[-70.72874,-34.14574]]}},{"type":"Feature","properties":{"nombre":"Ruta Travesía","jerarquia":2},"geometry":{"type":"LineString","coordinates":[[-70.72874,-34.14574],[-70.72883,-34.14445]]}},{"type":"Feature","properties":{"nombre":"Ruta Travesía","jerarquia":2},"geometry":{"type":"LineString","coordinates":[[-70.72731,-34.16689],[-70.72727,-34.16748]]}},{"type":"Feature","properties":{"nombre":"Ruta Travesía","jerarquia":2},"geometry":{"type":"LineString","coordinates":[[-70.75385,-34.19201],[-70.75308,-34.19107],[-70.75232,-34.1905],[-70.75169,-34.1902],[-70.74864,-34.18906]]}},{"type":"Feature","properties":{"nombre":"Diego de Almagro","jerarquia":3},"geometry":{"type":"LineString","coordinates":[[-70.72782,-34.1671],[-70.72799,-34.16696],[-70.72803,-34.16676]]}},{"type":"Feature","properties":{"nombre":"Diego de Almagro","jerarquia":3},"geometry":{"type":"LineString","coordinates":[[-70.72803,-34.16676],[-70.72818,-34.16692],[-70.72845,-34.16698]]}},{"type":"Feature","properties":{"nombre":"Manuel Montt","jerarquia":3},"geometry":{"type":"LineString","coordinates":[[-70.72553,-34.16724],[-70.7256,-34.16734],[-70.72576,-34.16743]]}},{"type":"Feature","properties":{"nombre":"Avenida La Compañía","jerarquia":4},"geometry":{"type":"LineString","coordinates":[[-70.71983,-34.17036],[-70.72107,-34.17169]]}},{"type":"Feature","properties":{"nombre":"Avenida Einstein","jerarquia":4},"geometry":{"type":"LineString","coordinates":[[-70.7181,-34.17378],[-70.71849,-34.17392],[-70.71865,-34.17406]]}},{"type":"Feature","properties":{"nombre":"Avenida Einstein","jerarquia":4},"geometry":{"type":"LineString","coordinates":[[-70.71865,-34.17406],[-70.71869,-34.17427]]}},{"type":"Feature","properties":{"nombre":"Avenida Einstein","jerarquia":4},"geometry":{"type":"LineString","coordinates":[[-70.71869,-34.17427],[-70.71848,-34.17404],[-70.71812,-34.17388]]}},{"type":"Feature","properties":{"nombre":"Avenida Einstein","jerarquia":4},"geometry":{"type":"LineString","coordinates":[[-70.71812,-34.17388],[-70.71807,-34.17386]]}},{"type":"Feature","properties":{"nombre":"Avenida Einstein","jerarquia":4},"geometry":{"type":"LineString","coordinates":[[-70.71807,-34.17386],[-70.718,-34.17384]]}},{"type":"Feature","properties":{"nombre":"Avenida Einstein","jerarquia":4},"geometry":{"type":"LineString","coordinates":[[-70.72454,-34.18177],[-70.72418,-34.18135]]}},{"type":"Feature","properties":{"nombre":"Avenida Einstein","jerarquia":4},"geometry":{"type":"LineString","coordinates":[[-70.72418,-34.18135],[-70.72399,-34.18113]]}},{"type":"Feature","properties":{"nombre":"Avenida Einstein","jerarquia":4},"geometry":{"type":"LineString","coordinates":[[-70.72399,-34.18113],[-70.72346,-34.18051]]}},{"type":"Feature","properties":{"nombre":"Avenida Einstein","jerarquia":4},"geometry":{"type":"LineString","coordinates":[[-70.72346,-34.18051],[-70.72273,-34.17966]]}},{"type":"Feature","properties":{"nombre":"Avenida Einstein","jerarquia":4},"geometry":{"type":"LineString","coordinates":[[-70.72273,-34.17966],[-70.72239,-34.17923]]}},{"type":"Feature","properties":{"nombre":"Avenida Einstein","jerarquia":4},"geometry":{"type":"LineString","coordinates":[[-70.72239,-34.17923],[-70.72184,-34.17826]]}},{"type":"Feature","properties":{"nombre":"Avenida Einstein","jerarquia":4},"geometry":{"type":"LineString","coordinates":[[-70.72184,-34.17826],[-70.72155,-34.17773]]}},{"type":"Feature","properties":{"nombre":"Avenida Einstein","jerarquia":4},"geometry":{"type":"LineString","coordinates":[[-70.72155,-34.17773],[-70.72126,-34.17724]]}},{"type":"Feature","properties":{"nombre":"Avenida Einstein","jerarquia":4},"geometry":{"type":"LineString","coordinates":[[-70.72126,-34.17724],[-70.72091,-34.1768]]}},{"type":"Feature","properties":{"nombre":"","jerarquia":3},"geometry":{"type":"LineString","coordinates":[[-70.71382,-34.17403],[-70.71377,-34.17421],[-70.71391,-34.17438]]}},{"type":"Feature","properties":{"nombre":"Avenida Miguel Ramírez","jerarquia":3},"geometry":{"type":"LineString","coordinates":[[-70.71033,-34.17492],[-70.70984,-34.17497]]}},{"type":"Feature","properties":{"nombre":"Avenida Miguel Ramírez","jerarquia":3},"geometry":{"type":"LineString","coordinates":[[-70.70984,-34.17497],[-70.70948,-34.175]]}},{"type":"Feature","properties":{"nombre":"Avenida Miguel Ramírez","jerarquia":3},"geometry":{"type":"LineString","coordinates":[[-70.70948,-34.175],[-70.70602,-34.1753]]}},{"type":"Feature","properties":{"nombre":"","jerarquia":1},"geometry":{"type":"LineString","coordinates":[[-70.79135,-34.18189],[-70.79148,-34.18219],[-70.79145,-34.18248],[-70.79122,-34.18275],[-70.79085,-34.18288]]}},{"type":"Feature","properties":{"nombre":"","jerarquia":1},"geometry":{"type":"LineString","coordinates":[[-70.79085,-34.18288],[-70.79067,-34.1829]]}},{"type":"Feature","properties":{"nombre":"","jerarquia":1},"geometry":{"type":"LineString","coordinates":[[-70.78869,-34.18543],[-70.78874,-34.18459],[-70.78865,-34.18428],[-70.78845,-34.18395]]}},{"type":"Feature","properties":{"nombre":"Avenida Salvador Allende Gossens","jerarquia":3},"geometry":{"type":"LineString","coordinates":[[-70.7676,-34.15388],[-70.76714,-34.15271]]}},{"type":"Feature","properties":{"nombre":"Avenida Salvador Allende Gossens","jerarquia":3},"geometry":{"type":"LineString","coordinates":[[-70.76714,-34.15271],[-70.7667,-34.15163]]}},{"type":"Feature","properties":{"nombre":"Avenida Salvador Allende Gossens","jerarquia":3},"geometry":{"type":"LineString","coordinates":[[-70.7667,-34.15163],[-70.76635,-34.15072]]}},{"type":"Feature","properties":{"nombre":"Costanera Norte Río Cachapoal","jerarquia":3},"geometry":{"type":"LineString","coordinates":[[-70.7867,-34.18291],[-70.78695,-34.18275]]}},{"type":"Feature","properties":{"nombre":"Costanera Norte Río Cachapoal","jerarquia":3},"geometry":{"type":"LineString","coordinates":[[-70.78695,-34.18275],[-70.78704,-34.18265]]}},{"type":"Feature","properties":{"nombre":"Camino a Doñihue","jerarquia":3},"geometry":{"type":"LineString","coordinates":[[-70.78726,-34.18217],[-70.78743,-34.18249]]}},{"type":"Feature","properties":{"nombre":"Costanera Norte Río Cachapoal","jerarquia":3},"geometry":{"type":"LineString","coordinates":[[-70.78718,-34.18287],[-70.7867,-34.18291]]}},{"type":"Feature","properties":{"nombre":"","jerarquia":1},"geometry":{"type":"LineString","coordinates":[[-70.79035,-34.18272],[-70.79064,-34.18257],[-70.79078,-34.18237],[-70.79079,-34.18224],[-70.79074,-34.18211],[-70.79053,-34.18194],[-70.79028,-34.1819],[-70.79007,-34.18196],[-70.78991,-34.18211],[-70.78973,-34.18247]]}},{"type":"Feature","properties":{"nombre":"Camino a Doñihue","jerarquia":3},"geometry":{"type":"LineString","coordinates":[[-70.78713,-34.18251],[-70.78726,-34.18217]]}},{"type":"Feature","properties":{"nombre":"","jerarquia":1},"geometry":{"type":"LineString","coordinates":[[-70.78747,-34.18251],[-70.78781,-34.1825],[-70.78878,-34.18232],[-70.7892,-34.18211],[-70.78959,-34.18172]]}},{"type":"Feature","properties":{"nombre":"","jerarquia":1},"geometry":{"type":"LineString","coordinates":[[-70.78959,-34.18172],[-70.78986,-34.18118]]}},{"type":"Feature","properties":{"nombre":"Camino a Doñihue","jerarquia":3},"geometry":{"type":"LineString","coordinates":[[-70.77278,-34.16677],[-70.77427,-34.16829]]}},{"type":"Feature","properties":{"nombre":"Camino a Doñihue","jerarquia":3},"geometry":{"type":"LineString","coordinates":[[-70.77427,-34.16829],[-70.77499,-34.16904]]}},{"type":"Feature","properties":{"nombre":"Camino a Doñihue","jerarquia":3},"geometry":{"type":"LineString","coordinates":[[-70.77499,-34.16904],[-70.77561,-34.1697]]}},{"type":"Feature","properties":{"nombre":"Camino a Doñihue","jerarquia":3},"geometry":{"type":"LineString","coordinates":[[-70.77561,-34.1697],[-70.7757,-34.16981]]}},{"type":"Feature","properties":{"nombre":"Camino a Doñihue","jerarquia":3},"geometry":{"type":"LineString","coordinates":[[-70.7757,-34.16981],[-70.77706,-34.17123]]}},{"type":"Feature","properties":{"nombre":"Camino a Doñihue","jerarquia":3},"geometry":{"type":"LineString","coordinates":[[-70.77706,-34.17123],[-70.77738,-34.17156]]}},{"type":"Feature","properties":{"nombre":"Camino a Doñihue","jerarquia":3},"geometry":{"type":"LineString","coordinates":[[-70.77738,-34.17156],[-70.77943,-34.17372]]}},{"type":"Feature","properties":{"nombre":"Camino a Doñihue","jerarquia":3},"geometry":{"type":"LineString","coordinates":[[-70.77943,-34.17372],[-70.77954,-34.17385]]}},{"type":"Feature","properties":{"nombre":"Camino a Doñihue","jerarquia":3},"geometry":{"type":"LineString","coordinates":[[-70.77954,-34.17385],[-70.78099,-34.17537]]}},{"type":"Feature","properties":{"nombre":"Camino a Doñihue","jerarquia":3},"geometry":{"type":"LineString","coordinates":[[-70.78099,-34.17537],[-70.78303,-34.1776],[-70.78699,-34.18168],[-70.78718,-34.18192],[-70.78726,-34.18217]]}},{"type":"Feature","properties":{"nombre":"Avenida General Manuel Baquedano","jerarquia":4},"geometry":{"type":"LineString","coordinates":[[-70.75252,-34.1686],[-70.75324,-34.16851]]}},{"type":"Feature","properties":{"nombre":"Avenida General Manuel Baquedano","jerarquia":4},"geometry":{"type":"LineString","coordinates":[[-70.75324,-34.16851],[-70.75348,-34.16847]]}},{"type":"Feature","properties":{"nombre":"","jerarquia":3},"geometry":{"type":"LineString","coordinates":[[-70.7719,-34.16584],[-70.77162,-34.16555],[-70.77125,-34.16529],[-70.77068,-34.16506]]}},{"type":"Feature","properties":{"nombre":"","jerarquia":3},"geometry":{"type":"LineString","coordinates":[[-70.78752,-34.18256],[-70.78756,-34.18269],[-70.78747,-34.18284]]}},{"type":"Feature","properties":{"nombre":"","jerarquia":1},"geometry":{"type":"LineString","coordinates":[[-70.79447,-34.18259],[-70.79363,-34.18274],[-70.79275,-34.18299],[-70.79132,-34.18315],[-70.79045,-34.18344],[-70.78991,-34.18379],[-70.78951,-34.1842],[-70.7892,-34.18471],[-70.78888,-34.18547]]}},{"type":"Feature","properties":{"nombre":"Francisco Gana","jerarquia":5},"geometry":{"type":"LineString","coordinates":[[-70.73056,-34.17296],[-70.73036,-34.17187]]}},{"type":"Feature","properties":{"nombre":"Francisco Gana","jerarquia":5},"geometry":{"type":"LineString","coordinates":[[-70.73036,-34.17187],[-70.73034,-34.17179]]}},{"type":"Feature","properties":{"nombre":"Carretera del Cobre","jerarquia":4},"geometry":{"type":"LineString","coordinates":[[-70.64472,-34.19298],[-70.64383,-34.19314],[-70.64225,-34.19371]]}},{"type":"Feature","properties":{"nombre":"Carretera del Cobre","jerarquia":4},"geometry":{"type":"LineString","coordinates":[[-70.64225,-34.19371],[-70.64043,-34.19438]]}},{"type":"Feature","properties":{"nombre":"Carretera del Cobre","jerarquia":4},"geometry":{"type":"LineString","coordinates":[[-70.64043,-34.19438],[-70.64018,-34.19446]]}},{"type":"Feature","properties":{"nombre":"Carretera del Cobre","jerarquia":4},"geometry":{"type":"LineString","coordinates":[[-70.64018,-34.19446],[-70.64009,-34.19448]]}},{"type":"Feature","properties":{"nombre":"Avenida San Juan","jerarquia":3},"geometry":{"type":"LineString","coordinates":[[-70.64829,-34.18276],[-70.64874,-34.18264]]}},{"type":"Feature","properties":{"nombre":"Avenida San Juan","jerarquia":3},"geometry":{"type":"LineString","coordinates":[[-70.64874,-34.18264],[-70.6492,-34.18243],[-70.65059,-34.18229],[-70.6507,-34.1822],[-70.65069,-34.18212]]}},{"type":"Feature","properties":{"nombre":"Miraflores","jerarquia":5},"geometry":{"type":"LineString","coordinates":[[-70.64424,-34.17467],[-70.64404,-34.17605]]}},{"type":"Feature","properties":{"nombre":"Miraflores","jerarquia":5},"geometry":{"type":"LineString","coordinates":[[-70.64404,-34.17605],[-70.64397,-34.17647]]}},{"type":"Feature","properties":{"nombre":"Miraflores","jerarquia":5},"geometry":{"type":"LineString","coordinates":[[-70.64397,-34.17647],[-70.64373,-34.17819]]}},{"type":"Feature","properties":{"nombre":"Miraflores","jerarquia":5},"geometry":{"type":"LineString","coordinates":[[-70.64373,-34.17819],[-70.64368,-34.17897]]}},{"type":"Feature","properties":{"nombre":"Miranda","jerarquia":5},"geometry":{"type":"LineString","coordinates":[[-70.64566,-34.1809],[-70.64578,-34.18099],[-70.64606,-34.18102]]}},{"type":"Feature","properties":{"nombre":"Miranda","jerarquia":5},"geometry":{"type":"LineString","coordinates":[[-70.64606,-34.18102],[-70.64659,-34.18108],[-70.64687,-34.18102],[-70.64743,-34.18071],[-70.64809,-34.18016]]}},{"type":"Feature","properties":{"nombre":"Miranda","jerarquia":5},"geometry":{"type":"LineString","coordinates":[[-70.64809,-34.18016],[-70.64812,-34.18015]]}},{"type":"Feature","properties":{"nombre":"Miranda","jerarquia":5},"geometry":{"type":"LineString","coordinates":[[-70.64812,-34.18015],[-70.64874,-34.18],[-70.65013,-34.18019]]}},{"type":"Feature","properties":{"nombre":"San Juan","jerarquia":3},"geometry":{"type":"LineString","coordinates":[[-70.65875,-34.17653],[-70.65851,-34.17693]]}},{"type":"Feature","properties":{"nombre":"San Juan","jerarquia":3},"geometry":{"type":"LineString","coordinates":[[-70.65851,-34.17693],[-70.6582,-34.17734]]}},{"type":"Feature","properties":{"nombre":"San Juan","jerarquia":3},"geometry":{"type":"LineString","coordinates":[[-70.6582,-34.17734],[-70.6579,-34.17775]]}},{"type":"Feature","properties":{"nombre":"San Juan","jerarquia":3},"geometry":{"type":"LineString","coordinates":[[-70.6579,-34.17775],[-70.65749,-34.17829]]}},{"type":"Feature","properties":{"nombre":"San Juan","jerarquia":3},"geometry":{"type":"LineString","coordinates":[[-70.65749,-34.17829],[-70.65711,-34.17883]]}},{"type":"Feature","properties":{"nombre":"San Juan","jerarquia":3},"geometry":{"type":"LineString","coordinates":[[-70.65711,-34.17883],[-70.6567,-34.17936],[-70.65625,-34.17953]]}},{"type":"Feature","properties":{"nombre":"San Juan","jerarquia":3},"geometry":{"type":"LineString","coordinates":[[-70.65625,-34.17953],[-70.65563,-34.17956],[-70.65457,-34.1794]]}},{"type":"Feature","properties":{"nombre":"San Juan","jerarquia":3},"geometry":{"type":"LineString","coordinates":[[-70.65457,-34.1794],[-70.65428,-34.17958],[-70.65363,-34.1803]]}},{"type":"Feature","properties":{"nombre":"San Juan","jerarquia":3},"geometry":{"type":"LineString","coordinates":[[-70.65363,-34.1803],[-70.65358,-34.18036]]}},{"type":"Feature","properties":{"nombre":"San Juan","jerarquia":3},"geometry":{"type":"LineString","coordinates":[[-70.65358,-34.18036],[-70.65284,-34.18121]]}},{"type":"Feature","properties":{"nombre":"Arturo Prat","jerarquia":4},"geometry":{"type":"LineString","coordinates":[[-70.65126,-34.17715],[-70.64995,-34.17534]]}},{"type":"Feature","properties":{"nombre":"Arturo Prat","jerarquia":4},"geometry":{"type":"LineString","coordinates":[[-70.64995,-34.17534],[-70.64962,-34.1749]]}},{"type":"Feature","properties":{"nombre":"Arturo Prat","jerarquia":4},"geometry":{"type":"LineString","coordinates":[[-70.64962,-34.1749],[-70.64935,-34.17452]]}},{"type":"Feature","properties":{"nombre":"Arturo Prat","jerarquia":4},"geometry":{"type":"LineString","coordinates":[[-70.64935,-34.17452],[-70.64883,-34.17379]]}},{"type":"Feature","properties":{"nombre":"Arturo Prat","jerarquia":4},"geometry":{"type":"LineString","coordinates":[[-70.64883,-34.17379],[-70.64859,-34.17336]]}},{"type":"Feature","properties":{"nombre":"Arturo Prat","jerarquia":4},"geometry":{"type":"LineString","coordinates":[[-70.64859,-34.17336],[-70.64849,-34.17322]]}},{"type":"Feature","properties":{"nombre":"Arturo Prat","jerarquia":4},"geometry":{"type":"LineString","coordinates":[[-70.64849,-34.17322],[-70.64801,-34.17241]]}},{"type":"Feature","properties":{"nombre":"Arturo Prat","jerarquia":4},"geometry":{"type":"LineString","coordinates":[[-70.64801,-34.17241],[-70.64801,-34.17232]]}},{"type":"Feature","properties":{"nombre":"Arturo Prat","jerarquia":4},"geometry":{"type":"LineString","coordinates":[[-70.64801,-34.17232],[-70.64808,-34.1722],[-70.64844,-34.172],[-70.64844,-34.17189],[-70.64823,-34.1716]]}},{"type":"Feature","properties":{"nombre":"Arturo Prat","jerarquia":4},"geometry":{"type":"LineString","coordinates":[[-70.64823,-34.1716],[-70.64779,-34.171]]}},{"type":"Feature","properties":{"nombre":"Arturo Prat","jerarquia":4},"geometry":{"type":"LineString","coordinates":[[-70.64779,-34.171],[-70.6471,-34.17007]]}},{"type":"Feature","properties":{"nombre":"Avenida Viña del Mar","jerarquia":5},"geometry":{"type":"LineString","coordinates":[[-70.74926,-34.15546],[-70.74952,-34.15646]]}},{"type":"Feature","properties":{"nombre":"Avenida Viña del Mar","jerarquia":5},"geometry":{"type":"LineString","coordinates":[[-70.74952,-34.15646],[-70.74982,-34.15755]]}},{"type":"Feature","properties":{"nombre":"Avenida Viña del Mar","jerarquia":5},"geometry":{"type":"LineString","coordinates":[[-70.74982,-34.15755],[-70.74992,-34.15792]]}},{"type":"Feature","properties":{"nombre":"Avenida Viña del Mar","jerarquia":5},"geometry":{"type":"LineString","coordinates":[[-70.74992,-34.15792],[-70.75002,-34.15832]]}},{"type":"Feature","properties":{"nombre":"Avenida Viña del Mar","jerarquia":5},"geometry":{"type":"LineString","coordinates":[[-70.75002,-34.15832],[-70.75013,-34.15871]]}},{"type":"Feature","properties":{"nombre":"San Rafael","jerarquia":5},"geometry":{"type":"LineString","coordinates":[[-70.75596,-34.16145],[-70.75596,-34.16128]]}},{"type":"Feature","properties":{"nombre":"San Rafael","jerarquia":5},"geometry":{"type":"LineString","coordinates":[[-70.75596,-34.16128],[-70.75591,-34.161]]}},{"type":"Feature","properties":{"nombre":"Las Magnolias","jerarquia":5},"geometry":{"type":"LineString","coordinates":[[-70.75308,-34.16294],[-70.75301,-34.16282]]}},{"type":"Feature","properties":{"nombre":"Las Magnolias","jerarquia":5},"geometry":{"type":"LineString","coordinates":[[-70.75301,-34.16282],[-70.75272,-34.16238]]}},{"type":"Feature","properties":{"nombre":"Las Magnolias","jerarquia":5},"geometry":{"type":"LineString","coordinates":[[-70.75272,-34.16238],[-70.75266,-34.16228]]}},{"type":"Feature","properties":{"nombre":"Las Magnolias","jerarquia":5},"geometry":{"type":"LineString","coordinates":[[-70.75266,-34.16228],[-70.75255,-34.1619]]}},{"type":"Feature","properties":{"nombre":"Las Magnolias","jerarquia":5},"geometry":{"type":"LineString","coordinates":[[-70.75255,-34.1619],[-70.75252,-34.16177]]}},{"type":"Feature","properties":{"nombre":"Las Magnolias","jerarquia":5},"geometry":{"type":"LineString","coordinates":[[-70.75252,-34.16177],[-70.7524,-34.16135]]}},{"type":"Feature","properties":{"nombre":"Las Magnolias","jerarquia":5},"geometry":{"type":"LineString","coordinates":[[-70.7524,-34.16135],[-70.75231,-34.16101]]}},{"type":"Feature","properties":{"nombre":"Las Magnolias","jerarquia":5},"geometry":{"type":"LineString","coordinates":[[-70.75231,-34.16101],[-70.75216,-34.16046]]}},{"type":"Feature","properties":{"nombre":"Amaranto","jerarquia":5},"geometry":{"type":"LineString","coordinates":[[-70.74926,-34.15546],[-70.74958,-34.15541]]}},{"type":"Feature","properties":{"nombre":"Amaranto","jerarquia":5},"geometry":{"type":"LineString","coordinates":[[-70.74958,-34.15541],[-70.74963,-34.1554]]}},{"type":"Feature","properties":{"nombre":"Amaranto","jerarquia":5},"geometry":{"type":"LineString","coordinates":[[-70.74963,-34.1554],[-70.74994,-34.15534]]}},{"type":"Feature","properties":{"nombre":"Amaranto","jerarquia":5},"geometry":{"type":"LineString","coordinates":[[-70.74994,-34.15534],[-70.75006,-34.15527]]}},{"type":"Feature","properties":{"nombre":"Amaranto","jerarquia":5},"geometry":{"type":"LineString","coordinates":[[-70.75006,-34.15527],[-70.75037,-34.15508]]}},{"type":"Feature","properties":{"nombre":"Pedro Aguirre Cerda","jerarquia":5},"geometry":{"type":"LineString","coordinates":[[-70.75485,-34.15988],[-70.75435,-34.16003]]}},{"type":"Feature","properties":{"nombre":"Pedro Aguirre Cerda","jerarquia":5},"geometry":{"type":"LineString","coordinates":[[-70.75435,-34.16003],[-70.75365,-34.1602]]}},{"type":"Feature","properties":{"nombre":"Pedro Aguirre Cerda","jerarquia":5},"geometry":{"type":"LineString","coordinates":[[-70.75365,-34.1602],[-70.75288,-34.16034]]}},{"type":"Feature","properties":{"nombre":"Pedro Aguirre Cerda","jerarquia":5},"geometry":{"type":"LineString","coordinates":[[-70.75288,-34.16034],[-70.75216,-34.16046]]}},{"type":"Feature","properties":{"nombre":"Avenida Madero","jerarquia":5},"geometry":{"type":"LineString","coordinates":[[-70.66601,-34.18334],[-70.66697,-34.18336],[-70.66744,-34.18349]]}},{"type":"Feature","properties":{"nombre":"Avenida Madero","jerarquia":5},"geometry":{"type":"LineString","coordinates":[[-70.66744,-34.18349],[-70.66753,-34.18354]]}},{"type":"Feature","properties":{"nombre":"Avenida Madero","jerarquia":5},"geometry":{"type":"LineString","coordinates":[[-70.66753,-34.18354],[-70.66768,-34.18363]]}},{"type":"Feature","properties":{"nombre":"Avenida Madero","jerarquia":5},"geometry":{"type":"LineString","coordinates":[[-70.67103,-34.18572],[-70.67036,-34.18539]]}},{"type":"Feature","properties":{"nombre":"Avenida Madero","jerarquia":5},"geometry":{"type":"LineString","coordinates":[[-70.66761,-34.18371],[-70.66744,-34.1836]]}},{"type":"Feature","properties":{"nombre":"Avenida Madero","jerarquia":5},"geometry":{"type":"LineString","coordinates":[[-70.66744,-34.1836],[-70.66695,-34.18344],[-70.66601,-34.18343]]}},{"type":"Feature","properties":{"nombre":"Avenida Madero","jerarquia":5},"geometry":{"type":"LineString","coordinates":[[-70.67103,-34.18572],[-70.67208,-34.18632]]}},{"type":"Feature","properties":{"nombre":"Avenida Madero","jerarquia":5},"geometry":{"type":"LineString","coordinates":[[-70.67208,-34.18632],[-70.67267,-34.18668]]}},{"type":"Feature","properties":{"nombre":"Avenida Madero","jerarquia":5},"geometry":{"type":"LineString","coordinates":[[-70.67267,-34.18668],[-70.67333,-34.18707]]}},{"type":"Feature","properties":{"nombre":"Avenida Madero","jerarquia":5},"geometry":{"type":"LineString","coordinates":[[-70.67333,-34.18707],[-70.67397,-34.18746]]}},{"type":"Feature","properties":{"nombre":"Avenida Madero","jerarquia":5},"geometry":{"type":"LineString","coordinates":[[-70.67397,-34.18746],[-70.67462,-34.18786]]}},{"type":"Feature","properties":{"nombre":"Avenida Madero","jerarquia":5},"geometry":{"type":"LineString","coordinates":[[-70.67462,-34.18786],[-70.67529,-34.18826]]}},{"type":"Feature","properties":{"nombre":"Avenida Madero","jerarquia":5},"geometry":{"type":"LineString","coordinates":[[-70.67529,-34.18826],[-70.67593,-34.18864]]}},{"type":"Feature","properties":{"nombre":"Avenida Madero","jerarquia":5},"geometry":{"type":"LineString","coordinates":[[-70.67593,-34.18864],[-70.67659,-34.18904]]}},{"type":"Feature","properties":{"nombre":"Avenida Madero","jerarquia":5},"geometry":{"type":"LineString","coordinates":[[-70.67659,-34.18904],[-70.67678,-34.18916]]}},{"type":"Feature","properties":{"nombre":"Avenida La Rosa","jerarquia":5},"geometry":{"type":"LineString","coordinates":[[-70.66966,-34.18428],[-70.66961,-34.18453]]}},{"type":"Feature","properties":{"nombre":"Avenida La Rosa","jerarquia":5},"geometry":{"type":"LineString","coordinates":[[-70.66943,-34.18454],[-70.66966,-34.18428]]}},{"type":"Feature","properties":{"nombre":"","jerarquia":5},"geometry":{"type":"LineString","coordinates":[[-70.66971,-34.18499],[-70.66958,-34.18503]]}},{"type":"Feature","properties":{"nombre":"","jerarquia":5},"geometry":{"type":"LineString","coordinates":[[-70.66958,-34.18503],[-70.66933,-34.18498],[-70.66922,-34.18478]]}},{"type":"Feature","properties":{"nombre":"","jerarquia":5},"geometry":{"type":"LineString","coordinates":[[-70.66922,-34.18478],[-70.66924,-34.18469]]}},{"type":"Feature","properties":{"nombre":"","jerarquia":5},"geometry":{"type":"LineString","coordinates":[[-70.66924,-34.18469],[-70.66929,-34.18461]]}},{"type":"Feature","properties":{"nombre":"","jerarquia":5},"geometry":{"type":"LineString","coordinates":[[-70.66929,-34.18461],[-70.66943,-34.18454]]}},{"type":"Feature","properties":{"nombre":"","jerarquia":5},"geometry":{"type":"LineString","coordinates":[[-70.66943,-34.18454],[-70.66961,-34.18453]]}},{"type":"Feature","properties":{"nombre":"","jerarquia":5},"geometry":{"type":"LineString","coordinates":[[-70.66961,-34.18453],[-70.66981,-34.18467],[-70.66982,-34.18485]]}},{"type":"Feature","properties":{"nombre":"","jerarquia":5},"geometry":{"type":"LineString","coordinates":[[-70.66982,-34.18485],[-70.66979,-34.18491]]}},{"type":"Feature","properties":{"nombre":"Avenida Madero","jerarquia":5},"geometry":{"type":"LineString","coordinates":[[-70.67043,-34.18531],[-70.67103,-34.18572]]}},{"type":"Feature","properties":{"nombre":"Avenida Libertador Bernardo O'Higgins","jerarquia":3},"geometry":{"type":"LineString","coordinates":[[-70.7686,-34.15662],[-70.76828,-34.15673]]}},{"type":"Feature","properties":{"nombre":"Avenida Libertador Bernardo O'Higgins","jerarquia":3},"geometry":{"type":"LineString","coordinates":[[-70.76828,-34.15673],[-70.76594,-34.15764]]}},{"type":"Feature","properties":{"nombre":"Avenida Libertador Bernardo O'Higgins","jerarquia":3},"geometry":{"type":"LineString","coordinates":[[-70.76594,-34.15764],[-70.76583,-34.15769]]}},{"type":"Feature","properties":{"nombre":"San Juan","jerarquia":5},"geometry":{"type":"LineString","coordinates":[[-70.64606,-34.18301],[-70.64643,-34.18301]]}},{"type":"Feature","properties":{"nombre":"San Juan","jerarquia":5},"geometry":{"type":"LineString","coordinates":[[-70.64643,-34.18301],[-70.64706,-34.18296],[-70.64829,-34.18276]]}},{"type":"Feature","properties":{"nombre":"Irarrázaval","jerarquia":5},"geometry":{"type":"LineString","coordinates":[[-70.65013,-34.18019],[-70.64939,-34.17787]]}},{"type":"Feature","properties":{"nombre":"Avenida San Juan","jerarquia":3},"geometry":{"type":"LineString","coordinates":[[-70.65905,-34.17577],[-70.65908,-34.17573]]}},{"type":"Feature","properties":{"nombre":"Avenida San Juan","jerarquia":3},"geometry":{"type":"LineString","coordinates":[[-70.65908,-34.17573],[-70.65914,-34.17564]]}},{"type":"Feature","properties":{"nombre":"Avenida San Juan","jerarquia":3},"geometry":{"type":"LineString","coordinates":[[-70.65914,-34.17564],[-70.65942,-34.17525]]}},{"type":"Feature","properties":{"nombre":"Avenida San Juan","jerarquia":3},"geometry":{"type":"LineString","coordinates":[[-70.65942,-34.17525],[-70.66006,-34.17436]]}},{"type":"Feature","properties":{"nombre":"Avenida San Juan","jerarquia":3},"geometry":{"type":"LineString","coordinates":[[-70.66006,-34.17436],[-70.66046,-34.17385]]}},{"type":"Feature","properties":{"nombre":"Avenida San Juan","jerarquia":3},"geometry":{"type":"LineString","coordinates":[[-70.66046,-34.17385],[-70.66054,-34.17376]]}},{"type":"Feature","properties":{"nombre":"Avenida San Juan","jerarquia":3},"geometry":{"type":"LineString","coordinates":[[-70.66054,-34.17376],[-70.66127,-34.17287]]}},{"type":"Feature","properties":{"nombre":"Avenida San Juan","jerarquia":3},"geometry":{"type":"LineString","coordinates":[[-70.66127,-34.17287],[-70.66155,-34.17253]]}},{"type":"Feature","properties":{"nombre":"Avenida San Juan","jerarquia":3},"geometry":{"type":"LineString","coordinates":[[-70.66155,-34.17253],[-70.66161,-34.17245]]}},{"type":"Feature","properties":{"nombre":"Avenida San Juan","jerarquia":3},"geometry":{"type":"LineString","coordinates":[[-70.66161,-34.17245],[-70.66206,-34.17192]]}},{"type":"Feature","properties":{"nombre":"Avenida San Juan","jerarquia":3},"geometry":{"type":"LineString","coordinates":[[-70.66206,-34.17192],[-70.66292,-34.17088]]}},{"type":"Feature","properties":{"nombre":"Avenida San Juan","jerarquia":3},"geometry":{"type":"LineString","coordinates":[[-70.66292,-34.17088],[-70.66373,-34.16991]]}},{"type":"Feature","properties":{"nombre":"Avenida San Juan","jerarquia":3},"geometry":{"type":"LineString","coordinates":[[-70.66373,-34.16991],[-70.66404,-34.16955]]}},{"type":"Feature","properties":{"nombre":"Avenida San Juan","jerarquia":3},"geometry":{"type":"LineString","coordinates":[[-70.66404,-34.16955],[-70.66407,-34.16951]]}},{"type":"Feature","properties":{"nombre":"Avenida San Juan","jerarquia":3},"geometry":{"type":"LineString","coordinates":[[-70.66407,-34.16951],[-70.66484,-34.16858]]}},{"type":"Feature","properties":{"nombre":"Castro","jerarquia":3},"geometry":{"type":"LineString","coordinates":[[-70.65147,-34.18274],[-70.65142,-34.18279],[-70.65081,-34.18295]]}},{"type":"Feature","properties":{"nombre":"Castro","jerarquia":3},"geometry":{"type":"LineString","coordinates":[[-70.65081,-34.18295],[-70.64979,-34.18337]]}},{"type":"Feature","properties":{"nombre":"Castro","jerarquia":3},"geometry":{"type":"LineString","coordinates":[[-70.64979,-34.18337],[-70.6487,-34.18383],[-70.64853,-34.18386]]}},{"type":"Feature","properties":{"nombre":"Miranda","jerarquia":3},"geometry":{"type":"LineString","coordinates":[[-70.65013,-34.18019],[-70.65156,-34.17954]]}},{"type":"Feature","properties":{"nombre":"Miranda","jerarquia":3},"geometry":{"type":"LineString","coordinates":[[-70.65156,-34.17954],[-70.65259,-34.17907]]}},{"type":"Feature","properties":{"nombre":"Miranda","jerarquia":3},"geometry":{"type":"LineString","coordinates":[[-70.65259,-34.17907],[-70.65267,-34.17904]]}},{"type":"Feature","properties":{"nombre":"Miranda","jerarquia":3},"geometry":{"type":"LineString","coordinates":[[-70.65267,-34.17904],[-70.65421,-34.17836]]}},{"type":"Feature","properties":{"nombre":"Calle A","jerarquia":5},"geometry":{"type":"LineString","coordinates":[[-70.76108,-34.16699],[-70.76083,-34.16596]]}},{"type":"Feature","properties":{"nombre":"Calle A","jerarquia":5},"geometry":{"type":"LineString","coordinates":[[-70.76083,-34.16596],[-70.7607,-34.16553]]}},{"type":"Feature","properties":{"nombre":"Calle A","jerarquia":5},"geometry":{"type":"LineString","coordinates":[[-70.7607,-34.16553],[-70.76055,-34.16508]]}},{"type":"Feature","properties":{"nombre":"Calle A","jerarquia":5},"geometry":{"type":"LineString","coordinates":[[-70.76055,-34.16508],[-70.7604,-34.16457]]}},{"type":"Feature","properties":{"nombre":"Avenida General Manuel Baquedano","jerarquia":4},"geometry":{"type":"LineString","coordinates":[[-70.75348,-34.16847],[-70.75399,-34.1683]]}},{"type":"Feature","properties":{"nombre":"Avenida General Manuel Baquedano","jerarquia":4},"geometry":{"type":"LineString","coordinates":[[-70.75399,-34.1683],[-70.75432,-34.16825]]}},{"type":"Feature","properties":{"nombre":"Avenida General Manuel Baquedano","jerarquia":4},"geometry":{"type":"LineString","coordinates":[[-70.75432,-34.16825],[-70.75547,-34.16809],[-70.75572,-34.16815]]}},{"type":"Feature","properties":{"nombre":"Avenida Koke","jerarquia":5},"geometry":{"type":"LineString","coordinates":[[-70.75182,-34.16371],[-70.75212,-34.16486]]}},{"type":"Feature","properties":{"nombre":"Avenida Koke","jerarquia":5},"geometry":{"type":"LineString","coordinates":[[-70.75212,-34.16486],[-70.75229,-34.16554]]}},{"type":"Feature","properties":{"nombre":"Avenida Koke","jerarquia":5},"geometry":{"type":"LineString","coordinates":[[-70.75229,-34.16554],[-70.75249,-34.16609],[-70.75271,-34.16643]]}},{"type":"Feature","properties":{"nombre":"Totihue","jerarquia":5},"geometry":{"type":"LineString","coordinates":[[-70.76178,-34.16427],[-70.7604,-34.16457]]}},{"type":"Feature","properties":{"nombre":"Totihue","jerarquia":5},"geometry":{"type":"LineString","coordinates":[[-70.7604,-34.16457],[-70.75989,-34.16472]]}},{"type":"Feature","properties":{"nombre":"Totihue","jerarquia":5},"geometry":{"type":"LineString","coordinates":[[-70.75989,-34.16472],[-70.75982,-34.16473]]}},{"type":"Feature","properties":{"nombre":"Totihue","jerarquia":5},"geometry":{"type":"LineString","coordinates":[[-70.75982,-34.16473],[-70.75939,-34.16489]]}},{"type":"Feature","properties":{"nombre":"Totihue","jerarquia":5},"geometry":{"type":"LineString","coordinates":[[-70.75939,-34.16489],[-70.75872,-34.16516]]}},{"type":"Feature","properties":{"nombre":"Los Mirlos","jerarquia":5},"geometry":{"type":"LineString","coordinates":[[-70.75982,-34.16473],[-70.75975,-34.16439]]}},{"type":"Feature","properties":{"nombre":"Los Mirlos","jerarquia":5},"geometry":{"type":"LineString","coordinates":[[-70.75975,-34.16439],[-70.75967,-34.164]]}},{"type":"Feature","properties":{"nombre":"Los Mirlos","jerarquia":5},"geometry":{"type":"LineString","coordinates":[[-70.75967,-34.164],[-70.75959,-34.16362]]}},{"type":"Feature","properties":{"nombre":"Los Mirlos","jerarquia":5},"geometry":{"type":"LineString","coordinates":[[-70.75959,-34.16362],[-70.75951,-34.16322]]}},{"type":"Feature","properties":{"nombre":"Los Mirlos","jerarquia":5},"geometry":{"type":"LineString","coordinates":[[-70.75951,-34.16322],[-70.75944,-34.1629]]}},{"type":"Feature","properties":{"nombre":"Los Mirlos","jerarquia":5},"geometry":{"type":"LineString","coordinates":[[-70.75944,-34.1629],[-70.75943,-34.16286]]}},{"type":"Feature","properties":{"nombre":"Los Mirlos","jerarquia":5},"geometry":{"type":"LineString","coordinates":[[-70.75943,-34.16286],[-70.75937,-34.16258]]}},{"type":"Feature","properties":{"nombre":"Los Mirlos","jerarquia":5},"geometry":{"type":"LineString","coordinates":[[-70.75937,-34.16258],[-70.75929,-34.1622]]}},{"type":"Feature","properties":{"nombre":"","jerarquia":5},"geometry":{"type":"LineString","coordinates":[[-70.75991,-34.1833],[-70.75997,-34.18319]]}},{"type":"Feature","properties":{"nombre":"","jerarquia":5},"geometry":{"type":"LineString","coordinates":[[-70.75997,-34.18319],[-70.7601,-34.18315],[-70.76022,-34.18318]]}},{"type":"Feature","properties":{"nombre":"","jerarquia":5},"geometry":{"type":"LineString","coordinates":[[-70.76022,-34.18318],[-70.7603,-34.18329]]}},{"type":"Feature","properties":{"nombre":"","jerarquia":5},"geometry":{"type":"LineString","coordinates":[[-70.7603,-34.18329],[-70.76024,-34.18343]]}},{"type":"Feature","properties":{"nombre":"","jerarquia":5},"geometry":{"type":"LineString","coordinates":[[-70.76024,-34.18343],[-70.76002,-34.18346]]}},{"type":"Feature","properties":{"nombre":"","jerarquia":5},"geometry":{"type":"LineString","coordinates":[[-70.76002,-34.18346],[-70.75992,-34.18338]]}},{"type":"Feature","properties":{"nombre":"","jerarquia":5},"geometry":{"type":"LineString","coordinates":[[-70.75992,-34.18338],[-70.75991,-34.1833]]}},{"type":"Feature","properties":{"nombre":"Santa Filomena","jerarquia":5},"geometry":{"type":"LineString","coordinates":[[-70.75764,-34.17644],[-70.75836,-34.1761]]}},{"type":"Feature","properties":{"nombre":"Santa Filomena","jerarquia":5},"geometry":{"type":"LineString","coordinates":[[-70.75836,-34.1761],[-70.75901,-34.1758]]}},{"type":"Feature","properties":{"nombre":"Santa Filomena","jerarquia":5},"geometry":{"type":"LineString","coordinates":[[-70.75901,-34.1758],[-70.75931,-34.17566]]}},{"type":"Feature","properties":{"nombre":"Santa Filomena","jerarquia":5},"geometry":{"type":"LineString","coordinates":[[-70.75931,-34.17566],[-70.75937,-34.17563]]}},{"type":"Feature","properties":{"nombre":"Santa Filomena","jerarquia":5},"geometry":{"type":"LineString","coordinates":[[-70.75937,-34.17563],[-70.76025,-34.17522]]}},{"type":"Feature","properties":{"nombre":"Santa Filomena","jerarquia":5},"geometry":{"type":"LineString","coordinates":[[-70.76025,-34.17522],[-70.76074,-34.17498]]}},{"type":"Feature","properties":{"nombre":"Santa Filomena","jerarquia":5},"geometry":{"type":"LineString","coordinates":[[-70.76074,-34.17498],[-70.76149,-34.17463]]}},{"type":"Feature","properties":{"nombre":"Santa Filomena","jerarquia":5},"geometry":{"type":"LineString","coordinates":[[-70.76149,-34.17463],[-70.76188,-34.17445]]}},{"type":"Feature","properties":{"nombre":"Santa Filomena","jerarquia":5},"geometry":{"type":"LineString","coordinates":[[-70.76188,-34.17445],[-70.76192,-34.17443]]}},{"type":"Feature","properties":{"nombre":"Santa Filomena","jerarquia":5},"geometry":{"type":"LineString","coordinates":[[-70.76192,-34.17443],[-70.76261,-34.17411]]}},{"type":"Feature","properties":{"nombre":"Santa Filomena","jerarquia":5},"geometry":{"type":"LineString","coordinates":[[-70.76261,-34.17411],[-70.76308,-34.17388]]}},{"type":"Feature","properties":{"nombre":"Francia","jerarquia":5},"geometry":{"type":"LineString","coordinates":[[-70.75436,-34.16834],[-70.75517,-34.16995]]}},{"type":"Feature","properties":{"nombre":"Francia","jerarquia":5},"geometry":{"type":"LineString","coordinates":[[-70.75517,-34.16995],[-70.75584,-34.17123]]}},{"type":"Feature","properties":{"nombre":"Francia","jerarquia":5},"geometry":{"type":"LineString","coordinates":[[-70.75584,-34.17123],[-70.75618,-34.17175]]}},{"type":"Feature","properties":{"nombre":"Francia","jerarquia":5},"geometry":{"type":"LineString","coordinates":[[-70.75618,-34.17175],[-70.75651,-34.17229]]}},{"type":"Feature","properties":{"nombre":"Francia","jerarquia":5},"geometry":{"type":"LineString","coordinates":[[-70.75651,-34.17229],[-70.75677,-34.17272]]}},{"type":"Feature","properties":{"nombre":"Francia","jerarquia":5},"geometry":{"type":"LineString","coordinates":[[-70.75677,-34.17272],[-70.7571,-34.17326]]}},{"type":"Feature","properties":{"nombre":"Francia","jerarquia":5},"geometry":{"type":"LineString","coordinates":[[-70.7571,-34.17326],[-70.7574,-34.17375],[-70.75752,-34.1738]]}},{"type":"Feature","properties":{"nombre":"Francia","jerarquia":5},"geometry":{"type":"LineString","coordinates":[[-70.75752,-34.1738],[-70.75765,-34.17386],[-70.75822,-34.17477]]}},{"type":"Feature","properties":{"nombre":"Francia","jerarquia":5},"geometry":{"type":"LineString","coordinates":[[-70.75822,-34.17477],[-70.75849,-34.17519],[-70.7586,-34.17529]]}},{"type":"Feature","properties":{"nombre":"Francia","jerarquia":5},"geometry":{"type":"LineString","coordinates":[[-70.7586,-34.17529],[-70.75878,-34.17541],[-70.75901,-34.1758]]}},{"type":"Feature","properties":{"nombre":"Avenida Bolivia","jerarquia":5},"geometry":{"type":"LineString","coordinates":[[-70.76228,-34.18379],[-70.76248,-34.18411]]}},{"type":"Feature","properties":{"nombre":"Avenida Bolivia","jerarquia":5},"geometry":{"type":"LineString","coordinates":[[-70.76248,-34.18411],[-70.763,-34.18493]]}},{"type":"Feature","properties":{"nombre":"Lourdes","jerarquia":5},"geometry":{"type":"LineString","coordinates":[[-70.76025,-34.17522],[-70.75951,-34.17414]]}},{"type":"Feature","properties":{"nombre":"Lourdes","jerarquia":5},"geometry":{"type":"LineString","coordinates":[[-70.75951,-34.17414],[-70.75916,-34.17361]]}},{"type":"Feature","properties":{"nombre":"Lourdes","jerarquia":5},"geometry":{"type":"LineString","coordinates":[[-70.75916,-34.17361],[-70.75888,-34.1732]]}},{"type":"Feature","properties":{"nombre":"Lourdes","jerarquia":5},"geometry":{"type":"LineString","coordinates":[[-70.75888,-34.1732],[-70.75849,-34.17264]]}},{"type":"Feature","properties":{"nombre":"Lourdes","jerarquia":5},"geometry":{"type":"LineString","coordinates":[[-70.75849,-34.17264],[-70.75813,-34.17211]]}},{"type":"Feature","properties":{"nombre":"Lourdes","jerarquia":5},"geometry":{"type":"LineString","coordinates":[[-70.75813,-34.17211],[-70.75784,-34.17167]]}},{"type":"Feature","properties":{"nombre":"Lourdes","jerarquia":5},"geometry":{"type":"LineString","coordinates":[[-70.75784,-34.17167],[-70.7575,-34.17118]]}},{"type":"Feature","properties":{"nombre":"Lourdes","jerarquia":5},"geometry":{"type":"LineString","coordinates":[[-70.7575,-34.17118],[-70.75714,-34.17064]]}},{"type":"Feature","properties":{"nombre":"Lourdes","jerarquia":5},"geometry":{"type":"LineString","coordinates":[[-70.75714,-34.17064],[-70.7567,-34.17]]}},{"type":"Feature","properties":{"nombre":"Lourdes","jerarquia":5},"geometry":{"type":"LineString","coordinates":[[-70.7567,-34.17],[-70.75628,-34.16939]]}},{"type":"Feature","properties":{"nombre":"Lourdes","jerarquia":5},"geometry":{"type":"LineString","coordinates":[[-70.75628,-34.16939],[-70.75548,-34.16822]]}},{"type":"Feature","properties":{"nombre":"Diagonal Doñihue","jerarquia":5},"geometry":{"type":"LineString","coordinates":[[-70.76752,-34.17955],[-70.76721,-34.17949]]}},{"type":"Feature","properties":{"nombre":"Diagonal Doñihue","jerarquia":5},"geometry":{"type":"LineString","coordinates":[[-70.76721,-34.17949],[-70.76709,-34.17946]]}},{"type":"Feature","properties":{"nombre":"Diagonal Doñihue","jerarquia":5},"geometry":{"type":"LineString","coordinates":[[-70.76709,-34.17946],[-70.7668,-34.1794]]}},{"type":"Feature","properties":{"nombre":"Diagonal Doñihue","jerarquia":5},"geometry":{"type":"LineString","coordinates":[[-70.7668,-34.1794],[-70.76537,-34.17909]]}},{"type":"Feature","properties":{"nombre":"Diagonal Doñihue","jerarquia":5},"geometry":{"type":"LineString","coordinates":[[-70.76537,-34.17909],[-70.76506,-34.17903]]}},{"type":"Feature","properties":{"nombre":"Diagonal Doñihue","jerarquia":5},"geometry":{"type":"LineString","coordinates":[[-70.76506,-34.17903],[-70.76495,-34.179]]}},{"type":"Feature","properties":{"nombre":"Diagonal Doñihue","jerarquia":5},"geometry":{"type":"LineString","coordinates":[[-70.76495,-34.179],[-70.76447,-34.17892]]}},{"type":"Feature","properties":{"nombre":"Diagonal Doñihue","jerarquia":5},"geometry":{"type":"LineString","coordinates":[[-70.76447,-34.17892],[-70.76404,-34.17881]]}},{"type":"Feature","properties":{"nombre":"Diagonal Doñihue","jerarquia":5},"geometry":{"type":"LineString","coordinates":[[-70.76404,-34.17881],[-70.76297,-34.17859]]}},{"type":"Feature","properties":{"nombre":"Diagonal Doñihue","jerarquia":5},"geometry":{"type":"LineString","coordinates":[[-70.76297,-34.17859],[-70.76272,-34.17854]]}},{"type":"Feature","properties":{"nombre":"Río Loco","jerarquia":5},"geometry":{"type":"LineString","coordinates":[[-70.76807,-34.18026],[-70.76753,-34.18046]]}},{"type":"Feature","properties":{"nombre":"Río Loco","jerarquia":5},"geometry":{"type":"LineString","coordinates":[[-70.76753,-34.18046],[-70.76717,-34.18059]]}},{"type":"Feature","properties":{"nombre":"Río Loco","jerarquia":5},"geometry":{"type":"LineString","coordinates":[[-70.76717,-34.18059],[-70.76675,-34.18074]]}},{"type":"Feature","properties":{"nombre":"Río Loco","jerarquia":5},"geometry":{"type":"LineString","coordinates":[[-70.76675,-34.18074],[-70.76589,-34.18106]]}},{"type":"Feature","properties":{"nombre":"Río Loco","jerarquia":5},"geometry":{"type":"LineString","coordinates":[[-70.76589,-34.18106],[-70.76469,-34.18151]]}},{"type":"Feature","properties":{"nombre":"Diagonal Doñihue","jerarquia":5},"geometry":{"type":"LineString","coordinates":[[-70.76236,-34.17831],[-70.76277,-34.17839]]}},{"type":"Feature","properties":{"nombre":"Diagonal Doñihue","jerarquia":5},"geometry":{"type":"LineString","coordinates":[[-70.76277,-34.17839],[-70.76317,-34.17848]]}},{"type":"Feature","properties":{"nombre":"Diagonal Doñihue","jerarquia":5},"geometry":{"type":"LineString","coordinates":[[-70.76317,-34.17848],[-70.7636,-34.17857]]}},{"type":"Feature","properties":{"nombre":"Diagonal Doñihue","jerarquia":5},"geometry":{"type":"LineString","coordinates":[[-70.7636,-34.17857],[-70.76402,-34.17865]]}},{"type":"Feature","properties":{"nombre":"Diagonal Doñihue","jerarquia":5},"geometry":{"type":"LineString","coordinates":[[-70.76402,-34.17865],[-70.76472,-34.1788]]}},{"type":"Feature","properties":{"nombre":"Diagonal Doñihue","jerarquia":5},"geometry":{"type":"LineString","coordinates":[[-70.76472,-34.1788],[-70.76495,-34.17885]]}},{"type":"Feature","properties":{"nombre":"Diagonal Doñihue","jerarquia":5},"geometry":{"type":"LineString","coordinates":[[-70.76495,-34.17885],[-70.7651,-34.17888]]}},{"type":"Feature","properties":{"nombre":"Diagonal Doñihue","jerarquia":5},"geometry":{"type":"LineString","coordinates":[[-70.7651,-34.17888],[-70.7654,-34.17894]]}},{"type":"Feature","properties":{"nombre":"Diagonal Doñihue","jerarquia":5},"geometry":{"type":"LineString","coordinates":[[-70.7654,-34.17894],[-70.76582,-34.17903]]}},{"type":"Feature","properties":{"nombre":"Diagonal Doñihue","jerarquia":5},"geometry":{"type":"LineString","coordinates":[[-70.76582,-34.17903],[-70.76625,-34.17912]]}},{"type":"Feature","properties":{"nombre":"Diagonal Doñihue","jerarquia":5},"geometry":{"type":"LineString","coordinates":[[-70.76625,-34.17912],[-70.76713,-34.17931]]}},{"type":"Feature","properties":{"nombre":"Diagonal Doñihue","jerarquia":5},"geometry":{"type":"LineString","coordinates":[[-70.76713,-34.17931],[-70.76719,-34.17932]]}},{"type":"Feature","properties":{"nombre":"Diagonal Doñihue","jerarquia":5},"geometry":{"type":"LineString","coordinates":[[-70.76719,-34.17932],[-70.76739,-34.17937]]}},{"type":"Feature","properties":{"nombre":"Avenida Provincial","jerarquia":5},"geometry":{"type":"LineString","coordinates":[[-70.77186,-34.18502],[-70.77111,-34.18404]]}},{"type":"Feature","properties":{"nombre":"Bernadette Soubirous","jerarquia":5},"geometry":{"type":"LineString","coordinates":[[-70.76315,-34.17948],[-70.76301,-34.17955]]}},{"type":"Feature","properties":{"nombre":"Lourdes","jerarquia":5},"geometry":{"type":"LineString","coordinates":[[-70.76428,-34.18135],[-70.76301,-34.17955]]}},{"type":"Feature","properties":{"nombre":"Avenida General Manuel Baquedano","jerarquia":5},"geometry":{"type":"LineString","coordinates":[[-70.75399,-34.1683],[-70.7543,-34.1683],[-70.75436,-34.16834]]}},{"type":"Feature","properties":{"nombre":"Avenida Capitán Ramón Freire","jerarquia":4},"geometry":{"type":"LineString","coordinates":[[-70.73765,-34.18105],[-70.73754,-34.18095],[-70.73745,-34.18061]]}},{"type":"Feature","properties":{"nombre":"Avenida Capitán Ramón Freire","jerarquia":4},"geometry":{"type":"LineString","coordinates":[[-70.73745,-34.18061],[-70.73731,-34.18009]]}},{"type":"Feature","properties":{"nombre":"Avenida Capitán Ramón Freire","jerarquia":4},"geometry":{"type":"LineString","coordinates":[[-70.73731,-34.18009],[-70.73719,-34.17961]]}},{"type":"Feature","properties":{"nombre":"Avenida Provincial","jerarquia":5},"geometry":{"type":"LineString","coordinates":[[-70.76126,-34.1698],[-70.76116,-34.16966]]}},{"type":"Feature","properties":{"nombre":"Avenida Provincial","jerarquia":5},"geometry":{"type":"LineString","coordinates":[[-70.76116,-34.16966],[-70.76066,-34.16912]]}},{"type":"Feature","properties":{"nombre":"Avenida Provincial","jerarquia":5},"geometry":{"type":"LineString","coordinates":[[-70.76066,-34.16912],[-70.76047,-34.1689]]}},{"type":"Feature","properties":{"nombre":"Avenida Provincial","jerarquia":5},"geometry":{"type":"LineString","coordinates":[[-70.76047,-34.1689],[-70.76036,-34.16877],[-70.76009,-34.16866]]}},{"type":"Feature","properties":{"nombre":"Avenida Provincial","jerarquia":5},"geometry":{"type":"LineString","coordinates":[[-70.76009,-34.16866],[-70.76005,-34.16861]]}},{"type":"Feature","properties":{"nombre":"Avenida Provincial","jerarquia":5},"geometry":{"type":"LineString","coordinates":[[-70.76005,-34.16861],[-70.75984,-34.16824]]}},{"type":"Feature","properties":{"nombre":"Avenida Provincial","jerarquia":5},"geometry":{"type":"LineString","coordinates":[[-70.75984,-34.16824],[-70.7596,-34.16784]]}},{"type":"Feature","properties":{"nombre":"Avenida Provincial","jerarquia":5},"geometry":{"type":"LineString","coordinates":[[-70.7596,-34.16784],[-70.75939,-34.16735]]}},{"type":"Feature","properties":{"nombre":"Avenida Provincial","jerarquia":5},"geometry":{"type":"LineString","coordinates":[[-70.76268,-34.17173],[-70.76242,-34.17152]]}},{"type":"Feature","properties":{"nombre":"Avenida Provincial","jerarquia":5},"geometry":{"type":"LineString","coordinates":[[-70.76242,-34.17152],[-70.7623,-34.17135]]}},{"type":"Feature","properties":{"nombre":"Avenida Provincial","jerarquia":5},"geometry":{"type":"LineString","coordinates":[[-70.7623,-34.17135],[-70.76206,-34.17102]]}},{"type":"Feature","properties":{"nombre":"Avenida Provincial","jerarquia":5},"geometry":{"type":"LineString","coordinates":[[-70.76206,-34.17102],[-70.76155,-34.17036]]}},{"type":"Feature","properties":{"nombre":"Avenida Provincial","jerarquia":5},"geometry":{"type":"LineString","coordinates":[[-70.76155,-34.17036],[-70.76133,-34.17005]]}},{"type":"Feature","properties":{"nombre":"Avenida Provincial","jerarquia":5},"geometry":{"type":"LineString","coordinates":[[-70.76133,-34.17005],[-70.76126,-34.1698]]}},{"type":"Feature","properties":{"nombre":"Avenida Provincial","jerarquia":5},"geometry":{"type":"LineString","coordinates":[[-70.76291,-34.17332],[-70.76289,-34.17298]]}},{"type":"Feature","properties":{"nombre":"Avenida Provincial","jerarquia":5},"geometry":{"type":"LineString","coordinates":[[-70.76289,-34.17298],[-70.76304,-34.17254]]}},{"type":"Feature","properties":{"nombre":"Avenida Provincial","jerarquia":5},"geometry":{"type":"LineString","coordinates":[[-70.76304,-34.17254],[-70.76299,-34.17221]]}},{"type":"Feature","properties":{"nombre":"Avenida Provincial","jerarquia":5},"geometry":{"type":"LineString","coordinates":[[-70.76299,-34.17221],[-70.76291,-34.17203],[-70.76268,-34.17173]]}},{"type":"Feature","properties":{"nombre":"Avenida Circunvalación Poniente","jerarquia":5},"geometry":{"type":"LineString","coordinates":[[-70.76968,-34.17316],[-70.76948,-34.173],[-70.76905,-34.1725]]}},{"type":"Feature","properties":{"nombre":"Avenida Circunvalación Poniente","jerarquia":5},"geometry":{"type":"LineString","coordinates":[[-70.76905,-34.1725],[-70.7688,-34.17217]]}},{"type":"Feature","properties":{"nombre":"Avenida Circunvalación Poniente","jerarquia":5},"geometry":{"type":"LineString","coordinates":[[-70.7688,-34.17217],[-70.76855,-34.17186]]}},{"type":"Feature","properties":{"nombre":"Avenida Circunvalación Poniente","jerarquia":5},"geometry":{"type":"LineString","coordinates":[[-70.76855,-34.17186],[-70.76828,-34.17153]]}},{"type":"Feature","properties":{"nombre":"Avenida Provincial","jerarquia":5},"geometry":{"type":"LineString","coordinates":[[-70.76126,-34.1698],[-70.76146,-34.17006]]}},{"type":"Feature","properties":{"nombre":"Avenida Provincial","jerarquia":5},"geometry":{"type":"LineString","coordinates":[[-70.76146,-34.17006],[-70.76164,-34.1703]]}},{"type":"Feature","properties":{"nombre":"Avenida Provincial","jerarquia":5},"geometry":{"type":"LineString","coordinates":[[-70.76164,-34.1703],[-70.76213,-34.17098]]}},{"type":"Feature","properties":{"nombre":"Avenida Provincial","jerarquia":5},"geometry":{"type":"LineString","coordinates":[[-70.76213,-34.17098],[-70.76225,-34.17116]]}},{"type":"Feature","properties":{"nombre":"Avenida Provincial","jerarquia":5},"geometry":{"type":"LineString","coordinates":[[-70.76225,-34.17116],[-70.76268,-34.17173]]}},{"type":"Feature","properties":{"nombre":"Río Loco","jerarquia":5},"geometry":{"type":"LineString","coordinates":[[-70.76022,-34.18318],[-70.76076,-34.1829],[-70.76141,-34.18263]]}},{"type":"Feature","properties":{"nombre":"Avenida Circunvalación Poniente","jerarquia":5},"geometry":{"type":"LineString","coordinates":[[-70.77086,-34.17391],[-70.77197,-34.17518]]}},{"type":"Feature","properties":{"nombre":"Avenida Circunvalación Poniente","jerarquia":5},"geometry":{"type":"LineString","coordinates":[[-70.77197,-34.17518],[-70.77206,-34.17528]]}},{"type":"Feature","properties":{"nombre":"Avenida Circunvalación Poniente","jerarquia":5},"geometry":{"type":"LineString","coordinates":[[-70.77206,-34.17528],[-70.77261,-34.17591]]}},{"type":"Feature","properties":{"nombre":"Avenida Circunvalación Poniente","jerarquia":5},"geometry":{"type":"LineString","coordinates":[[-70.77261,-34.17591],[-70.77303,-34.17639]]}},{"type":"Feature","properties":{"nombre":"Avenida Circunvalación Poniente","jerarquia":5},"geometry":{"type":"LineString","coordinates":[[-70.77303,-34.17639],[-70.77324,-34.17666],[-70.77338,-34.17696]]}},{"type":"Feature","properties":{"nombre":"Avenida Circunvalación Poniente","jerarquia":5},"geometry":{"type":"LineString","coordinates":[[-70.77338,-34.17696],[-70.77342,-34.17707]]}},{"type":"Feature","properties":{"nombre":"Avenida Circunvalación Poniente","jerarquia":5},"geometry":{"type":"LineString","coordinates":[[-70.77342,-34.17707],[-70.77354,-34.17745],[-70.77377,-34.17777]]}},{"type":"Feature","properties":{"nombre":"Avenida Circunvalación Poniente","jerarquia":5},"geometry":{"type":"LineString","coordinates":[[-70.77377,-34.17777],[-70.77389,-34.17791]]}},{"type":"Feature","properties":{"nombre":"Río Loco","jerarquia":5},"geometry":{"type":"LineString","coordinates":[[-70.75837,-34.1842],[-70.75915,-34.18387],[-70.75992,-34.18338]]}},{"type":"Feature","properties":{"nombre":"Río Loco","jerarquia":5},"geometry":{"type":"LineString","coordinates":[[-70.76002,-34.18346],[-70.75933,-34.18389],[-70.75842,-34.18429]]}},{"type":"Feature","properties":{"nombre":"Ruta H-30","jerarquia":3},"geometry":{"type":"LineString","coordinates":[[-70.83327,-34.18253],[-70.83541,-34.18356]]}},{"type":"Feature","properties":{"nombre":"Ruta H-30","jerarquia":3},"geometry":{"type":"LineString","coordinates":[[-70.83541,-34.18356],[-70.83817,-34.18497]]}},{"type":"Feature","properties":{"nombre":"Ruta H-30","jerarquia":3},"geometry":{"type":"LineString","coordinates":[[-70.83817,-34.18497],[-70.84272,-34.18722]]}},{"type":"Feature","properties":{"nombre":"Ruta H-30","jerarquia":3},"geometry":{"type":"LineString","coordinates":[[-70.84272,-34.18722],[-70.8438,-34.18775]]}},{"type":"Feature","properties":{"nombre":"Ruta H-30","jerarquia":3},"geometry":{"type":"LineString","coordinates":[[-70.8438,-34.18775],[-70.84391,-34.1878]]}},{"type":"Feature","properties":{"nombre":"Ruta H-30","jerarquia":3},"geometry":{"type":"LineString","coordinates":[[-70.84391,-34.1878],[-70.84464,-34.18817],[-70.84496,-34.18841]]}},{"type":"Feature","properties":{"nombre":"Ruta H-30","jerarquia":3},"geometry":{"type":"LineString","coordinates":[[-70.79343,-34.18266],[-70.79067,-34.1829]]}},{"type":"Feature","properties":{"nombre":"La Moranina","jerarquia":5},"geometry":{"type":"LineString","coordinates":[[-70.78425,-34.13175],[-70.78357,-34.13192]]}},{"type":"Feature","properties":{"nombre":"La Moranina","jerarquia":5},"geometry":{"type":"LineString","coordinates":[[-70.78357,-34.13192],[-70.78053,-34.1327]]}},{"type":"Feature","properties":{"nombre":"La Moranina","jerarquia":5},"geometry":{"type":"LineString","coordinates":[[-70.78053,-34.1327],[-70.76146,-34.13734]]}},{"type":"Feature","properties":{"nombre":"La Moranina","jerarquia":5},"geometry":{"type":"LineString","coordinates":[[-70.76146,-34.13734],[-70.76127,-34.13739]]}},{"type":"Feature","properties":{"nombre":"La Moranina","jerarquia":5},"geometry":{"type":"LineString","coordinates":[[-70.79201,-34.12993],[-70.79191,-34.12985],[-70.79178,-34.12985],[-70.78425,-34.13175]]}},{"type":"Feature","properties":{"nombre":"Estación","jerarquia":4},"geometry":{"type":"LineString","coordinates":[[-70.75252,-34.1686],[-70.75219,-34.16873],[-70.75213,-34.16882],[-70.75209,-34.16908]]}},{"type":"Feature","properties":{"nombre":"","jerarquia":3},"geometry":{"type":"LineString","coordinates":[[-70.7288,-34.18114],[-70.72937,-34.18109]]}},{"type":"Feature","properties":{"nombre":"","jerarquia":3},"geometry":{"type":"LineString","coordinates":[[-70.72335,-34.18469],[-70.72286,-34.18486]]}},{"type":"Feature","properties":{"nombre":"","jerarquia":3},"geometry":{"type":"LineString","coordinates":[[-70.72129,-34.18574],[-70.7212,-34.18585],[-70.72073,-34.18619]]}},{"type":"Feature","properties":{"nombre":"Caletera Carretera Presidente Eduardo Frei Montalva","jerarquia":5},"geometry":{"type":"LineString","coordinates":[[-70.72073,-34.18619],[-70.71938,-34.18697]]}},{"type":"Feature","properties":{"nombre":"Caletera Carretera Presidente Eduardo Frei Montalva","jerarquia":5},"geometry":{"type":"LineString","coordinates":[[-70.71938,-34.18697],[-70.71928,-34.18703]]}},{"type":"Feature","properties":{"nombre":"Caletera Carretera Presidente Eduardo Frei Montalva","jerarquia":5},"geometry":{"type":"LineString","coordinates":[[-70.71928,-34.18703],[-70.71827,-34.1876]]}},{"type":"Feature","properties":{"nombre":"Carretera Presidente Eduardo Frei Montalva","jerarquia":3},"geometry":{"type":"LineString","coordinates":[[-70.72964,-34.18093],[-70.73135,-34.17993]]}},{"type":"Feature","properties":{"nombre":"Carretera Presidente Eduardo Frei Montalva","jerarquia":3},"geometry":{"type":"LineString","coordinates":[[-70.73135,-34.17993],[-70.73164,-34.17976]]}},{"type":"Feature","properties":{"nombre":"Avenida Einstein","jerarquia":4},"geometry":{"type":"LineString","coordinates":[[-70.72566,-34.18318],[-70.72523,-34.18258]]}},{"type":"Feature","properties":{"nombre":"Avenida Einstein","jerarquia":4},"geometry":{"type":"LineString","coordinates":[[-70.72523,-34.18258],[-70.72489,-34.18219]]}},{"type":"Feature","properties":{"nombre":"Avenida Einstein","jerarquia":4},"geometry":{"type":"LineString","coordinates":[[-70.72489,-34.18219],[-70.72454,-34.18177]]}},{"type":"Feature","properties":{"nombre":"","jerarquia":3},"geometry":{"type":"LineString","coordinates":[[-70.72995,-34.18086],[-70.72984,-34.18106],[-70.72984,-34.18121]]}},{"type":"Feature","properties":{"nombre":"Avenida Einstein","jerarquia":5},"geometry":{"type":"LineString","coordinates":[[-70.72743,-34.18559],[-70.72583,-34.18339]]}},{"type":"Feature","properties":{"nombre":"Avenida Einstein","jerarquia":5},"geometry":{"type":"LineString","coordinates":[[-70.72583,-34.18339],[-70.7258,-34.18336]]}},{"type":"Feature","properties":{"nombre":"Avenida Einstein","jerarquia":5},"geometry":{"type":"LineString","coordinates":[[-70.7258,-34.18336],[-70.72572,-34.18326]]}},{"type":"Feature","properties":{"nombre":"","jerarquia":3},"geometry":{"type":"LineString","coordinates":[[-70.72283,-34.18488],[-70.72254,-34.18515]]}},{"type":"Feature","properties":{"nombre":"Avenida Einstein","jerarquia":5},"geometry":{"type":"LineString","coordinates":[[-70.72582,-34.1832],[-70.72748,-34.18543]]}},{"type":"Feature","properties":{"nombre":"Avenida Einstein","jerarquia":5},"geometry":{"type":"LineString","coordinates":[[-70.72748,-34.18543],[-70.72755,-34.1855]]}},{"type":"Feature","properties":{"nombre":"","jerarquia":2},"geometry":{"type":"LineString","coordinates":[[-70.73497,-34.18053],[-70.73444,-34.18001]]}},{"type":"Feature","properties":{"nombre":"","jerarquia":2},"geometry":{"type":"LineString","coordinates":[[-70.74275,-34.18618],[-70.74116,-34.18533],[-70.74009,-34.18455]]}},{"type":"Feature","properties":{"nombre":"","jerarquia":2},"geometry":{"type":"LineString","coordinates":[[-70.74009,-34.18455],[-70.74003,-34.18451]]}},{"type":"Feature","properties":{"nombre":"","jerarquia":2},"geometry":{"type":"LineString","coordinates":[[-70.73684,-34.1818],[-70.73623,-34.18147]]}},{"type":"Feature","properties":{"nombre":"Avenida Pedro de Valdivia","jerarquia":3},"geometry":{"type":"LineString","coordinates":[[-70.73548,-34.17688],[-70.73617,-34.17615]]}},{"type":"Feature","properties":{"nombre":"Avenida Pedro de Valdivia","jerarquia":3},"geometry":{"type":"LineString","coordinates":[[-70.73617,-34.17615],[-70.73626,-34.17606]]}},{"type":"Feature","properties":{"nombre":"Avenida Las Torres","jerarquia":4},"geometry":{"type":"LineString","coordinates":[[-70.74001,-34.18434],[-70.74033,-34.18412]]}},{"type":"Feature","properties":{"nombre":"Carretera Presidente Eduardo Frei Montalva","jerarquia":3},"geometry":{"type":"LineString","coordinates":[[-70.72572,-34.18326],[-70.7254,-34.18344]]}},{"type":"Feature","properties":{"nombre":"Carretera Presidente Eduardo Frei Montalva","jerarquia":3},"geometry":{"type":"LineString","coordinates":[[-70.7254,-34.18344],[-70.72286,-34.18486]]}},{"type":"Feature","properties":{"nombre":"Carretera Presidente Eduardo Frei Montalva","jerarquia":3},"geometry":{"type":"LineString","coordinates":[[-70.72286,-34.18486],[-70.72283,-34.18488]]}},{"type":"Feature","properties":{"nombre":"Avenida Las Torres","jerarquia":4},"geometry":{"type":"LineString","coordinates":[[-70.74015,-34.18443],[-70.74007,-34.18448]]}},{"type":"Feature","properties":{"nombre":"Avenida Las Torres","jerarquia":4},"geometry":{"type":"LineString","coordinates":[[-70.74007,-34.18448],[-70.74003,-34.18451]]}},{"type":"Feature","properties":{"nombre":"Avenida Las Torres","jerarquia":4},"geometry":{"type":"LineString","coordinates":[[-70.74103,-34.18366],[-70.7411,-34.18361]]}},{"type":"Feature","properties":{"nombre":"Avenida Las Torres","jerarquia":4},"geometry":{"type":"LineString","coordinates":[[-70.7411,-34.18361],[-70.74204,-34.18298]]}},{"type":"Feature","properties":{"nombre":"Avenida Las Torres","jerarquia":4},"geometry":{"type":"LineString","coordinates":[[-70.74204,-34.18298],[-70.74266,-34.18258]]}},{"type":"Feature","properties":{"nombre":"Avenida Las Torres","jerarquia":4},"geometry":{"type":"LineString","coordinates":[[-70.74266,-34.18258],[-70.74276,-34.18251]]}},{"type":"Feature","properties":{"nombre":"Avenida Las Torres","jerarquia":4},"geometry":{"type":"LineString","coordinates":[[-70.74276,-34.18251],[-70.74287,-34.18244]]}},{"type":"Feature","properties":{"nombre":"Avenida Las Torres","jerarquia":4},"geometry":{"type":"LineString","coordinates":[[-70.74287,-34.18244],[-70.74301,-34.18234]]}},{"type":"Feature","properties":{"nombre":"Avenida Las Torres","jerarquia":4},"geometry":{"type":"LineString","coordinates":[[-70.74301,-34.18234],[-70.74326,-34.18217]]}},{"type":"Feature","properties":{"nombre":"Avenida Las Torres","jerarquia":4},"geometry":{"type":"LineString","coordinates":[[-70.74326,-34.18217],[-70.7442,-34.18155]]}},{"type":"Feature","properties":{"nombre":"Avenida Las Torres","jerarquia":4},"geometry":{"type":"LineString","coordinates":[[-70.7442,-34.18155],[-70.74446,-34.18137]]}},{"type":"Feature","properties":{"nombre":"Avenida Las Torres","jerarquia":4},"geometry":{"type":"LineString","coordinates":[[-70.74446,-34.18137],[-70.74484,-34.18113]]}},{"type":"Feature","properties":{"nombre":"Avenida Las Torres","jerarquia":4},"geometry":{"type":"LineString","coordinates":[[-70.74484,-34.18113],[-70.74524,-34.18086]]}},{"type":"Feature","properties":{"nombre":"Avenida Las Torres","jerarquia":4},"geometry":{"type":"LineString","coordinates":[[-70.74524,-34.18086],[-70.74568,-34.18056]]}},{"type":"Feature","properties":{"nombre":"Avenida Las Torres","jerarquia":5},"geometry":{"type":"LineString","coordinates":[[-70.73984,-34.18445],[-70.73989,-34.18442]]}},{"type":"Feature","properties":{"nombre":"Avenida Las Torres","jerarquia":4},"geometry":{"type":"LineString","coordinates":[[-70.74103,-34.18366],[-70.74077,-34.184],[-70.7406,-34.18412]]}},{"type":"Feature","properties":{"nombre":"Avenida Las Torres","jerarquia":4},"geometry":{"type":"LineString","coordinates":[[-70.7406,-34.18412],[-70.74052,-34.18418]]}},{"type":"Feature","properties":{"nombre":"Avenida Pedro de Valdivia","jerarquia":3},"geometry":{"type":"LineString","coordinates":[[-70.73548,-34.17688],[-70.73591,-34.17663],[-70.73623,-34.1765]]}},{"type":"Feature","properties":{"nombre":"Avenida Pedro de Valdivia","jerarquia":3},"geometry":{"type":"LineString","coordinates":[[-70.73623,-34.1765],[-70.73628,-34.17649]]}},{"type":"Feature","properties":{"nombre":"","jerarquia":4},"geometry":{"type":"LineString","coordinates":[[-70.7392,-34.17555],[-70.73959,-34.17526]]}},{"type":"Feature","properties":{"nombre":"","jerarquia":2},"geometry":{"type":"LineString","coordinates":[[-70.73212,-34.17942],[-70.73238,-34.17905],[-70.7324,-34.17891],[-70.73235,-34.17877],[-70.73169,-34.17821],[-70.7308,-34.17731]]}},{"type":"Feature","properties":{"nombre":"Avenida General Manuel Baquedano","jerarquia":4},"geometry":{"type":"LineString","coordinates":[[-70.75939,-34.16735],[-70.76012,-34.16719]]}},{"type":"Feature","properties":{"nombre":"Avenida General Manuel Baquedano","jerarquia":4},"geometry":{"type":"LineString","coordinates":[[-70.76012,-34.16719],[-70.76062,-34.16708]]}},{"type":"Feature","properties":{"nombre":"Avenida General Manuel Baquedano","jerarquia":4},"geometry":{"type":"LineString","coordinates":[[-70.76062,-34.16708],[-70.76108,-34.16699]]}},{"type":"Feature","properties":{"nombre":"Avenida General Manuel Baquedano","jerarquia":4},"geometry":{"type":"LineString","coordinates":[[-70.76108,-34.16699],[-70.76169,-34.16686]]}},{"type":"Feature","properties":{"nombre":"Avenida General Manuel Baquedano","jerarquia":4},"geometry":{"type":"LineString","coordinates":[[-70.76169,-34.16686],[-70.76278,-34.16659]]}},{"type":"Feature","properties":{"nombre":"Avenida General Manuel Baquedano","jerarquia":4},"geometry":{"type":"LineString","coordinates":[[-70.76278,-34.16659],[-70.76358,-34.1664]]}},{"type":"Feature","properties":{"nombre":"Avenida General Manuel Baquedano","jerarquia":4},"geometry":{"type":"LineString","coordinates":[[-70.75572,-34.16815],[-70.75548,-34.16822]]}},{"type":"Feature","properties":{"nombre":"Avenida General Manuel Baquedano","jerarquia":4},"geometry":{"type":"LineString","coordinates":[[-70.75548,-34.16822],[-70.75436,-34.16834]]}},{"type":"Feature","properties":{"nombre":"Avenida General Manuel Baquedano","jerarquia":4},"geometry":{"type":"LineString","coordinates":[[-70.75436,-34.16834],[-70.75348,-34.16847]]}},{"type":"Feature","properties":{"nombre":"Avenida República de Chile","jerarquia":5},"geometry":{"type":"LineString","coordinates":[[-70.74643,-34.15384],[-70.74595,-34.15406],[-70.74564,-34.15415]]}},{"type":"Feature","properties":{"nombre":"Avenida República de Chile","jerarquia":5},"geometry":{"type":"LineString","coordinates":[[-70.74564,-34.15415],[-70.74449,-34.15431]]}},{"type":"Feature","properties":{"nombre":"Avenida República de Chile","jerarquia":5},"geometry":{"type":"LineString","coordinates":[[-70.74449,-34.15431],[-70.74392,-34.15438]]}},{"type":"Feature","properties":{"nombre":"Camino La Cruz","jerarquia":4},"geometry":{"type":"LineString","coordinates":[[-70.72729,-34.15619],[-70.72731,-34.15559]]}},{"type":"Feature","properties":{"nombre":"Avenida República de Chile","jerarquia":3},"geometry":{"type":"LineString","coordinates":[[-70.70312,-34.16573],[-70.70323,-34.16567]]}},{"type":"Feature","properties":{"nombre":"Avenida República de Chile","jerarquia":3},"geometry":{"type":"LineString","coordinates":[[-70.70323,-34.16567],[-70.70386,-34.16538],[-70.70521,-34.16448]]}},{"type":"Feature","properties":{"nombre":"Avenida República de Chile","jerarquia":3},"geometry":{"type":"LineString","coordinates":[[-70.70521,-34.16448],[-70.70611,-34.16386]]}},{"type":"Feature","properties":{"nombre":"Avenida República de Chile","jerarquia":3},"geometry":{"type":"LineString","coordinates":[[-70.70611,-34.16386],[-70.70729,-34.16308]]}},{"type":"Feature","properties":{"nombre":"Avenida República de Chile","jerarquia":3},"geometry":{"type":"LineString","coordinates":[[-70.70729,-34.16308],[-70.70752,-34.16293]]}},{"type":"Feature","properties":{"nombre":"","jerarquia":2},"geometry":{"type":"LineString","coordinates":[[-70.72832,-34.15285],[-70.72836,-34.15369],[-70.72856,-34.15486]]}},{"type":"Feature","properties":{"nombre":"San Lorenzo","jerarquia":5},"geometry":{"type":"LineString","coordinates":[[-70.73754,-34.13242],[-70.73737,-34.13253]]}},{"type":"Feature","properties":{"nombre":"San Lorenzo","jerarquia":5},"geometry":{"type":"LineString","coordinates":[[-70.73737,-34.13253],[-70.73725,-34.1326]]}},{"type":"Feature","properties":{"nombre":"San Lorenzo","jerarquia":5},"geometry":{"type":"LineString","coordinates":[[-70.73725,-34.1326],[-70.73695,-34.1328]]}},{"type":"Feature","properties":{"nombre":"San Lorenzo","jerarquia":5},"geometry":{"type":"LineString","coordinates":[[-70.73695,-34.1328],[-70.73687,-34.13285]]}},{"type":"Feature","properties":{"nombre":"San Lorenzo","jerarquia":5},"geometry":{"type":"LineString","coordinates":[[-70.73687,-34.13285],[-70.73656,-34.13305]]}},{"type":"Feature","properties":{"nombre":"San Lorenzo","jerarquia":5},"geometry":{"type":"LineString","coordinates":[[-70.73656,-34.13305],[-70.7365,-34.13309]]}},{"type":"Feature","properties":{"nombre":"San Lorenzo","jerarquia":5},"geometry":{"type":"LineString","coordinates":[[-70.7365,-34.13309],[-70.73619,-34.13329]]}},{"type":"Feature","properties":{"nombre":"San Lorenzo","jerarquia":5},"geometry":{"type":"LineString","coordinates":[[-70.73619,-34.13329],[-70.73605,-34.13338]]}},{"type":"Feature","properties":{"nombre":"Pintor Gustavo Cabello","jerarquia":5},"geometry":{"type":"LineString","coordinates":[[-70.73732,-34.14116],[-70.73935,-34.13988]]}},{"type":"Feature","properties":{"nombre":"Pintor Gustavo Cabello","jerarquia":5},"geometry":{"type":"LineString","coordinates":[[-70.73935,-34.13988],[-70.73943,-34.13983]]}},{"type":"Feature","properties":{"nombre":"Pintor Gustavo Cabello","jerarquia":5},"geometry":{"type":"LineString","coordinates":[[-70.73943,-34.13983],[-70.74186,-34.13832]]}},{"type":"Feature","properties":{"nombre":"Río Loa","jerarquia":5},"geometry":{"type":"LineString","coordinates":[[-70.73737,-34.13253],[-70.7365,-34.13164]]}},{"type":"Feature","properties":{"nombre":"Nelson Pereira","jerarquia":5},"geometry":{"type":"LineString","coordinates":[[-70.73857,-34.13551],[-70.73824,-34.13524]]}},{"type":"Feature","properties":{"nombre":"Nelson Pereira","jerarquia":5},"geometry":{"type":"LineString","coordinates":[[-70.73824,-34.13524],[-70.73802,-34.13508]]}},{"type":"Feature","properties":{"nombre":"Avenida Kennedy","jerarquia":3},"geometry":{"type":"LineString","coordinates":[[-70.73231,-34.13607],[-70.73137,-34.13502]]}},{"type":"Feature","properties":{"nombre":"Samuel Román Rojas","jerarquia":5},"geometry":{"type":"LineString","coordinates":[[-70.74007,-34.13661],[-70.74099,-34.13593]]}},{"type":"Feature","properties":{"nombre":"Camino Los Fresnos","jerarquia":5},"geometry":{"type":"LineString","coordinates":[[-70.73753,-34.12429],[-70.73777,-34.12451]]}},{"type":"Feature","properties":{"nombre":"Camino Los Fresnos","jerarquia":5},"geometry":{"type":"LineString","coordinates":[[-70.73777,-34.12451],[-70.73801,-34.12474]]}},{"type":"Feature","properties":{"nombre":"Camino Los Fresnos","jerarquia":5},"geometry":{"type":"LineString","coordinates":[[-70.73801,-34.12474],[-70.73828,-34.12499]]}},{"type":"Feature","properties":{"nombre":"Nelson Pereira","jerarquia":5},"geometry":{"type":"LineString","coordinates":[[-70.74183,-34.13824],[-70.74166,-34.13811]]}},{"type":"Feature","properties":{"nombre":"Nelson Pereira","jerarquia":5},"geometry":{"type":"LineString","coordinates":[[-70.74166,-34.13811],[-70.7415,-34.13799]]}},{"type":"Feature","properties":{"nombre":"Nelson Pereira","jerarquia":5},"geometry":{"type":"LineString","coordinates":[[-70.7415,-34.13799],[-70.74101,-34.13758]]}},{"type":"Feature","properties":{"nombre":"Nelson Pereira","jerarquia":5},"geometry":{"type":"LineString","coordinates":[[-70.74101,-34.13758],[-70.74064,-34.13727]]}},{"type":"Feature","properties":{"nombre":"Nelson Pereira","jerarquia":5},"geometry":{"type":"LineString","coordinates":[[-70.74064,-34.13727],[-70.74013,-34.13686]]}},{"type":"Feature","properties":{"nombre":"Nelson Pereira","jerarquia":5},"geometry":{"type":"LineString","coordinates":[[-70.74013,-34.13686],[-70.74005,-34.1368]]}},{"type":"Feature","properties":{"nombre":"Nelson Pereira","jerarquia":5},"geometry":{"type":"LineString","coordinates":[[-70.74368,-34.13971],[-70.74321,-34.13931]]}},{"type":"Feature","properties":{"nombre":"","jerarquia":4},"geometry":{"type":"LineString","coordinates":[[-70.73959,-34.14555],[-70.73953,-34.14543]]}},{"type":"Feature","properties":{"nombre":"Avenida Los Alpes","jerarquia":5},"geometry":{"type":"LineString","coordinates":[[-70.73672,-34.15024],[-70.73766,-34.14996]]}},{"type":"Feature","properties":{"nombre":"Avenida Los Alpes","jerarquia":5},"geometry":{"type":"LineString","coordinates":[[-70.73766,-34.14996],[-70.73809,-34.14985]]}},{"type":"Feature","properties":{"nombre":"Avenida Los Alpes","jerarquia":5},"geometry":{"type":"LineString","coordinates":[[-70.73809,-34.14985],[-70.73835,-34.14977]]}},{"type":"Feature","properties":{"nombre":"Avenida Los Alpes","jerarquia":5},"geometry":{"type":"LineString","coordinates":[[-70.73835,-34.14977],[-70.73959,-34.14944]]}},{"type":"Feature","properties":{"nombre":"Avenida Los Alpes","jerarquia":5},"geometry":{"type":"LineString","coordinates":[[-70.73959,-34.14944],[-70.74038,-34.1492]]}},{"type":"Feature","properties":{"nombre":"Avenida Los Alpes","jerarquia":5},"geometry":{"type":"LineString","coordinates":[[-70.74038,-34.1492],[-70.74094,-34.14904]]}},{"type":"Feature","properties":{"nombre":"Avenida Los Alpes","jerarquia":5},"geometry":{"type":"LineString","coordinates":[[-70.74094,-34.14904],[-70.74174,-34.14881]]}},{"type":"Feature","properties":{"nombre":"Avenida Los Alpes","jerarquia":5},"geometry":{"type":"LineString","coordinates":[[-70.74174,-34.14881],[-70.74215,-34.1487]]}},{"type":"Feature","properties":{"nombre":"Avenida Los Alpes","jerarquia":5},"geometry":{"type":"LineString","coordinates":[[-70.74215,-34.1487],[-70.74233,-34.14868]]}},{"type":"Feature","properties":{"nombre":"","jerarquia":2},"geometry":{"type":"LineString","coordinates":[[-70.72902,-34.14722],[-70.72864,-34.1485]]}},{"type":"Feature","properties":{"nombre":"Costanera Norte Río Cachapoal","jerarquia":3},"geometry":{"type":"LineString","coordinates":[[-70.74705,-34.18801],[-70.74727,-34.18765],[-70.74774,-34.18723],[-70.7496,-34.18627]]}},{"type":"Feature","properties":{"nombre":"Costanera Norte Río Cachapoal","jerarquia":3},"geometry":{"type":"LineString","coordinates":[[-70.7496,-34.18627],[-70.74974,-34.1862]]}},{"type":"Feature","properties":{"nombre":"Manuel Montt","jerarquia":3},"geometry":{"type":"LineString","coordinates":[[-70.72553,-34.16724],[-70.72557,-34.16682]]}},{"type":"Feature","properties":{"nombre":"Manuel Montt","jerarquia":3},"geometry":{"type":"LineString","coordinates":[[-70.72557,-34.16682],[-70.72562,-34.1662]]}},{"type":"Feature","properties":{"nombre":"Manuel Montt","jerarquia":3},"geometry":{"type":"LineString","coordinates":[[-70.72562,-34.1662],[-70.72566,-34.16589]]}},{"type":"Feature","properties":{"nombre":"","jerarquia":2},"geometry":{"type":"LineString","coordinates":[[-70.7448,-34.18749],[-70.74561,-34.18772],[-70.74656,-34.18784]]}},{"type":"Feature","properties":{"nombre":"","jerarquia":2},"geometry":{"type":"LineString","coordinates":[[-70.73769,-34.18231],[-70.73881,-34.18293]]}},{"type":"Feature","properties":{"nombre":"Costanera Norte Río Cachapoal","jerarquia":3},"geometry":{"type":"LineString","coordinates":[[-70.7498,-34.18628],[-70.74783,-34.18727],[-70.7475,-34.18756],[-70.74718,-34.18806]]}},{"type":"Feature","properties":{"nombre":"Arturo Alessandri Palma","jerarquia":5},"geometry":{"type":"LineString","coordinates":[[-70.74587,-34.1506],[-70.74529,-34.15067]]}},{"type":"Feature","properties":{"nombre":"Arturo Alessandri Palma","jerarquia":5},"geometry":{"type":"LineString","coordinates":[[-70.74529,-34.15067],[-70.74483,-34.15072]]}},{"type":"Feature","properties":{"nombre":"Arturo Alessandri Palma","jerarquia":5},"geometry":{"type":"LineString","coordinates":[[-70.74483,-34.15072],[-70.74439,-34.15078]]}},{"type":"Feature","properties":{"nombre":"Arturo Alessandri Palma","jerarquia":5},"geometry":{"type":"LineString","coordinates":[[-70.74439,-34.15078],[-70.74347,-34.15089]]}},{"type":"Feature","properties":{"nombre":"Arturo Alessandri Palma","jerarquia":5},"geometry":{"type":"LineString","coordinates":[[-70.74347,-34.15089],[-70.74271,-34.15098]]}},{"type":"Feature","properties":{"nombre":"Avenida La Compañía","jerarquia":3},"geometry":{"type":"LineString","coordinates":[[-70.71768,-34.16826],[-70.71762,-34.16805],[-70.7172,-34.16759]]}},{"type":"Feature","properties":{"nombre":"Avenida La Compañía","jerarquia":3},"geometry":{"type":"LineString","coordinates":[[-70.7172,-34.16759],[-70.71704,-34.16742]]}},{"type":"Feature","properties":{"nombre":"Avenida La Compañía","jerarquia":3},"geometry":{"type":"LineString","coordinates":[[-70.71704,-34.16742],[-70.71681,-34.16718]]}},{"type":"Feature","properties":{"nombre":"Avenida La Compañía","jerarquia":3},"geometry":{"type":"LineString","coordinates":[[-70.71681,-34.16718],[-70.71657,-34.16689]]}},{"type":"Feature","properties":{"nombre":"Avenida Bombero Domingo Villalobos","jerarquia":5},"geometry":{"type":"LineString","coordinates":[[-70.70448,-34.16698],[-70.7043,-34.16699]]}},{"type":"Feature","properties":{"nombre":"Avenida Bombero Domingo Villalobos","jerarquia":5},"geometry":{"type":"LineString","coordinates":[[-70.7043,-34.16699],[-70.70414,-34.16686]]}},{"type":"Feature","properties":{"nombre":"Avenida Bombero Domingo Villalobos","jerarquia":5},"geometry":{"type":"LineString","coordinates":[[-70.70414,-34.16686],[-70.70347,-34.16623]]}},{"type":"Feature","properties":{"nombre":"","jerarquia":3},"geometry":{"type":"LineString","coordinates":[[-70.70366,-34.16568],[-70.70348,-34.16585],[-70.70346,-34.16604]]}},{"type":"Feature","properties":{"nombre":"Leopoldo de Asís","jerarquia":5},"geometry":{"type":"LineString","coordinates":[[-70.71041,-34.175],[-70.70898,-34.17513]]}},{"type":"Feature","properties":{"nombre":"Leopoldo de Asís","jerarquia":5},"geometry":{"type":"LineString","coordinates":[[-70.70898,-34.17513],[-70.70829,-34.17519]]}},{"type":"Feature","properties":{"nombre":"Leopoldo de Asís","jerarquia":5},"geometry":{"type":"LineString","coordinates":[[-70.70829,-34.17519],[-70.70674,-34.17532]]}},{"type":"Feature","properties":{"nombre":"Leopoldo de Asís","jerarquia":5},"geometry":{"type":"LineString","coordinates":[[-70.70674,-34.17532],[-70.70549,-34.17544]]}},{"type":"Feature","properties":{"nombre":"Avenida La Compañía","jerarquia":3},"geometry":{"type":"LineString","coordinates":[[-70.71657,-34.16689],[-70.71696,-34.1671],[-70.71717,-34.16735]]}},{"type":"Feature","properties":{"nombre":"Avenida La Compañía","jerarquia":3},"geometry":{"type":"LineString","coordinates":[[-70.71717,-34.16735],[-70.7179,-34.16814]]}},{"type":"Feature","properties":{"nombre":"Avenida Miguel Ramírez","jerarquia":4},"geometry":{"type":"LineString","coordinates":[[-70.72446,-34.17253],[-70.72638,-34.17224]]}},{"type":"Feature","properties":{"nombre":"","jerarquia":4},"geometry":{"type":"LineString","coordinates":[[-70.71714,-34.17379],[-70.71731,-34.17364],[-70.71729,-34.17352],[-70.7172,-34.17342]]}},{"type":"Feature","properties":{"nombre":"Avenida Miguel Ramírez","jerarquia":3},"geometry":{"type":"LineString","coordinates":[[-70.70142,-34.17572],[-70.7036,-34.17538],[-70.70444,-34.17533]]}},{"type":"Feature","properties":{"nombre":"Avenida Miguel Ramírez","jerarquia":3},"geometry":{"type":"LineString","coordinates":[[-70.70444,-34.17533],[-70.70459,-34.17532]]}},{"type":"Feature","properties":{"nombre":"Avenida Miguel Ramírez","jerarquia":3},"geometry":{"type":"LineString","coordinates":[[-70.70459,-34.17532],[-70.70664,-34.17513]]}},{"type":"Feature","properties":{"nombre":"Avenida Miguel Ramírez","jerarquia":3},"geometry":{"type":"LineString","coordinates":[[-70.70664,-34.17513],[-70.70913,-34.17491]]}},{"type":"Feature","properties":{"nombre":"Avenida Miguel Ramírez","jerarquia":3},"geometry":{"type":"LineString","coordinates":[[-70.70913,-34.17491],[-70.70935,-34.17489]]}},{"type":"Feature","properties":{"nombre":"","jerarquia":3},"geometry":{"type":"LineString","coordinates":[[-70.70602,-34.1753],[-70.70549,-34.17544]]}},{"type":"Feature","properties":{"nombre":"Avenida San Juan","jerarquia":3},"geometry":{"type":"LineString","coordinates":[[-70.67218,-34.16712],[-70.67249,-34.16724]]}},{"type":"Feature","properties":{"nombre":"Avenida San Juan","jerarquia":3},"geometry":{"type":"LineString","coordinates":[[-70.67249,-34.16724],[-70.67341,-34.16759],[-70.67478,-34.16824],[-70.67638,-34.16876]]}},{"type":"Feature","properties":{"nombre":"Avenida San Juan","jerarquia":3},"geometry":{"type":"LineString","coordinates":[[-70.67638,-34.16876],[-70.67727,-34.16912]]}},{"type":"Feature","properties":{"nombre":"Avenida San Juan","jerarquia":3},"geometry":{"type":"LineString","coordinates":[[-70.67727,-34.16912],[-70.67819,-34.16948]]}},{"type":"Feature","properties":{"nombre":"Avenida San Juan","jerarquia":3},"geometry":{"type":"LineString","coordinates":[[-70.67819,-34.16948],[-70.67831,-34.16952]]}},{"type":"Feature","properties":{"nombre":"Avenida San Juan","jerarquia":3},"geometry":{"type":"LineString","coordinates":[[-70.67831,-34.16952],[-70.67998,-34.17023]]}},{"type":"Feature","properties":{"nombre":"Ruta Travesía","jerarquia":2},"geometry":{"type":"LineString","coordinates":[[-70.72684,-34.17235],[-70.72686,-34.17206]]}},{"type":"Feature","properties":{"nombre":"Ruta Travesía","jerarquia":2},"geometry":{"type":"LineString","coordinates":[[-70.72696,-34.17205],[-70.72695,-34.17234]]}},{"type":"Feature","properties":{"nombre":"","jerarquia":3},"geometry":{"type":"LineString","coordinates":[[-70.70291,-34.17569],[-70.70271,-34.17564],[-70.70226,-34.17566]]}},{"type":"Feature","properties":{"nombre":"","jerarquia":3},"geometry":{"type":"LineString","coordinates":[[-70.66489,-34.16843],[-70.66489,-34.16827],[-70.66483,-34.16821]]}},{"type":"Feature","properties":{"nombre":"Avenida San Juan","jerarquia":3},"geometry":{"type":"LineString","coordinates":[[-70.7,-34.17602],[-70.69767,-34.17634]]}},{"type":"Feature","properties":{"nombre":"Avenida San Juan","jerarquia":3},"geometry":{"type":"LineString","coordinates":[[-70.69767,-34.17634],[-70.69762,-34.17634]]}},{"type":"Feature","properties":{"nombre":"Avenida La Compañía","jerarquia":4},"geometry":{"type":"LineString","coordinates":[[-70.72107,-34.17169],[-70.72191,-34.17239],[-70.72235,-34.17285]]}},{"type":"Feature","properties":{"nombre":"Camino El Recreo","jerarquia":4},"geometry":{"type":"LineString","coordinates":[[-70.66434,-34.1681],[-70.6649,-34.16812],[-70.66506,-34.16808],[-70.66529,-34.16792]]}},{"type":"Feature","properties":{"nombre":"Ruta Travesía","jerarquia":2},"geometry":{"type":"LineString","coordinates":[[-70.72693,-34.17332],[-70.7271,-34.17394],[-70.72746,-34.17456]]}},{"type":"Feature","properties":{"nombre":"Avenida San Juan","jerarquia":3},"geometry":{"type":"LineString","coordinates":[[-70.67178,-34.16712],[-70.66973,-34.16634],[-70.66925,-34.16621],[-70.66873,-34.16616],[-70.66822,-34.16618],[-70.66738,-34.16636]]}},{"type":"Feature","properties":{"nombre":"Avenida San Juan","jerarquia":3},"geometry":{"type":"LineString","coordinates":[[-70.66738,-34.16636],[-70.66711,-34.16647]]}},{"type":"Feature","properties":{"nombre":"Avenida San Juan","jerarquia":3},"geometry":{"type":"LineString","coordinates":[[-70.66711,-34.16647],[-70.66679,-34.16661]]}},{"type":"Feature","properties":{"nombre":"Avenida San Juan","jerarquia":3},"geometry":{"type":"LineString","coordinates":[[-70.66679,-34.16661],[-70.66664,-34.1667]]}},{"type":"Feature","properties":{"nombre":"Avenida San Juan","jerarquia":3},"geometry":{"type":"LineString","coordinates":[[-70.66664,-34.1667],[-70.66656,-34.16675]]}},{"type":"Feature","properties":{"nombre":"Avenida San Juan","jerarquia":3},"geometry":{"type":"LineString","coordinates":[[-70.66656,-34.16675],[-70.66611,-34.16709],[-70.66531,-34.16808]]}},{"type":"Feature","properties":{"nombre":"Avenida San Juan","jerarquia":3},"geometry":{"type":"LineString","coordinates":[[-70.66531,-34.16808],[-70.66526,-34.16814]]}},{"type":"Feature","properties":{"nombre":"Avenida San Juan","jerarquia":3},"geometry":{"type":"LineString","coordinates":[[-70.66526,-34.16814],[-70.66517,-34.16825]]}},{"type":"Feature","properties":{"nombre":"Avenida San Juan","jerarquia":3},"geometry":{"type":"LineString","coordinates":[[-70.66517,-34.16825],[-70.66484,-34.16858]]}},{"type":"Feature","properties":{"nombre":"Avenida La Compañía","jerarquia":4},"geometry":{"type":"LineString","coordinates":[[-70.72219,-34.17288],[-70.72161,-34.17227]]}},{"type":"Feature","properties":{"nombre":"Avenida La Compañía","jerarquia":4},"geometry":{"type":"LineString","coordinates":[[-70.72161,-34.17227],[-70.72107,-34.17169]]}},{"type":"Feature","properties":{"nombre":"Avenida El Parque","jerarquia":5},"geometry":{"type":"LineString","coordinates":[[-70.70155,-34.17591],[-70.70174,-34.17619]]}},{"type":"Feature","properties":{"nombre":"Avenida El Parque","jerarquia":5},"geometry":{"type":"LineString","coordinates":[[-70.70174,-34.17619],[-70.70222,-34.17687]]}},{"type":"Feature","properties":{"nombre":"Avenida El Parque","jerarquia":5},"geometry":{"type":"LineString","coordinates":[[-70.70222,-34.17687],[-70.70246,-34.17721]]}},{"type":"Feature","properties":{"nombre":"Avenida El Parque","jerarquia":5},"geometry":{"type":"LineString","coordinates":[[-70.70246,-34.17721],[-70.70271,-34.17757]]}},{"type":"Feature","properties":{"nombre":"Avenida El Parque","jerarquia":5},"geometry":{"type":"LineString","coordinates":[[-70.70271,-34.17757],[-70.70295,-34.1779]]}},{"type":"Feature","properties":{"nombre":"Avenida El Parque","jerarquia":5},"geometry":{"type":"LineString","coordinates":[[-70.70295,-34.1779],[-70.70318,-34.17826]]}},{"type":"Feature","properties":{"nombre":"Avenida El Parque","jerarquia":5},"geometry":{"type":"LineString","coordinates":[[-70.70318,-34.17826],[-70.70363,-34.17906]]}},{"type":"Feature","properties":{"nombre":"Avenida El Parque","jerarquia":5},"geometry":{"type":"LineString","coordinates":[[-70.70363,-34.17906],[-70.70398,-34.17967]]}},{"type":"Feature","properties":{"nombre":"","jerarquia":3},"geometry":{"type":"LineString","coordinates":[[-70.68456,-34.17194],[-70.68457,-34.17203],[-70.68448,-34.17208]]}},{"type":"Feature","properties":{"nombre":"","jerarquia":3},"geometry":{"type":"LineString","coordinates":[[-70.68527,-34.17236],[-70.68523,-34.17228],[-70.68534,-34.17225]]}},{"type":"Feature","properties":{"nombre":"","jerarquia":3},"geometry":{"type":"LineString","coordinates":[[-70.67638,-34.16876],[-70.67689,-34.16901],[-70.67686,-34.16907],[-70.67678,-34.16907]]}},{"type":"Feature","properties":{"nombre":"","jerarquia":3},"geometry":{"type":"LineString","coordinates":[[-70.67239,-34.16737],[-70.67237,-34.16729],[-70.67249,-34.16724]]}},{"type":"Feature","properties":{"nombre":"","jerarquia":3},"geometry":{"type":"LineString","coordinates":[[-70.67179,-34.16696],[-70.67187,-34.16708],[-70.67178,-34.16712]]}},{"type":"Feature","properties":{"nombre":"","jerarquia":3},"geometry":{"type":"LineString","coordinates":[[-70.67762,-34.16939],[-70.67723,-34.16923],[-70.6772,-34.16917],[-70.67727,-34.16912]]}},{"type":"Feature","properties":{"nombre":"Avenida Monseñor Escrivá de Balaguer","jerarquia":4},"geometry":{"type":"LineString","coordinates":[[-70.69522,-34.1769],[-70.69567,-34.17645]]}},{"type":"Feature","properties":{"nombre":"Avenida Monseñor Escrivá de Balaguer","jerarquia":4},"geometry":{"type":"LineString","coordinates":[[-70.69522,-34.1769],[-70.69155,-34.18003]]}},{"type":"Feature","properties":{"nombre":"Avenida Monseñor Escrivá de Balaguer","jerarquia":3},"geometry":{"type":"LineString","coordinates":[[-70.69597,-34.17631],[-70.69586,-34.17642]]}},{"type":"Feature","properties":{"nombre":"","jerarquia":3},"geometry":{"type":"LineString","coordinates":[[-70.69673,-34.17646],[-70.69672,-34.17634]]}},{"type":"Feature","properties":{"nombre":"","jerarquia":3},"geometry":{"type":"LineString","coordinates":[[-70.69514,-34.17604],[-70.69514,-34.17612]]}},{"type":"Feature","properties":{"nombre":"","jerarquia":3},"geometry":{"type":"LineString","coordinates":[[-70.69514,-34.17612],[-70.69512,-34.17617]]}},{"type":"Feature","properties":{"nombre":"Arturo Prat","jerarquia":4},"geometry":{"type":"LineString","coordinates":[[-70.64719,-34.17],[-70.6471,-34.16997]]}},{"type":"Feature","properties":{"nombre":"Arturo Prat","jerarquia":4},"geometry":{"type":"LineString","coordinates":[[-70.6471,-34.16997],[-70.64701,-34.16986]]}},{"type":"Feature","properties":{"nombre":"Arturo Prat","jerarquia":4},"geometry":{"type":"LineString","coordinates":[[-70.64701,-34.16986],[-70.64715,-34.1697]]}},{"type":"Feature","properties":{"nombre":"Arturo Prat","jerarquia":4},"geometry":{"type":"LineString","coordinates":[[-70.64715,-34.1697],[-70.64731,-34.16975]]}},{"type":"Feature","properties":{"nombre":"Arturo Prat","jerarquia":4},"geometry":{"type":"LineString","coordinates":[[-70.64731,-34.16975],[-70.64735,-34.16985]]}},{"type":"Feature","properties":{"nombre":"Arturo Prat","jerarquia":4},"geometry":{"type":"LineString","coordinates":[[-70.64735,-34.16985],[-70.64733,-34.1699]]}},{"type":"Feature","properties":{"nombre":"","jerarquia":3},"geometry":{"type":"LineString","coordinates":[[-70.65849,-34.17637],[-70.65869,-34.17632],[-70.65874,-34.17638],[-70.65875,-34.17653]]}},{"type":"Feature","properties":{"nombre":"Camino La Hacienda","jerarquia":5},"geometry":{"type":"LineString","coordinates":[[-70.66028,-34.18275],[-70.66079,-34.18338]]}},{"type":"Feature","properties":{"nombre":"Avenida Central Santiago Benadava Cattan","jerarquia":5},"geometry":{"type":"LineString","coordinates":[[-70.71565,-34.18147],[-70.71551,-34.18128]]}},{"type":"Feature","properties":{"nombre":"Avenida Central Santiago Benadava Cattan","jerarquia":5},"geometry":{"type":"LineString","coordinates":[[-70.71551,-34.18128],[-70.71526,-34.18096]]}},{"type":"Feature","properties":{"nombre":"Avenida Central Santiago Benadava Cattan","jerarquia":5},"geometry":{"type":"LineString","coordinates":[[-70.71526,-34.18096],[-70.71514,-34.18081]]}},{"type":"Feature","properties":{"nombre":"Avenida Central Santiago Benadava Cattan","jerarquia":5},"geometry":{"type":"LineString","coordinates":[[-70.71514,-34.18081],[-70.71502,-34.18066]]}},{"type":"Feature","properties":{"nombre":"Avenida Central Santiago Benadava Cattan","jerarquia":5},"geometry":{"type":"LineString","coordinates":[[-70.71502,-34.18066],[-70.71477,-34.18034]]}},{"type":"Feature","properties":{"nombre":"Avenida Central Santiago Benadava Cattan","jerarquia":5},"geometry":{"type":"LineString","coordinates":[[-70.71477,-34.18034],[-70.71455,-34.18006]]}},{"type":"Feature","properties":{"nombre":"Avenida Central Santiago Benadava Cattan","jerarquia":5},"geometry":{"type":"LineString","coordinates":[[-70.71455,-34.18006],[-70.71449,-34.17998]]}},{"type":"Feature","properties":{"nombre":"Avenida Central Santiago Benadava Cattan","jerarquia":5},"geometry":{"type":"LineString","coordinates":[[-70.71449,-34.17998],[-70.7143,-34.17974]]}},{"type":"Feature","properties":{"nombre":"Avenida Central Santiago Benadava Cattan","jerarquia":5},"geometry":{"type":"LineString","coordinates":[[-70.7143,-34.17974],[-70.71367,-34.17893]]}},{"type":"Feature","properties":{"nombre":"Héctor Zamorano","jerarquia":5},"geometry":{"type":"LineString","coordinates":[[-70.70927,-34.1816],[-70.70885,-34.18189]]}},{"type":"Feature","properties":{"nombre":"Héctor Zamorano","jerarquia":5},"geometry":{"type":"LineString","coordinates":[[-70.70885,-34.18189],[-70.70846,-34.18214]]}},{"type":"Feature","properties":{"nombre":"Héctor Zamorano","jerarquia":5},"geometry":{"type":"LineString","coordinates":[[-70.70846,-34.18214],[-70.70834,-34.18221]]}},{"type":"Feature","properties":{"nombre":"Héctor Zamorano","jerarquia":5},"geometry":{"type":"LineString","coordinates":[[-70.70834,-34.18221],[-70.70808,-34.18237]]}},{"type":"Feature","properties":{"nombre":"Héctor Zamorano","jerarquia":5},"geometry":{"type":"LineString","coordinates":[[-70.70808,-34.18237],[-70.70795,-34.18245]]}},{"type":"Feature","properties":{"nombre":"Héctor Zamorano","jerarquia":5},"geometry":{"type":"LineString","coordinates":[[-70.70795,-34.18245],[-70.70769,-34.18263]]}},{"type":"Feature","properties":{"nombre":"Héctor Zamorano","jerarquia":5},"geometry":{"type":"LineString","coordinates":[[-70.70769,-34.18263],[-70.70758,-34.1827]]}},{"type":"Feature","properties":{"nombre":"Héctor Zamorano","jerarquia":5},"geometry":{"type":"LineString","coordinates":[[-70.70758,-34.1827],[-70.70729,-34.18289]]}},{"type":"Feature","properties":{"nombre":"Avenida Central Santiago Benadava Cattan","jerarquia":5},"geometry":{"type":"LineString","coordinates":[[-70.71041,-34.175],[-70.71033,-34.17492]]}},{"type":"Feature","properties":{"nombre":"","jerarquia":5},"geometry":{"type":"LineString","coordinates":[[-70.71687,-34.1832],[-70.71702,-34.18315]]}},{"type":"Feature","properties":{"nombre":"Avenida El Sol","jerarquia":5},"geometry":{"type":"LineString","coordinates":[[-70.70009,-34.16471],[-70.6998,-34.16485],[-70.69776,-34.16529]]}},{"type":"Feature","properties":{"nombre":"Avenida El Sol","jerarquia":4},"geometry":{"type":"LineString","coordinates":[[-70.70896,-34.15873],[-70.70951,-34.15836]]}},{"type":"Feature","properties":{"nombre":"Avenida El Sol","jerarquia":4},"geometry":{"type":"LineString","coordinates":[[-70.70951,-34.15836],[-70.70995,-34.15806]]}},{"type":"Feature","properties":{"nombre":"Avenida El Sol","jerarquia":4},"geometry":{"type":"LineString","coordinates":[[-70.70995,-34.15806],[-70.71041,-34.15775]]}},{"type":"Feature","properties":{"nombre":"Avenida El Sol","jerarquia":4},"geometry":{"type":"LineString","coordinates":[[-70.71041,-34.15775],[-70.7117,-34.1569]]}},{"type":"Feature","properties":{"nombre":"Avenida El Sol","jerarquia":4},"geometry":{"type":"LineString","coordinates":[[-70.7117,-34.1569],[-70.7124,-34.15646]]}},{"type":"Feature","properties":{"nombre":"Avenida El Sol","jerarquia":4},"geometry":{"type":"LineString","coordinates":[[-70.7124,-34.15646],[-70.71262,-34.15612]]}},{"type":"Feature","properties":{"nombre":"Avenida El Sol","jerarquia":4},"geometry":{"type":"LineString","coordinates":[[-70.71262,-34.15612],[-70.71297,-34.1558]]}},{"type":"Feature","properties":{"nombre":"Avenida El Sol","jerarquia":4},"geometry":{"type":"LineString","coordinates":[[-70.71297,-34.1558],[-70.71336,-34.15561]]}},{"type":"Feature","properties":{"nombre":"Avenida El Sol","jerarquia":4},"geometry":{"type":"LineString","coordinates":[[-70.71509,-34.15475],[-70.7143,-34.15528]]}},{"type":"Feature","properties":{"nombre":"Avenida El Sol","jerarquia":4},"geometry":{"type":"LineString","coordinates":[[-70.7143,-34.15528],[-70.71418,-34.15535]]}},{"type":"Feature","properties":{"nombre":"Avenida El Sol","jerarquia":4},"geometry":{"type":"LineString","coordinates":[[-70.71418,-34.15535],[-70.71372,-34.15559]]}},{"type":"Feature","properties":{"nombre":"Avenida El Sol","jerarquia":4},"geometry":{"type":"LineString","coordinates":[[-70.71372,-34.15559],[-70.71347,-34.1557]]}},{"type":"Feature","properties":{"nombre":"Avenida El Sol","jerarquia":4},"geometry":{"type":"LineString","coordinates":[[-70.71347,-34.1557],[-70.71341,-34.15572]]}},{"type":"Feature","properties":{"nombre":"Avenida El Sol","jerarquia":4},"geometry":{"type":"LineString","coordinates":[[-70.71341,-34.15572],[-70.7129,-34.15599],[-70.71274,-34.15615],[-70.71249,-34.15659],[-70.71179,-34.15703]]}},{"type":"Feature","properties":{"nombre":"Avenida El Sol","jerarquia":4},"geometry":{"type":"LineString","coordinates":[[-70.71179,-34.15703],[-70.71044,-34.15792]]}},{"type":"Feature","properties":{"nombre":"Avenida El Sol","jerarquia":4},"geometry":{"type":"LineString","coordinates":[[-70.71044,-34.15792],[-70.70919,-34.15877]]}},{"type":"Feature","properties":{"nombre":"Avenida El Sol","jerarquia":4},"geometry":{"type":"LineString","coordinates":[[-70.70919,-34.15877],[-70.70907,-34.15884]]}},{"type":"Feature","properties":{"nombre":"Manuel Montt","jerarquia":3},"geometry":{"type":"LineString","coordinates":[[-70.72548,-34.16783],[-70.72547,-34.16797]]}},{"type":"Feature","properties":{"nombre":"Manuel Montt","jerarquia":3},"geometry":{"type":"LineString","coordinates":[[-70.72548,-34.16783],[-70.72537,-34.16772],[-70.72525,-34.16769]]}},{"type":"Feature","properties":{"nombre":"Avenida La Compañía","jerarquia":5},"geometry":{"type":"LineString","coordinates":[[-70.715,-34.16552],[-70.71501,-34.16541],[-70.71485,-34.16522]]}},{"type":"Feature","properties":{"nombre":"Nelson Pereira","jerarquia":5},"geometry":{"type":"LineString","coordinates":[[-70.74019,-34.13671],[-70.74073,-34.13717]]}},{"type":"Feature","properties":{"nombre":"Nelson Pereira","jerarquia":5},"geometry":{"type":"LineString","coordinates":[[-70.74073,-34.13717],[-70.74113,-34.13749]]}},{"type":"Feature","properties":{"nombre":"Nelson Pereira","jerarquia":5},"geometry":{"type":"LineString","coordinates":[[-70.74113,-34.13749],[-70.74161,-34.13788]]}},{"type":"Feature","properties":{"nombre":"Nelson Pereira","jerarquia":5},"geometry":{"type":"LineString","coordinates":[[-70.74161,-34.13788],[-70.74177,-34.13802]]}},{"type":"Feature","properties":{"nombre":"Nelson Pereira","jerarquia":5},"geometry":{"type":"LineString","coordinates":[[-70.74177,-34.13802],[-70.74192,-34.13813]]}},{"type":"Feature","properties":{"nombre":"Nelson Pereira","jerarquia":5},"geometry":{"type":"LineString","coordinates":[[-70.74192,-34.13813],[-70.7421,-34.13828]]}},{"type":"Feature","properties":{"nombre":"","jerarquia":5},"geometry":{"type":"LineString","coordinates":[[-70.74064,-34.13727],[-70.74073,-34.13717]]}},{"type":"Feature","properties":{"nombre":"Punta del Sol","jerarquia":3},"geometry":{"type":"LineString","coordinates":[[-70.72978,-34.13797],[-70.72961,-34.13795]]}},{"type":"Feature","properties":{"nombre":"","jerarquia":2},"geometry":{"type":"LineString","coordinates":[[-70.7292,-34.13882],[-70.72936,-34.13851]]}},{"type":"Feature","properties":{"nombre":"","jerarquia":5},"geometry":{"type":"LineString","coordinates":[[-70.73704,-34.13853],[-70.73712,-34.13863]]}},{"type":"Feature","properties":{"nombre":"","jerarquia":5},"geometry":{"type":"LineString","coordinates":[[-70.73634,-34.13896],[-70.73644,-34.13905]]}},{"type":"Feature","properties":{"nombre":"","jerarquia":5},"geometry":{"type":"LineString","coordinates":[[-70.73954,-34.13695],[-70.73964,-34.13705]]}},{"type":"Feature","properties":{"nombre":"","jerarquia":3},"geometry":{"type":"LineString","coordinates":[[-70.73659,-34.15525],[-70.73655,-34.15517],[-70.73658,-34.1551]]}},{"type":"Feature","properties":{"nombre":"","jerarquia":3},"geometry":{"type":"LineString","coordinates":[[-70.73584,-34.15534],[-70.73581,-34.15519]]}},{"type":"Feature","properties":{"nombre":"Práxedes Asela","jerarquia":5},"geometry":{"type":"LineString","coordinates":[[-70.76642,-34.15729],[-70.76622,-34.15682]]}},{"type":"Feature","properties":{"nombre":"Práxedes Asela","jerarquia":5},"geometry":{"type":"LineString","coordinates":[[-70.76622,-34.15682],[-70.76579,-34.15577]]}},{"type":"Feature","properties":{"nombre":"Práxedes Asela","jerarquia":5},"geometry":{"type":"LineString","coordinates":[[-70.76579,-34.15577],[-70.76544,-34.1549]]}},{"type":"Feature","properties":{"nombre":"Práxedes Asela","jerarquia":5},"geometry":{"type":"LineString","coordinates":[[-70.76544,-34.1549],[-70.76527,-34.15447]]}},{"type":"Feature","properties":{"nombre":"Práxedes Asela","jerarquia":5},"geometry":{"type":"LineString","coordinates":[[-70.76527,-34.15447],[-70.76498,-34.15376]]}},{"type":"Feature","properties":{"nombre":"Práxedes Asela","jerarquia":5},"geometry":{"type":"LineString","coordinates":[[-70.76498,-34.15376],[-70.76444,-34.15237]]}},{"type":"Feature","properties":{"nombre":"El Trapiche","jerarquia":5},"geometry":{"type":"LineString","coordinates":[[-70.766,-34.15069],[-70.76548,-34.15121]]}},{"type":"Feature","properties":{"nombre":"El Trapiche","jerarquia":5},"geometry":{"type":"LineString","coordinates":[[-70.76548,-34.15121],[-70.76535,-34.15134]]}},{"type":"Feature","properties":{"nombre":"El Trapiche","jerarquia":5},"geometry":{"type":"LineString","coordinates":[[-70.76535,-34.15134],[-70.76444,-34.15237]]}},{"type":"Feature","properties":{"nombre":"El Palqui","jerarquia":5},"geometry":{"type":"LineString","coordinates":[[-70.76579,-34.15577],[-70.76536,-34.15593]]}},{"type":"Feature","properties":{"nombre":"El Palqui","jerarquia":5},"geometry":{"type":"LineString","coordinates":[[-70.76536,-34.15593],[-70.76505,-34.15605]]}},{"type":"Feature","properties":{"nombre":"El Palqui","jerarquia":5},"geometry":{"type":"LineString","coordinates":[[-70.76505,-34.15605],[-70.76494,-34.15609]]}},{"type":"Feature","properties":{"nombre":"El Palqui","jerarquia":5},"geometry":{"type":"LineString","coordinates":[[-70.76494,-34.15609],[-70.7647,-34.15618]]}},{"type":"Feature","properties":{"nombre":"El Palqui","jerarquia":5},"geometry":{"type":"LineString","coordinates":[[-70.7647,-34.15618],[-70.76434,-34.15631]]}},{"type":"Feature","properties":{"nombre":"El Palqui","jerarquia":5},"geometry":{"type":"LineString","coordinates":[[-70.76434,-34.15631],[-70.76399,-34.15644]]}},{"type":"Feature","properties":{"nombre":"El Palqui","jerarquia":5},"geometry":{"type":"LineString","coordinates":[[-70.76399,-34.15644],[-70.7637,-34.15656]]}},{"type":"Feature","properties":{"nombre":"El Palqui","jerarquia":5},"geometry":{"type":"LineString","coordinates":[[-70.7637,-34.15656],[-70.76337,-34.15672]]}},{"type":"Feature","properties":{"nombre":"El Palqui","jerarquia":5},"geometry":{"type":"LineString","coordinates":[[-70.76337,-34.15672],[-70.76305,-34.15693]]}},{"type":"Feature","properties":{"nombre":"Nueva Trapiche","jerarquia":5},"geometry":{"type":"LineString","coordinates":[[-70.76527,-34.15447],[-70.76485,-34.15464]]}},{"type":"Feature","properties":{"nombre":"Nueva Trapiche","jerarquia":5},"geometry":{"type":"LineString","coordinates":[[-70.76485,-34.15464],[-70.76455,-34.15476]]}},{"type":"Feature","properties":{"nombre":"Nueva Trapiche","jerarquia":5},"geometry":{"type":"LineString","coordinates":[[-70.76455,-34.15476],[-70.76442,-34.15482]]}},{"type":"Feature","properties":{"nombre":"Nueva Trapiche","jerarquia":5},"geometry":{"type":"LineString","coordinates":[[-70.76442,-34.15482],[-70.76417,-34.15491]]}},{"type":"Feature","properties":{"nombre":"Nueva Trapiche","jerarquia":5},"geometry":{"type":"LineString","coordinates":[[-70.76417,-34.15491],[-70.76386,-34.15502]]}},{"type":"Feature","properties":{"nombre":"El Trapiche","jerarquia":5},"geometry":{"type":"LineString","coordinates":[[-70.76278,-34.15539],[-70.76252,-34.15549]]}},{"type":"Feature","properties":{"nombre":"El Trapiche","jerarquia":5},"geometry":{"type":"LineString","coordinates":[[-70.76252,-34.15549],[-70.76174,-34.15575]]}},{"type":"Feature","properties":{"nombre":"El Trapiche","jerarquia":5},"geometry":{"type":"LineString","coordinates":[[-70.76174,-34.15575],[-70.7609,-34.15624]]}},{"type":"Feature","properties":{"nombre":"El Trapiche","jerarquia":5},"geometry":{"type":"LineString","coordinates":[[-70.7609,-34.15624],[-70.7606,-34.15643]]}},{"type":"Feature","properties":{"nombre":"El Trapiche","jerarquia":5},"geometry":{"type":"LineString","coordinates":[[-70.7606,-34.15643],[-70.76019,-34.1567]]}},{"type":"Feature","properties":{"nombre":"El Trapiche","jerarquia":5},"geometry":{"type":"LineString","coordinates":[[-70.76019,-34.1567],[-70.7599,-34.15688]]}},{"type":"Feature","properties":{"nombre":"El Trapiche","jerarquia":5},"geometry":{"type":"LineString","coordinates":[[-70.7599,-34.15688],[-70.75944,-34.15716]]}},{"type":"Feature","properties":{"nombre":"El Trapiche","jerarquia":5},"geometry":{"type":"LineString","coordinates":[[-70.75944,-34.15716],[-70.75919,-34.15738],[-70.75897,-34.15778]]}},{"type":"Feature","properties":{"nombre":"El Trapiche","jerarquia":5},"geometry":{"type":"LineString","coordinates":[[-70.75897,-34.15778],[-70.75882,-34.15816]]}},{"type":"Feature","properties":{"nombre":"San Ramón","jerarquia":5},"geometry":{"type":"LineString","coordinates":[[-70.77771,-34.16485],[-70.77789,-34.16481]]}},{"type":"Feature","properties":{"nombre":"San Ramón","jerarquia":5},"geometry":{"type":"LineString","coordinates":[[-70.77789,-34.16481],[-70.77966,-34.16441]]}},{"type":"Feature","properties":{"nombre":"San Ramón","jerarquia":5},"geometry":{"type":"LineString","coordinates":[[-70.77966,-34.16441],[-70.7808,-34.16415]]}},{"type":"Feature","properties":{"nombre":"San Ramón","jerarquia":5},"geometry":{"type":"LineString","coordinates":[[-70.7808,-34.16415],[-70.78091,-34.16413]]}},{"type":"Feature","properties":{"nombre":"San Ramón","jerarquia":5},"geometry":{"type":"LineString","coordinates":[[-70.78091,-34.16413],[-70.78207,-34.16386]]}},{"type":"Feature","properties":{"nombre":"San Ramón","jerarquia":5},"geometry":{"type":"LineString","coordinates":[[-70.78207,-34.16386],[-70.78218,-34.16384]]}},{"type":"Feature","properties":{"nombre":"San Ramón","jerarquia":5},"geometry":{"type":"LineString","coordinates":[[-70.78218,-34.16384],[-70.79346,-34.16127]]}},{"type":"Feature","properties":{"nombre":"","jerarquia":3},"geometry":{"type":"LineString","coordinates":[[-70.77265,-34.16597],[-70.77244,-34.16615],[-70.77242,-34.16639]]}},{"type":"Feature","properties":{"nombre":"Avenida Circunvalación Poniente","jerarquia":5},"geometry":{"type":"LineString","coordinates":[[-70.77367,-34.17801],[-70.77355,-34.17786]]}},{"type":"Feature","properties":{"nombre":"Avenida Circunvalación Poniente","jerarquia":5},"geometry":{"type":"LineString","coordinates":[[-70.77355,-34.17786],[-70.77329,-34.17746],[-70.7732,-34.17712]]}},{"type":"Feature","properties":{"nombre":"Avenida Circunvalación Poniente","jerarquia":5},"geometry":{"type":"LineString","coordinates":[[-70.7732,-34.17712],[-70.77318,-34.17702]]}},{"type":"Feature","properties":{"nombre":"Avenida Circunvalación Poniente","jerarquia":5},"geometry":{"type":"LineString","coordinates":[[-70.77318,-34.17702],[-70.773,-34.17668],[-70.77286,-34.1765]]}},{"type":"Feature","properties":{"nombre":"Avenida Circunvalación Poniente","jerarquia":5},"geometry":{"type":"LineString","coordinates":[[-70.77286,-34.1765],[-70.77245,-34.17601]]}},{"type":"Feature","properties":{"nombre":"Avenida Circunvalación Poniente","jerarquia":5},"geometry":{"type":"LineString","coordinates":[[-70.77245,-34.17601],[-70.77233,-34.17588]]}},{"type":"Feature","properties":{"nombre":"Avenida Circunvalación Poniente","jerarquia":5},"geometry":{"type":"LineString","coordinates":[[-70.77233,-34.17588],[-70.77228,-34.17582]]}},{"type":"Feature","properties":{"nombre":"Avenida Circunvalación Poniente","jerarquia":5},"geometry":{"type":"LineString","coordinates":[[-70.77228,-34.17582],[-70.77189,-34.17537]]}},{"type":"Feature","properties":{"nombre":"Costanera Norte Río Cachapoal","jerarquia":3},"geometry":{"type":"LineString","coordinates":[[-70.75234,-34.18585],[-70.75255,-34.18587]]}},{"type":"Feature","properties":{"nombre":"Ruta H-30","jerarquia":3},"geometry":{"type":"LineString","coordinates":[[-70.79133,-34.18248],[-70.79155,-34.18248]]}},{"type":"Feature","properties":{"nombre":"Costanera Norte Río Cachapoal","jerarquia":3},"geometry":{"type":"LineString","coordinates":[[-70.76887,-34.18635],[-70.76991,-34.18621],[-70.77156,-34.18577],[-70.77336,-34.18541],[-70.77599,-34.18441],[-70.77869,-34.18355],[-70.77929,-34.18345],[-70.78001,-34.18347]]}},{"type":"Feature","properties":{"nombre":"Ruta H-30","jerarquia":3},"geometry":{"type":"LineString","coordinates":[[-70.79155,-34.18248],[-70.79277,-34.18265],[-70.79343,-34.18266]]}},{"type":"Feature","properties":{"nombre":"Ruta Travesía","jerarquia":2},"geometry":{"type":"LineString","coordinates":[[-70.72873,-34.17577],[-70.72762,-34.17488],[-70.72712,-34.17422],[-70.72693,-34.17379],[-70.72683,-34.17335],[-70.72684,-34.17235]]}},{"type":"Feature","properties":{"nombre":"Ruta Travesía","jerarquia":2},"geometry":{"type":"LineString","coordinates":[[-70.75166,-34.1901],[-70.75242,-34.19046],[-70.7531,-34.19098],[-70.75344,-34.19134],[-70.75459,-34.19289]]}},{"type":"Feature","properties":{"nombre":"Ruta Travesía","jerarquia":2},"geometry":{"type":"LineString","coordinates":[[-70.72953,-34.13258],[-70.72967,-34.13341],[-70.72969,-34.13405],[-70.72941,-34.13791]]}},{"type":"Feature","properties":{"nombre":"Ruta Travesía","jerarquia":2},"geometry":{"type":"LineString","coordinates":[[-70.73286,-34.17872],[-70.73314,-34.17893]]}},{"type":"Feature","properties":{"nombre":"Ruta Travesía","jerarquia":2},"geometry":{"type":"LineString","coordinates":[[-70.73307,-34.17899],[-70.7328,-34.17878]]}},{"type":"Feature","properties":{"nombre":"Ruta 5 Sur","jerarquia":1},"geometry":{"type":"LineString","coordinates":[[-70.78023,-34.11269],[-70.78021,-34.11232]]}},{"type":"Feature","properties":{"nombre":"Ruta 5 Sur","jerarquia":1},"geometry":{"type":"LineString","coordinates":[[-70.78042,-34.11227],[-70.78044,-34.11264]]}},{"type":"Feature","properties":{"nombre":"Ruta 5 Sur","jerarquia":1},"geometry":{"type":"LineString","coordinates":[[-70.78044,-34.11264],[-70.78068,-34.11685],[-70.78086,-34.1184],[-70.78106,-34.11956],[-70.78701,-34.1443],[-70.78745,-34.14569],[-70.78784,-34.14666],[-70.79217,-34.15585],[-70.7927,-34.15707],[-70.79305,-34.15801],[-70.79337,-34.15911],[-70.79385,-34.16135],[-70.794,-34.1626],[-70.79405,-34.1642],[-70.79399,-34.16563],[-70.79383,-34.16705],[-70.79348,-34.16878],[-70.79085,-34.17842]]}},{"type":"Feature","properties":{"nombre":"Ruta H-30","jerarquia":3},"geometry":{"type":"LineString","coordinates":[[-70.84324,-34.19064],[-70.84304,-34.1908],[-70.84298,-34.1909],[-70.84303,-34.19109],[-70.84429,-34.19175],[-70.84647,-34.19384],[-70.84746,-34.19452]]}},{"type":"Feature","properties":{"nombre":"Ruta H-30","jerarquia":3},"geometry":{"type":"LineString","coordinates":[[-70.84345,-34.19052],[-70.84324,-34.19064]]}},{"type":"Feature","properties":{"nombre":"Camino Chacón","jerarquia":5},"geometry":{"type":"LineString","coordinates":[[-70.78394,-34.11377],[-70.78439,-34.1137]]}},{"type":"Feature","properties":{"nombre":"Camino Chacón","jerarquia":5},"geometry":{"type":"LineString","coordinates":[[-70.78678,-34.11335],[-70.79204,-34.11252]]}},{"type":"Feature","properties":{"nombre":"Camino Chacón","jerarquia":5},"geometry":{"type":"LineString","coordinates":[[-70.79204,-34.11252],[-70.79945,-34.11135]]}},{"type":"Feature","properties":{"nombre":"Camino Chacón","jerarquia":5},"geometry":{"type":"LineString","coordinates":[[-70.79945,-34.11135],[-70.80382,-34.11062],[-70.80428,-34.11046],[-70.80662,-34.10933]]}},{"type":"Feature","properties":{"nombre":"Camino a Tuniche","jerarquia":3},"geometry":{"type":"LineString","coordinates":[[-70.75062,-34.10965],[-70.75072,-34.1099]]}},{"type":"Feature","properties":{"nombre":"Eusebio Lillo","jerarquia":5},"geometry":{"type":"LineString","coordinates":[[-70.73878,-34.19106],[-70.73885,-34.19109]]}},{"type":"Feature","properties":{"nombre":"Eusebio Lillo","jerarquia":5},"geometry":{"type":"LineString","coordinates":[[-70.73885,-34.19109],[-70.73979,-34.19173]]}},{"type":"Feature","properties":{"nombre":"Eusebio Lillo","jerarquia":5},"geometry":{"type":"LineString","coordinates":[[-70.73979,-34.19173],[-70.741,-34.19261]]}},{"type":"Feature","properties":{"nombre":"Eusebio Lillo","jerarquia":5},"geometry":{"type":"LineString","coordinates":[[-70.741,-34.19261],[-70.74114,-34.19272]]}},{"type":"Feature","properties":{"nombre":"","jerarquia":2},"geometry":{"type":"LineString","coordinates":[[-70.7278,-34.15856],[-70.72768,-34.15707]]}},{"type":"Feature","properties":{"nombre":"Avenida Parque Viña Santa Blanca","jerarquia":5},"geometry":{"type":"LineString","coordinates":[[-70.7404,-34.18892],[-70.74111,-34.18827]]}},{"type":"Feature","properties":{"nombre":"Avenida Parque Viña Santa Blanca","jerarquia":5},"geometry":{"type":"LineString","coordinates":[[-70.74111,-34.18827],[-70.74194,-34.18756]]}},{"type":"Feature","properties":{"nombre":"Avenida Parque Viña Santa Blanca","jerarquia":5},"geometry":{"type":"LineString","coordinates":[[-70.74194,-34.18756],[-70.74285,-34.1867]]}},{"type":"Feature","properties":{"nombre":"Río Loco","jerarquia":5},"geometry":{"type":"LineString","coordinates":[[-70.74619,-34.18986],[-70.74615,-34.18967],[-70.74669,-34.18869]]}},{"type":"Feature","properties":{"nombre":"El Guindal","jerarquia":3},"geometry":{"type":"LineString","coordinates":[[-70.64845,-34.19344],[-70.6485,-34.1934]]}},{"type":"Feature","properties":{"nombre":"","jerarquia":3},"geometry":{"type":"LineString","coordinates":[[-70.64812,-34.19348],[-70.64845,-34.19344]]}},{"type":"Feature","properties":{"nombre":"La Gonzalina","jerarquia":5},"geometry":{"type":"LineString","coordinates":[[-70.78576,-34.13801],[-70.78878,-34.13726]]}},{"type":"Feature","properties":{"nombre":"La Gonzalina","jerarquia":5},"geometry":{"type":"LineString","coordinates":[[-70.78878,-34.13726],[-70.78889,-34.13716],[-70.79141,-34.13253]]}},{"type":"Feature","properties":{"nombre":"La Gonzalina","jerarquia":5},"geometry":{"type":"LineString","coordinates":[[-70.79141,-34.13253],[-70.79159,-34.13207]]}},{"type":"Feature","properties":{"nombre":"La Gonzalina","jerarquia":5},"geometry":{"type":"LineString","coordinates":[[-70.79159,-34.13207],[-70.79177,-34.13136],[-70.79188,-34.1301],[-70.79201,-34.12993]]}},{"type":"Feature","properties":{"nombre":"La Gonzalina","jerarquia":5},"geometry":{"type":"LineString","coordinates":[[-70.79201,-34.12993],[-70.79484,-34.12924]]}},{"type":"Feature","properties":{"nombre":"La Gonzalina","jerarquia":5},"geometry":{"type":"LineString","coordinates":[[-70.79484,-34.12924],[-70.79645,-34.12884]]}},{"type":"Feature","properties":{"nombre":"La Gonzalina","jerarquia":5},"geometry":{"type":"LineString","coordinates":[[-70.79645,-34.12884],[-70.79752,-34.12858]]}},{"type":"Feature","properties":{"nombre":"La Gonzalina","jerarquia":5},"geometry":{"type":"LineString","coordinates":[[-70.79752,-34.12858],[-70.79776,-34.12852]]}},{"type":"Feature","properties":{"nombre":"La Gonzalina","jerarquia":5},"geometry":{"type":"LineString","coordinates":[[-70.79776,-34.12852],[-70.79872,-34.12828]]}},{"type":"Feature","properties":{"nombre":"La Gonzalina","jerarquia":5},"geometry":{"type":"LineString","coordinates":[[-70.79872,-34.12828],[-70.80747,-34.12612]]}},{"type":"Feature","properties":{"nombre":"La Gonzalina","jerarquia":5},"geometry":{"type":"LineString","coordinates":[[-70.80747,-34.12612],[-70.8095,-34.12547]]}},{"type":"Feature","properties":{"nombre":"La Gonzalina","jerarquia":5},"geometry":{"type":"LineString","coordinates":[[-70.8095,-34.12547],[-70.82228,-34.12127]]}},{"type":"Feature","properties":{"nombre":"La Gonzalina","jerarquia":5},"geometry":{"type":"LineString","coordinates":[[-70.82228,-34.12127],[-70.82859,-34.11918]]}},{"type":"Feature","properties":{"nombre":"La Gonzalina","jerarquia":5},"geometry":{"type":"LineString","coordinates":[[-70.82859,-34.11918],[-70.83009,-34.1187]]}},{"type":"Feature","properties":{"nombre":"Carretera Presidente Eduardo Frei Montalva","jerarquia":3},"geometry":{"type":"LineString","coordinates":[[-70.65909,-34.19525],[-70.65888,-34.19525]]}},{"type":"Feature","properties":{"nombre":"Carretera Presidente Eduardo Frei Montalva","jerarquia":3},"geometry":{"type":"LineString","coordinates":[[-70.65888,-34.19525],[-70.65682,-34.19515],[-70.65556,-34.19498]]}},{"type":"Feature","properties":{"nombre":"Carretera Presidente Eduardo Frei Montalva","jerarquia":3},"geometry":{"type":"LineString","coordinates":[[-70.65556,-34.19498],[-70.65109,-34.1941]]}},{"type":"Feature","properties":{"nombre":"Carretera Presidente Eduardo Frei Montalva","jerarquia":3},"geometry":{"type":"LineString","coordinates":[[-70.65109,-34.1941],[-70.6502,-34.19392]]}},{"type":"Feature","properties":{"nombre":"Carretera Presidente Eduardo Frei Montalva","jerarquia":3},"geometry":{"type":"LineString","coordinates":[[-70.6502,-34.19392],[-70.6498,-34.19383]]}},{"type":"Feature","properties":{"nombre":"","jerarquia":3},"geometry":{"type":"LineString","coordinates":[[-70.74532,-34.16478],[-70.74537,-34.16455]]}},{"type":"Feature","properties":{"nombre":"","jerarquia":3},"geometry":{"type":"LineString","coordinates":[[-70.74537,-34.16455],[-70.74541,-34.1645]]}},{"type":"Feature","properties":{"nombre":"Avenida San Juan","jerarquia":3},"geometry":{"type":"LineString","coordinates":[[-70.65284,-34.18121],[-70.65223,-34.18132],[-70.65153,-34.18206]]}},{"type":"Feature","properties":{"nombre":"Eusebio Lillo","jerarquia":5},"geometry":{"type":"LineString","coordinates":[[-70.73166,-34.18422],[-70.73218,-34.18483]]}},{"type":"Feature","properties":{"nombre":"Tarapacá","jerarquia":5},"geometry":{"type":"LineString","coordinates":[[-70.64368,-34.17897],[-70.6447,-34.17857],[-70.64592,-34.17826]]}},{"type":"Feature","properties":{"nombre":"Tarapacá","jerarquia":5},"geometry":{"type":"LineString","coordinates":[[-70.64592,-34.17826],[-70.64668,-34.17802]]}},{"type":"Feature","properties":{"nombre":"Tarapacá","jerarquia":5},"geometry":{"type":"LineString","coordinates":[[-70.64668,-34.17802],[-70.64784,-34.17769],[-70.64792,-34.17773],[-70.64811,-34.17811]]}},{"type":"Feature","properties":{"nombre":"Tarapacá","jerarquia":5},"geometry":{"type":"LineString","coordinates":[[-70.64811,-34.17811],[-70.6483,-34.17813],[-70.64888,-34.17799]]}},{"type":"Feature","properties":{"nombre":"Tarapacá","jerarquia":5},"geometry":{"type":"LineString","coordinates":[[-70.64888,-34.17799],[-70.64939,-34.17787]]}},{"type":"Feature","properties":{"nombre":"Tarapacá","jerarquia":5},"geometry":{"type":"LineString","coordinates":[[-70.64939,-34.17787],[-70.65031,-34.17765],[-70.65067,-34.17746]]}},{"type":"Feature","properties":{"nombre":"Tarapacá","jerarquia":5},"geometry":{"type":"LineString","coordinates":[[-70.65067,-34.17746],[-70.65126,-34.17715]]}},{"type":"Feature","properties":{"nombre":"Río Loco","jerarquia":5},"geometry":{"type":"LineString","coordinates":[[-70.74463,-34.19268],[-70.74472,-34.19257]]}},{"type":"Feature","properties":{"nombre":"Río Loco","jerarquia":5},"geometry":{"type":"LineString","coordinates":[[-70.74472,-34.19257],[-70.745,-34.19208]]}},{"type":"Feature","properties":{"nombre":"Río Loco","jerarquia":5},"geometry":{"type":"LineString","coordinates":[[-70.745,-34.19208],[-70.74534,-34.19143]]}},{"type":"Feature","properties":{"nombre":"Río Loco","jerarquia":5},"geometry":{"type":"LineString","coordinates":[[-70.74534,-34.19143],[-70.74538,-34.19135]]}},{"type":"Feature","properties":{"nombre":"Río Loco","jerarquia":5},"geometry":{"type":"LineString","coordinates":[[-70.74538,-34.19135],[-70.74562,-34.19091]]}},{"type":"Feature","properties":{"nombre":"Río Loco","jerarquia":5},"geometry":{"type":"LineString","coordinates":[[-70.74562,-34.19091],[-70.74594,-34.19032]]}},{"type":"Feature","properties":{"nombre":"Río Loco","jerarquia":5},"geometry":{"type":"LineString","coordinates":[[-70.74594,-34.19032],[-70.74619,-34.18986]]}},{"type":"Feature","properties":{"nombre":"","jerarquia":2},"geometry":{"type":"LineString","coordinates":[[-70.72952,-34.17623],[-70.73127,-34.17731]]}},{"type":"Feature","properties":{"nombre":"Las Higueras","jerarquia":3},"geometry":{"type":"LineString","coordinates":[[-70.64796,-34.18602],[-70.64809,-34.18724]]}},{"type":"Feature","properties":{"nombre":"Las Higueras","jerarquia":3},"geometry":{"type":"LineString","coordinates":[[-70.64809,-34.18724],[-70.64817,-34.188],[-70.64813,-34.18808],[-70.64796,-34.18818],[-70.64725,-34.1883]]}},{"type":"Feature","properties":{"nombre":"Las Higueras","jerarquia":3},"geometry":{"type":"LineString","coordinates":[[-70.64725,-34.1883],[-70.64692,-34.18835]]}},{"type":"Feature","properties":{"nombre":"Las Higueras","jerarquia":3},"geometry":{"type":"LineString","coordinates":[[-70.64692,-34.18835],[-70.64633,-34.18847],[-70.64626,-34.18857],[-70.64633,-34.18874]]}},{"type":"Feature","properties":{"nombre":"Las Higueras","jerarquia":3},"geometry":{"type":"LineString","coordinates":[[-70.64633,-34.18874],[-70.64725,-34.19048]]}},{"type":"Feature","properties":{"nombre":"Las Higueras","jerarquia":3},"geometry":{"type":"LineString","coordinates":[[-70.64725,-34.19048],[-70.64778,-34.19146],[-70.64775,-34.19156]]}},{"type":"Feature","properties":{"nombre":"Las Higueras","jerarquia":3},"geometry":{"type":"LineString","coordinates":[[-70.64775,-34.19156],[-70.64753,-34.1916],[-70.64585,-34.19155],[-70.64573,-34.19159],[-70.64565,-34.19172]]}},{"type":"Feature","properties":{"nombre":"Las Higueras","jerarquia":3},"geometry":{"type":"LineString","coordinates":[[-70.64565,-34.19172],[-70.64569,-34.19183],[-70.64579,-34.1919],[-70.64675,-34.19194],[-70.64706,-34.19203],[-70.64787,-34.19254],[-70.64845,-34.19277],[-70.64862,-34.19297],[-70.64866,-34.19315]]}},{"type":"Feature","properties":{"nombre":"","jerarquia":3},"geometry":{"type":"LineString","coordinates":[[-70.6965,-34.17648],[-70.69548,-34.17675]]}},{"type":"Feature","properties":{"nombre":"Camino a Sauzal","jerarquia":5},"geometry":{"type":"LineString","coordinates":[[-70.66018,-34.20688],[-70.65982,-34.20718]]}},{"type":"Feature","properties":{"nombre":"Camino a Sauzal","jerarquia":5},"geometry":{"type":"LineString","coordinates":[[-70.65982,-34.20718],[-70.65972,-34.20741],[-70.65969,-34.20771]]}},{"type":"Feature","properties":{"nombre":"Camino a Sauzal","jerarquia":5},"geometry":{"type":"LineString","coordinates":[[-70.65969,-34.20771],[-70.65973,-34.20816],[-70.65996,-34.20887],[-70.66097,-34.21087]]}},{"type":"Feature","properties":{"nombre":"Camino a Sauzal","jerarquia":5},"geometry":{"type":"LineString","coordinates":[[-70.66097,-34.21087],[-70.66132,-34.21152]]}},{"type":"Feature","properties":{"nombre":"Camino a Sauzal","jerarquia":5},"geometry":{"type":"LineString","coordinates":[[-70.66132,-34.21152],[-70.66204,-34.21282],[-70.66219,-34.21332],[-70.66088,-34.21816],[-70.66085,-34.21911]]}},{"type":"Feature","properties":{"nombre":"Camino a Sauzal","jerarquia":5},"geometry":{"type":"LineString","coordinates":[[-70.66085,-34.21911],[-70.66081,-34.2225],[-70.66078,-34.22273],[-70.66068,-34.22295],[-70.65932,-34.22507],[-70.65816,-34.22746]]}},{"type":"Feature","properties":{"nombre":"Camino a Nogales","jerarquia":5},"geometry":{"type":"LineString","coordinates":[[-70.67275,-34.1961],[-70.66943,-34.19895]]}},{"type":"Feature","properties":{"nombre":"Camino a Nogales","jerarquia":5},"geometry":{"type":"LineString","coordinates":[[-70.66943,-34.19895],[-70.66924,-34.19911]]}},{"type":"Feature","properties":{"nombre":"Camino a Nogales","jerarquia":5},"geometry":{"type":"LineString","coordinates":[[-70.66924,-34.19911],[-70.66799,-34.20019]]}},{"type":"Feature","properties":{"nombre":"","jerarquia":3},"geometry":{"type":"LineString","coordinates":[[-70.67275,-34.1961],[-70.67277,-34.19593],[-70.67269,-34.19582]]}},{"type":"Feature","properties":{"nombre":"","jerarquia":3},"geometry":{"type":"LineString","coordinates":[[-70.67166,-34.19577],[-70.67161,-34.19564],[-70.67174,-34.19556]]}},{"type":"Feature","properties":{"nombre":"Carretera Presidente Eduardo Frei Montalva","jerarquia":3},"geometry":{"type":"LineString","coordinates":[[-70.67475,-34.1959],[-70.6746,-34.1959]]}},{"type":"Feature","properties":{"nombre":"Carretera Presidente Eduardo Frei Montalva","jerarquia":3},"geometry":{"type":"LineString","coordinates":[[-70.6746,-34.1959],[-70.67307,-34.19584]]}},{"type":"Feature","properties":{"nombre":"","jerarquia":3},"geometry":{"type":"LineString","coordinates":[[-70.67368,-34.19534],[-70.67365,-34.19551],[-70.67373,-34.19562]]}},{"type":"Feature","properties":{"nombre":"","jerarquia":3},"geometry":{"type":"LineString","coordinates":[[-70.67373,-34.19562],[-70.67378,-34.19565]]}},{"type":"Feature","properties":{"nombre":"Carretera Presidente Eduardo Frei Montalva","jerarquia":3},"geometry":{"type":"LineString","coordinates":[[-70.67032,-34.1957],[-70.67109,-34.19558],[-70.67174,-34.19556]]}},{"type":"Feature","properties":{"nombre":"Carretera Presidente Eduardo Frei Montalva","jerarquia":3},"geometry":{"type":"LineString","coordinates":[[-70.67032,-34.1957],[-70.66545,-34.19551]]}},{"type":"Feature","properties":{"nombre":"Carretera Presidente Eduardo Frei Montalva","jerarquia":3},"geometry":{"type":"LineString","coordinates":[[-70.66545,-34.19551],[-70.65909,-34.19525]]}},{"type":"Feature","properties":{"nombre":"","jerarquia":3},"geometry":{"type":"LineString","coordinates":[[-70.67476,-34.19567],[-70.67483,-34.1958],[-70.67475,-34.1959]]}},{"type":"Feature","properties":{"nombre":"Santa Filomena","jerarquia":5},"geometry":{"type":"LineString","coordinates":[[-70.75613,-34.17721],[-70.756,-34.17723],[-70.75477,-34.1778]]}},{"type":"Feature","properties":{"nombre":"Santa Filomena","jerarquia":5},"geometry":{"type":"LineString","coordinates":[[-70.75477,-34.1778],[-70.75468,-34.17776],[-70.75453,-34.1778],[-70.75396,-34.17828],[-70.75387,-34.17828]]}},{"type":"Feature","properties":{"nombre":"Avenida Provincial","jerarquia":5},"geometry":{"type":"LineString","coordinates":[[-70.76554,-34.17708],[-70.76544,-34.17695]]}},{"type":"Feature","properties":{"nombre":"Avenida Provincial","jerarquia":5},"geometry":{"type":"LineString","coordinates":[[-70.76544,-34.17695],[-70.76523,-34.17671]]}},{"type":"Feature","properties":{"nombre":"Avenida Provincial","jerarquia":5},"geometry":{"type":"LineString","coordinates":[[-70.76523,-34.17671],[-70.76498,-34.17637]]}},{"type":"Feature","properties":{"nombre":"Avenida Provincial","jerarquia":5},"geometry":{"type":"LineString","coordinates":[[-70.76498,-34.17637],[-70.76463,-34.17593]]}},{"type":"Feature","properties":{"nombre":"Avenida Provincial","jerarquia":5},"geometry":{"type":"LineString","coordinates":[[-70.76463,-34.17593],[-70.76432,-34.17554]]}},{"type":"Feature","properties":{"nombre":"Avenida Provincial","jerarquia":5},"geometry":{"type":"LineString","coordinates":[[-70.76432,-34.17554],[-70.76408,-34.17525]]}},{"type":"Feature","properties":{"nombre":"Avenida Provincial","jerarquia":5},"geometry":{"type":"LineString","coordinates":[[-70.76408,-34.17525],[-70.76385,-34.17495]]}},{"type":"Feature","properties":{"nombre":"Avenida Provincial","jerarquia":5},"geometry":{"type":"LineString","coordinates":[[-70.76385,-34.17495],[-70.76363,-34.17467]]}},{"type":"Feature","properties":{"nombre":"Avenida Provincial","jerarquia":5},"geometry":{"type":"LineString","coordinates":[[-70.76363,-34.17467],[-70.76333,-34.17429]]}},{"type":"Feature","properties":{"nombre":"Avenida Provincial","jerarquia":5},"geometry":{"type":"LineString","coordinates":[[-70.76333,-34.17429],[-70.76317,-34.17406],[-70.76313,-34.17386]]}},{"type":"Feature","properties":{"nombre":"Diagonal Doñihue","jerarquia":5},"geometry":{"type":"LineString","coordinates":[[-70.76752,-34.17955],[-70.76915,-34.1799]]}},{"type":"Feature","properties":{"nombre":"Diagonal Doñihue","jerarquia":5},"geometry":{"type":"LineString","coordinates":[[-70.76915,-34.1799],[-70.77106,-34.18032]]}},{"type":"Feature","properties":{"nombre":"Diagonal Doñihue","jerarquia":5},"geometry":{"type":"LineString","coordinates":[[-70.77106,-34.18032],[-70.77151,-34.18042]]}},{"type":"Feature","properties":{"nombre":"Diagonal Doñihue","jerarquia":5},"geometry":{"type":"LineString","coordinates":[[-70.77151,-34.18042],[-70.77231,-34.18058],[-70.77249,-34.18047]]}},{"type":"Feature","properties":{"nombre":"Florencia","jerarquia":5},"geometry":{"type":"LineString","coordinates":[[-70.77106,-34.18032],[-70.77097,-34.18044]]}},{"type":"Feature","properties":{"nombre":"Florencia","jerarquia":5},"geometry":{"type":"LineString","coordinates":[[-70.77097,-34.18044],[-70.77063,-34.1807]]}},{"type":"Feature","properties":{"nombre":"Florencia","jerarquia":5},"geometry":{"type":"LineString","coordinates":[[-70.77063,-34.1807],[-70.7703,-34.18098]]}},{"type":"Feature","properties":{"nombre":"Florencia","jerarquia":5},"geometry":{"type":"LineString","coordinates":[[-70.7703,-34.18098],[-70.76944,-34.18165]]}},{"type":"Feature","properties":{"nombre":"Diagonal Doñihue","jerarquia":5},"geometry":{"type":"LineString","coordinates":[[-70.75881,-34.17762],[-70.75886,-34.17763]]}},{"type":"Feature","properties":{"nombre":"Diagonal Doñihue","jerarquia":5},"geometry":{"type":"LineString","coordinates":[[-70.75886,-34.17763],[-70.76022,-34.1779]]}},{"type":"Feature","properties":{"nombre":"Diagonal Doñihue","jerarquia":5},"geometry":{"type":"LineString","coordinates":[[-70.76022,-34.1779],[-70.76128,-34.17811]]}},{"type":"Feature","properties":{"nombre":"Puerto Bertrano","jerarquia":5},"geometry":{"type":"LineString","coordinates":[[-70.76407,-34.18665],[-70.76458,-34.18655],[-70.76563,-34.18647]]}},{"type":"Feature","properties":{"nombre":"Puerto Bertrano","jerarquia":5},"geometry":{"type":"LineString","coordinates":[[-70.76563,-34.18647],[-70.76772,-34.18629]]}},{"type":"Feature","properties":{"nombre":"","jerarquia":2},"geometry":{"type":"LineString","coordinates":[[-70.72786,-34.16553],[-70.7278,-34.16539],[-70.72764,-34.16533],[-70.72752,-34.16538],[-70.72741,-34.1656]]}},{"type":"Feature","properties":{"nombre":"Manuel Montt","jerarquia":4},"geometry":{"type":"LineString","coordinates":[[-70.72648,-34.16979],[-70.72643,-34.1696],[-70.72626,-34.16941]]}},{"type":"Feature","properties":{"nombre":"","jerarquia":2},"geometry":{"type":"LineString","coordinates":[[-70.72679,-34.16945],[-70.72693,-34.16933],[-70.72705,-34.16907]]}},{"type":"Feature","properties":{"nombre":"Diego de Almagro","jerarquia":3},"geometry":{"type":"LineString","coordinates":[[-70.72767,-34.16468],[-70.72767,-34.16491],[-70.72785,-34.1653],[-70.72786,-34.16553]]}},{"type":"Feature","properties":{"nombre":"Avenida Libertador Bernardo O'Higgins","jerarquia":3},"geometry":{"type":"LineString","coordinates":[[-70.73979,-34.16529],[-70.74116,-34.16509]]}},{"type":"Feature","properties":{"nombre":"Avenida Libertador Bernardo O'Higgins","jerarquia":3},"geometry":{"type":"LineString","coordinates":[[-70.74116,-34.16509],[-70.74243,-34.16491]]}},{"type":"Feature","properties":{"nombre":"Avenida Camino del Recreo","jerarquia":5},"geometry":{"type":"LineString","coordinates":[[-70.73935,-34.16332],[-70.73946,-34.16379]]}},{"type":"Feature","properties":{"nombre":"Avenida Camino del Recreo","jerarquia":5},"geometry":{"type":"LineString","coordinates":[[-70.73946,-34.16379],[-70.73953,-34.16413]]}},{"type":"Feature","properties":{"nombre":"Avenida Camino del Recreo","jerarquia":5},"geometry":{"type":"LineString","coordinates":[[-70.73953,-34.16413],[-70.73955,-34.16421]]}},{"type":"Feature","properties":{"nombre":"Avenida Camino del Recreo","jerarquia":5},"geometry":{"type":"LineString","coordinates":[[-70.73955,-34.16421],[-70.73969,-34.16488]]}},{"type":"Feature","properties":{"nombre":"Avenida República de Uruguay","jerarquia":4},"geometry":{"type":"LineString","coordinates":[[-70.71335,-34.16961],[-70.71322,-34.16947]]}},{"type":"Feature","properties":{"nombre":"Avenida República de Uruguay","jerarquia":4},"geometry":{"type":"LineString","coordinates":[[-70.71322,-34.16947],[-70.71289,-34.16909]]}},{"type":"Feature","properties":{"nombre":"Avenida República de Uruguay","jerarquia":4},"geometry":{"type":"LineString","coordinates":[[-70.71289,-34.16909],[-70.71261,-34.16877]]}},{"type":"Feature","properties":{"nombre":"Avenida República de Uruguay","jerarquia":4},"geometry":{"type":"LineString","coordinates":[[-70.71261,-34.16877],[-70.71237,-34.1685]]}},{"type":"Feature","properties":{"nombre":"Avenida República de Uruguay","jerarquia":4},"geometry":{"type":"LineString","coordinates":[[-70.71237,-34.1685],[-70.7123,-34.16842]]}},{"type":"Feature","properties":{"nombre":"Avenida República de Uruguay","jerarquia":4},"geometry":{"type":"LineString","coordinates":[[-70.7123,-34.16842],[-70.71205,-34.16814]]}},{"type":"Feature","properties":{"nombre":"Avenida República de Uruguay","jerarquia":4},"geometry":{"type":"LineString","coordinates":[[-70.71205,-34.16814],[-70.71176,-34.16781]]}},{"type":"Feature","properties":{"nombre":"Avenida República de Uruguay","jerarquia":4},"geometry":{"type":"LineString","coordinates":[[-70.71176,-34.16781],[-70.71143,-34.16743]]}},{"type":"Feature","properties":{"nombre":"Avenida República de Uruguay","jerarquia":5},"geometry":{"type":"LineString","coordinates":[[-70.70717,-34.16262],[-70.70737,-34.16277]]}},{"type":"Feature","properties":{"nombre":"Avenida República de Uruguay","jerarquia":5},"geometry":{"type":"LineString","coordinates":[[-70.70737,-34.16277],[-70.70752,-34.16293]]}},{"type":"Feature","properties":{"nombre":"Avenida República de Uruguay","jerarquia":4},"geometry":{"type":"LineString","coordinates":[[-70.71335,-34.16961],[-70.71353,-34.16969],[-70.71477,-34.17106]]}},{"type":"Feature","properties":{"nombre":"Avenida República de Uruguay","jerarquia":4},"geometry":{"type":"LineString","coordinates":[[-70.71477,-34.17106],[-70.71519,-34.17153]]}},{"type":"Feature","properties":{"nombre":"Avenida República de Uruguay","jerarquia":4},"geometry":{"type":"LineString","coordinates":[[-70.70812,-34.16351],[-70.70785,-34.16332]]}},{"type":"Feature","properties":{"nombre":"Avenida República de Uruguay","jerarquia":4},"geometry":{"type":"LineString","coordinates":[[-70.70785,-34.16332],[-70.7076,-34.16305]]}},{"type":"Feature","properties":{"nombre":"Avenida República de Uruguay","jerarquia":5},"geometry":{"type":"LineString","coordinates":[[-70.70717,-34.16262],[-70.70638,-34.16261],[-70.70598,-34.16248],[-70.70581,-34.16239],[-70.70535,-34.16193]]}},{"type":"Feature","properties":{"nombre":"Avenida República de Uruguay","jerarquia":5},"geometry":{"type":"LineString","coordinates":[[-70.70535,-34.16193],[-70.70498,-34.16152]]}},{"type":"Feature","properties":{"nombre":"Avenida La Rosa","jerarquia":5},"geometry":{"type":"LineString","coordinates":[[-70.66966,-34.18428],[-70.67006,-34.18383]]}},{"type":"Feature","properties":{"nombre":"Avenida La Rosa","jerarquia":5},"geometry":{"type":"LineString","coordinates":[[-70.67006,-34.18383],[-70.67048,-34.18349],[-70.67175,-34.18204]]}},{"type":"Feature","properties":{"nombre":"Avenida La Rosa","jerarquia":5},"geometry":{"type":"LineString","coordinates":[[-70.67175,-34.18204],[-70.67248,-34.18123],[-70.67314,-34.18086]]}},{"type":"Feature","properties":{"nombre":"Avenida La Rosa","jerarquia":5},"geometry":{"type":"LineString","coordinates":[[-70.67314,-34.18086],[-70.67362,-34.18045]]}},{"type":"Feature","properties":{"nombre":"Avenida La Rosa","jerarquia":5},"geometry":{"type":"LineString","coordinates":[[-70.67362,-34.18045],[-70.67507,-34.17891]]}},{"type":"Feature","properties":{"nombre":"Avenida La Rosa","jerarquia":5},"geometry":{"type":"LineString","coordinates":[[-70.67507,-34.17891],[-70.67518,-34.17879]]}},{"type":"Feature","properties":{"nombre":"Avenida La Rosa","jerarquia":5},"geometry":{"type":"LineString","coordinates":[[-70.67518,-34.17879],[-70.67696,-34.17677]]}},{"type":"Feature","properties":{"nombre":"Avenida La Rosa","jerarquia":5},"geometry":{"type":"LineString","coordinates":[[-70.67696,-34.17677],[-70.67833,-34.17526]]}},{"type":"Feature","properties":{"nombre":"Avenida La Rosa","jerarquia":5},"geometry":{"type":"LineString","coordinates":[[-70.67833,-34.17526],[-70.6784,-34.17518]]}},{"type":"Feature","properties":{"nombre":"Avenida La Rosa","jerarquia":5},"geometry":{"type":"LineString","coordinates":[[-70.6784,-34.17518],[-70.67902,-34.17448]]}},{"type":"Feature","properties":{"nombre":"Avenida La Rosa","jerarquia":5},"geometry":{"type":"LineString","coordinates":[[-70.67902,-34.17448],[-70.67912,-34.17437]]}},{"type":"Feature","properties":{"nombre":"Avenida La Rosa","jerarquia":5},"geometry":{"type":"LineString","coordinates":[[-70.67912,-34.17437],[-70.6793,-34.17417]]}},{"type":"Feature","properties":{"nombre":"Avenida La Rosa","jerarquia":5},"geometry":{"type":"LineString","coordinates":[[-70.6793,-34.17417],[-70.67937,-34.17409]]}},{"type":"Feature","properties":{"nombre":"Avenida La Rosa","jerarquia":5},"geometry":{"type":"LineString","coordinates":[[-70.67937,-34.17409],[-70.68027,-34.17307]]}},{"type":"Feature","properties":{"nombre":"Avenida La Rosa","jerarquia":5},"geometry":{"type":"LineString","coordinates":[[-70.68027,-34.17307],[-70.6813,-34.17192]]}},{"type":"Feature","properties":{"nombre":"Avenida La Rosa","jerarquia":5},"geometry":{"type":"LineString","coordinates":[[-70.6813,-34.17192],[-70.68202,-34.17111]]}},{"type":"Feature","properties":{"nombre":"Avenida La Compañía","jerarquia":3},"geometry":{"type":"LineString","coordinates":[[-70.71376,-34.16385],[-70.71276,-34.16278]]}},{"type":"Feature","properties":{"nombre":"Avenida La Compañía","jerarquia":3},"geometry":{"type":"LineString","coordinates":[[-70.71276,-34.16278],[-70.71184,-34.16184]]}},{"type":"Feature","properties":{"nombre":"Avenida La Compañía","jerarquia":3},"geometry":{"type":"LineString","coordinates":[[-70.71184,-34.16184],[-70.71178,-34.16177]]}},{"type":"Feature","properties":{"nombre":"","jerarquia":5},"geometry":{"type":"LineString","coordinates":[[-70.7087,-34.15908],[-70.70857,-34.15904],[-70.70858,-34.15891]]}},{"type":"Feature","properties":{"nombre":"Camino El Recreo","jerarquia":4},"geometry":{"type":"LineString","coordinates":[[-70.66434,-34.1681],[-70.66352,-34.16794]]}},{"type":"Feature","properties":{"nombre":"Camino El Recreo","jerarquia":4},"geometry":{"type":"LineString","coordinates":[[-70.66352,-34.16794],[-70.66304,-34.16789],[-70.6618,-34.16794]]}},{"type":"Feature","properties":{"nombre":"Camino El Recreo","jerarquia":4},"geometry":{"type":"LineString","coordinates":[[-70.6618,-34.16794],[-70.66152,-34.16796]]}},{"type":"Feature","properties":{"nombre":"Camino El Recreo","jerarquia":4},"geometry":{"type":"LineString","coordinates":[[-70.66152,-34.16796],[-70.66103,-34.16798]]}},{"type":"Feature","properties":{"nombre":"Camino El Recreo","jerarquia":4},"geometry":{"type":"LineString","coordinates":[[-70.66103,-34.16798],[-70.66004,-34.16805]]}},{"type":"Feature","properties":{"nombre":"Camino El Recreo","jerarquia":4},"geometry":{"type":"LineString","coordinates":[[-70.66004,-34.16805],[-70.65906,-34.16811]]}},{"type":"Feature","properties":{"nombre":"Camino El Recreo","jerarquia":4},"geometry":{"type":"LineString","coordinates":[[-70.65906,-34.16811],[-70.65827,-34.16813],[-70.65792,-34.16807]]}},{"type":"Feature","properties":{"nombre":"Camino El Recreo","jerarquia":4},"geometry":{"type":"LineString","coordinates":[[-70.65792,-34.16807],[-70.65785,-34.16805]]}},{"type":"Feature","properties":{"nombre":"Camino El Recreo","jerarquia":4},"geometry":{"type":"LineString","coordinates":[[-70.65785,-34.16805],[-70.65749,-34.16789]]}},{"type":"Feature","properties":{"nombre":"Camino El Recreo","jerarquia":4},"geometry":{"type":"LineString","coordinates":[[-70.65749,-34.16789],[-70.65697,-34.16758]]}},{"type":"Feature","properties":{"nombre":"Camino El Recreo","jerarquia":4},"geometry":{"type":"LineString","coordinates":[[-70.65697,-34.16758],[-70.65672,-34.16743]]}},{"type":"Feature","properties":{"nombre":"Camino El Recreo","jerarquia":4},"geometry":{"type":"LineString","coordinates":[[-70.65672,-34.16743],[-70.65485,-34.16628]]}},{"type":"Feature","properties":{"nombre":"Camino El Recreo","jerarquia":4},"geometry":{"type":"LineString","coordinates":[[-70.65485,-34.16628],[-70.65446,-34.16604]]}},{"type":"Feature","properties":{"nombre":"Camino El Recreo","jerarquia":4},"geometry":{"type":"LineString","coordinates":[[-70.65446,-34.16604],[-70.65318,-34.16529]]}},{"type":"Feature","properties":{"nombre":"Eusebio Lillo","jerarquia":5},"geometry":{"type":"LineString","coordinates":[[-70.72971,-34.181],[-70.72984,-34.18121]]}},{"type":"Feature","properties":{"nombre":"Eusebio Lillo","jerarquia":5},"geometry":{"type":"LineString","coordinates":[[-70.72984,-34.18121],[-70.73036,-34.18212]]}},{"type":"Feature","properties":{"nombre":"Eusebio Lillo","jerarquia":5},"geometry":{"type":"LineString","coordinates":[[-70.73036,-34.18212],[-70.731,-34.183]]}},{"type":"Feature","properties":{"nombre":"Eusebio Lillo","jerarquia":5},"geometry":{"type":"LineString","coordinates":[[-70.731,-34.183],[-70.73129,-34.1834]]}},{"type":"Feature","properties":{"nombre":"Avenida Bello Horizonte","jerarquia":5},"geometry":{"type":"LineString","coordinates":[[-70.72651,-34.17697],[-70.72739,-34.17831],[-70.72943,-34.18079]]}},{"type":"Feature","properties":{"nombre":"Héctor Zamorano","jerarquia":5},"geometry":{"type":"LineString","coordinates":[[-70.71265,-34.17949],[-70.71367,-34.17893]]}},{"type":"Feature","properties":{"nombre":"Héctor Zamorano","jerarquia":5},"geometry":{"type":"LineString","coordinates":[[-70.71367,-34.17893],[-70.71456,-34.17844]]}},{"type":"Feature","properties":{"nombre":"Héctor Zamorano","jerarquia":5},"geometry":{"type":"LineString","coordinates":[[-70.71456,-34.17844],[-70.71461,-34.17841]]}},{"type":"Feature","properties":{"nombre":"Héctor Zamorano","jerarquia":5},"geometry":{"type":"LineString","coordinates":[[-70.71461,-34.17841],[-70.71503,-34.17817]]}},{"type":"Feature","properties":{"nombre":"Avenida Circunvalación Poniente","jerarquia":5},"geometry":{"type":"LineString","coordinates":[[-70.75978,-34.15987],[-70.75982,-34.15997]]}},{"type":"Feature","properties":{"nombre":"Arturo Prat","jerarquia":4},"geometry":{"type":"LineString","coordinates":[[-70.65266,-34.16545],[-70.65254,-34.16566]]}},{"type":"Feature","properties":{"nombre":"Arturo Prat","jerarquia":4},"geometry":{"type":"LineString","coordinates":[[-70.65254,-34.16566],[-70.65183,-34.16682],[-70.65147,-34.16705]]}},{"type":"Feature","properties":{"nombre":"Arturo Prat","jerarquia":4},"geometry":{"type":"LineString","coordinates":[[-70.65147,-34.16705],[-70.65141,-34.16709]]}},{"type":"Feature","properties":{"nombre":"Arturo Prat","jerarquia":4},"geometry":{"type":"LineString","coordinates":[[-70.65141,-34.16709],[-70.65108,-34.16731]]}},{"type":"Feature","properties":{"nombre":"Arturo Prat","jerarquia":4},"geometry":{"type":"LineString","coordinates":[[-70.65108,-34.16731],[-70.65006,-34.16801]]}},{"type":"Feature","properties":{"nombre":"Arturo Prat","jerarquia":4},"geometry":{"type":"LineString","coordinates":[[-70.65006,-34.16801],[-70.64906,-34.16869]]}},{"type":"Feature","properties":{"nombre":"Arturo Prat","jerarquia":4},"geometry":{"type":"LineString","coordinates":[[-70.64906,-34.16869],[-70.64895,-34.16878]]}},{"type":"Feature","properties":{"nombre":"Arturo Prat","jerarquia":4},"geometry":{"type":"LineString","coordinates":[[-70.64895,-34.16878],[-70.64826,-34.16924]]}},{"type":"Feature","properties":{"nombre":"Arturo Prat","jerarquia":4},"geometry":{"type":"LineString","coordinates":[[-70.64826,-34.16924],[-70.64747,-34.16974]]}},{"type":"Feature","properties":{"nombre":"Arturo Prat","jerarquia":4},"geometry":{"type":"LineString","coordinates":[[-70.6471,-34.17007],[-70.6471,-34.16997]]}},{"type":"Feature","properties":{"nombre":"","jerarquia":4},"geometry":{"type":"LineString","coordinates":[[-70.65318,-34.16529],[-70.65293,-34.16533],[-70.65266,-34.16545]]}},{"type":"Feature","properties":{"nombre":"Arturo Prat","jerarquia":4},"geometry":{"type":"LineString","coordinates":[[-70.65126,-34.17715],[-70.65267,-34.17904]]}},{"type":"Feature","properties":{"nombre":"Arturo Prat","jerarquia":4},"geometry":{"type":"LineString","coordinates":[[-70.65267,-34.17904],[-70.65363,-34.1803]]}},{"type":"Feature","properties":{"nombre":"Arturo Prat","jerarquia":4},"geometry":{"type":"LineString","coordinates":[[-70.65358,-34.18036],[-70.65326,-34.17997]]}},{"type":"Feature","properties":{"nombre":"Arturo Prat","jerarquia":4},"geometry":{"type":"LineString","coordinates":[[-70.65326,-34.17997],[-70.65294,-34.17954]]}},{"type":"Feature","properties":{"nombre":"Arturo Prat","jerarquia":4},"geometry":{"type":"LineString","coordinates":[[-70.65294,-34.17954],[-70.65259,-34.17907]]}},{"type":"Feature","properties":{"nombre":"Arturo Prat","jerarquia":4},"geometry":{"type":"LineString","coordinates":[[-70.65259,-34.17907],[-70.65131,-34.17735],[-70.65126,-34.17715]]}},{"type":"Feature","properties":{"nombre":"","jerarquia":4},"geometry":{"type":"LineString","coordinates":[[-70.64719,-34.17],[-70.6471,-34.17007]]}},{"type":"Feature","properties":{"nombre":"Pisagua","jerarquia":3},"geometry":{"type":"LineString","coordinates":[[-70.64853,-34.18386],[-70.64844,-34.1841]]}},{"type":"Feature","properties":{"nombre":"Pisagua","jerarquia":3},"geometry":{"type":"LineString","coordinates":[[-70.64844,-34.1841],[-70.6484,-34.18419]]}},{"type":"Feature","properties":{"nombre":"Pisagua","jerarquia":3},"geometry":{"type":"LineString","coordinates":[[-70.6484,-34.18419],[-70.64815,-34.18473]]}},{"type":"Feature","properties":{"nombre":"Pisagua","jerarquia":3},"geometry":{"type":"LineString","coordinates":[[-70.64815,-34.18473],[-70.64801,-34.18502],[-70.64799,-34.18542]]}},{"type":"Feature","properties":{"nombre":"Leopoldo de Asís","jerarquia":5},"geometry":{"type":"LineString","coordinates":[[-70.70549,-34.17544],[-70.70479,-34.17546]]}},{"type":"Feature","properties":{"nombre":"Acceso El Polo","jerarquia":5},"geometry":{"type":"LineString","coordinates":[[-70.67786,-34.19179],[-70.67791,-34.19161],[-70.67824,-34.19129]]}},{"type":"Feature","properties":{"nombre":"Acceso El Polo","jerarquia":5},"geometry":{"type":"LineString","coordinates":[[-70.67824,-34.19129],[-70.67897,-34.19065]]}},{"type":"Feature","properties":{"nombre":"Acceso El Polo","jerarquia":5},"geometry":{"type":"LineString","coordinates":[[-70.67897,-34.19065],[-70.67908,-34.19057]]}},{"type":"Feature","properties":{"nombre":"Acceso El Polo","jerarquia":5},"geometry":{"type":"LineString","coordinates":[[-70.67908,-34.19057],[-70.67928,-34.19052]]}},{"type":"Feature","properties":{"nombre":"Avenida Circunvalación Norte","jerarquia":5},"geometry":{"type":"LineString","coordinates":[[-70.6977,-34.15666],[-70.69779,-34.15659]]}},{"type":"Feature","properties":{"nombre":"Avenida Circunvalación Norte","jerarquia":5},"geometry":{"type":"LineString","coordinates":[[-70.69779,-34.15659],[-70.69808,-34.15637]]}},{"type":"Feature","properties":{"nombre":"Avenida Circunvalación Norte","jerarquia":5},"geometry":{"type":"LineString","coordinates":[[-70.69808,-34.15637],[-70.69837,-34.15618]]}},{"type":"Feature","properties":{"nombre":"Avenida Circunvalación Norte","jerarquia":5},"geometry":{"type":"LineString","coordinates":[[-70.69837,-34.15618],[-70.69866,-34.15599]]}},{"type":"Feature","properties":{"nombre":"Avenida Circunvalación Norte","jerarquia":5},"geometry":{"type":"LineString","coordinates":[[-70.69866,-34.15599],[-70.69895,-34.15581]]}},{"type":"Feature","properties":{"nombre":"Avenida Circunvalación Norte","jerarquia":5},"geometry":{"type":"LineString","coordinates":[[-70.69895,-34.15581],[-70.69927,-34.15558]]}},{"type":"Feature","properties":{"nombre":"Avenida Circunvalación Norte","jerarquia":5},"geometry":{"type":"LineString","coordinates":[[-70.69927,-34.15558],[-70.69937,-34.15552]]}},{"type":"Feature","properties":{"nombre":"Avenida Circunvalación Norte","jerarquia":5},"geometry":{"type":"LineString","coordinates":[[-70.69937,-34.15552],[-70.70035,-34.15488]]}},{"type":"Feature","properties":{"nombre":"Avenida Circunvalación Norte","jerarquia":5},"geometry":{"type":"LineString","coordinates":[[-70.70035,-34.15488],[-70.70066,-34.15468]]}},{"type":"Feature","properties":{"nombre":"Avenida Circunvalación Norte","jerarquia":5},"geometry":{"type":"LineString","coordinates":[[-70.70066,-34.15468],[-70.70163,-34.15405]]}},{"type":"Feature","properties":{"nombre":"Avenida Circunvalación Norte","jerarquia":5},"geometry":{"type":"LineString","coordinates":[[-70.70163,-34.15405],[-70.70253,-34.15346]]}},{"type":"Feature","properties":{"nombre":"Avenida Circunvalación Norte","jerarquia":5},"geometry":{"type":"LineString","coordinates":[[-70.70253,-34.15346],[-70.70329,-34.15294]]}},{"type":"Feature","properties":{"nombre":"Avenida Circunvalación Norte","jerarquia":5},"geometry":{"type":"LineString","coordinates":[[-70.70329,-34.15294],[-70.70338,-34.15289]]}},{"type":"Feature","properties":{"nombre":"El Litoral","jerarquia":5},"geometry":{"type":"LineString","coordinates":[[-70.72113,-34.14884],[-70.72098,-34.14891]]}},{"type":"Feature","properties":{"nombre":"El Litoral","jerarquia":5},"geometry":{"type":"LineString","coordinates":[[-70.72098,-34.14891],[-70.72062,-34.1491]]}},{"type":"Feature","properties":{"nombre":"El Litoral","jerarquia":5},"geometry":{"type":"LineString","coordinates":[[-70.72062,-34.1491],[-70.72029,-34.14926]]}},{"type":"Feature","properties":{"nombre":"El Litoral","jerarquia":5},"geometry":{"type":"LineString","coordinates":[[-70.72029,-34.14926],[-70.71993,-34.14943]]}},{"type":"Feature","properties":{"nombre":"El Litoral","jerarquia":5},"geometry":{"type":"LineString","coordinates":[[-70.71993,-34.14943],[-70.7196,-34.1496]]}},{"type":"Feature","properties":{"nombre":"El Litoral","jerarquia":5},"geometry":{"type":"LineString","coordinates":[[-70.7196,-34.1496],[-70.71884,-34.14995]]}},{"type":"Feature","properties":{"nombre":"El Litoral","jerarquia":5},"geometry":{"type":"LineString","coordinates":[[-70.71884,-34.14995],[-70.71793,-34.15035]]}},{"type":"Feature","properties":{"nombre":"El Litoral","jerarquia":5},"geometry":{"type":"LineString","coordinates":[[-70.71793,-34.15035],[-70.71711,-34.15071]]}},{"type":"Feature","properties":{"nombre":"El Litoral","jerarquia":5},"geometry":{"type":"LineString","coordinates":[[-70.71711,-34.15071],[-70.71653,-34.15095]]}},{"type":"Feature","properties":{"nombre":"Avenida Provincial","jerarquia":5},"geometry":{"type":"LineString","coordinates":[[-70.76929,-34.18178],[-70.76807,-34.18026]]}},{"type":"Feature","properties":{"nombre":"Avenida Madero","jerarquia":5},"geometry":{"type":"LineString","coordinates":[[-70.66471,-34.18338],[-70.66389,-34.18338]]}},{"type":"Feature","properties":{"nombre":"Avenida Madero","jerarquia":5},"geometry":{"type":"LineString","coordinates":[[-70.66389,-34.18338],[-70.66195,-34.18338]]}},{"type":"Feature","properties":{"nombre":"Avenida Madero","jerarquia":5},"geometry":{"type":"LineString","coordinates":[[-70.66195,-34.18338],[-70.66079,-34.18338]]}},{"type":"Feature","properties":{"nombre":"Héctor Zamorano","jerarquia":5},"geometry":{"type":"LineString","coordinates":[[-70.7207,-34.17656],[-70.72129,-34.17622]]}},{"type":"Feature","properties":{"nombre":"Héctor Zamorano","jerarquia":5},"geometry":{"type":"LineString","coordinates":[[-70.72129,-34.17622],[-70.72177,-34.17594]]}},{"type":"Feature","properties":{"nombre":"Héctor Zamorano","jerarquia":5},"geometry":{"type":"LineString","coordinates":[[-70.72177,-34.17594],[-70.72234,-34.1756]]}},{"type":"Feature","properties":{"nombre":"Avenida República de Chile","jerarquia":3},"geometry":{"type":"LineString","coordinates":[[-70.69589,-34.17613],[-70.69595,-34.17596],[-70.69601,-34.17498],[-70.69597,-34.17465],[-70.6958,-34.17413],[-70.69525,-34.17322],[-70.69512,-34.17291],[-70.69502,-34.1722],[-70.69502,-34.17193],[-70.69516,-34.1714],[-70.69533,-34.17104],[-70.69572,-34.17049]]}},{"type":"Feature","properties":{"nombre":"Avenida República de Chile","jerarquia":3},"geometry":{"type":"LineString","coordinates":[[-70.69572,-34.17049],[-70.69586,-34.17035]]}},{"type":"Feature","properties":{"nombre":"Avenida República de Chile","jerarquia":3},"geometry":{"type":"LineString","coordinates":[[-70.69586,-34.17035],[-70.69817,-34.16881]]}},{"type":"Feature","properties":{"nombre":"Avenida República de Chile","jerarquia":3},"geometry":{"type":"LineString","coordinates":[[-70.69817,-34.16881],[-70.69827,-34.16874]]}},{"type":"Feature","properties":{"nombre":"Carretera Presidente Eduardo Frei Montalva","jerarquia":3},"geometry":{"type":"LineString","coordinates":[[-70.69499,-34.19234],[-70.69531,-34.19221],[-70.69616,-34.19204]]}},{"type":"Feature","properties":{"nombre":"Carretera Presidente Eduardo Frei Montalva","jerarquia":3},"geometry":{"type":"LineString","coordinates":[[-70.69616,-34.19204],[-70.69738,-34.19182]]}},{"type":"Feature","properties":{"nombre":"Carretera Presidente Eduardo Frei Montalva","jerarquia":3},"geometry":{"type":"LineString","coordinates":[[-70.69738,-34.19182],[-70.69839,-34.19165],[-70.69886,-34.19162]]}},{"type":"Feature","properties":{"nombre":"Carretera Presidente Eduardo Frei Montalva","jerarquia":3},"geometry":{"type":"LineString","coordinates":[[-70.70014,-34.19138],[-70.70442,-34.19058]]}},{"type":"Feature","properties":{"nombre":"Carretera Presidente Eduardo Frei Montalva","jerarquia":3},"geometry":{"type":"LineString","coordinates":[[-70.70442,-34.19058],[-70.70668,-34.19017]]}},{"type":"Feature","properties":{"nombre":"Carretera Presidente Eduardo Frei Montalva","jerarquia":3},"geometry":{"type":"LineString","coordinates":[[-70.70668,-34.19017],[-70.70813,-34.1899]]}},{"type":"Feature","properties":{"nombre":"Carretera Presidente Eduardo Frei Montalva","jerarquia":3},"geometry":{"type":"LineString","coordinates":[[-70.70813,-34.1899],[-70.70934,-34.18967]]}},{"type":"Feature","properties":{"nombre":"Carretera Presidente Eduardo Frei Montalva","jerarquia":3},"geometry":{"type":"LineString","coordinates":[[-70.70934,-34.18967],[-70.70954,-34.18963]]}},{"type":"Feature","properties":{"nombre":"Carretera Presidente Eduardo Frei Montalva","jerarquia":3},"geometry":{"type":"LineString","coordinates":[[-70.70954,-34.18963],[-70.71524,-34.18856]]}},{"type":"Feature","properties":{"nombre":"Carretera Presidente Eduardo Frei Montalva","jerarquia":3},"geometry":{"type":"LineString","coordinates":[[-70.6981,-34.19177],[-70.69737,-34.1919]]}},{"type":"Feature","properties":{"nombre":"Carretera Presidente Eduardo Frei Montalva","jerarquia":3},"geometry":{"type":"LineString","coordinates":[[-70.69737,-34.1919],[-70.69704,-34.19197]]}},{"type":"Feature","properties":{"nombre":"Carretera Presidente Eduardo Frei Montalva","jerarquia":3},"geometry":{"type":"LineString","coordinates":[[-70.69704,-34.19197],[-70.69645,-34.19208]]}},{"type":"Feature","properties":{"nombre":"Pedro Emilio Cuadra","jerarquia":5},"geometry":{"type":"LineString","coordinates":[[-70.7385,-34.16548],[-70.7383,-34.16441]]}},{"type":"Feature","properties":{"nombre":"Pedro Emilio Cuadra","jerarquia":5},"geometry":{"type":"LineString","coordinates":[[-70.7383,-34.16441],[-70.73813,-34.16363]]}},{"type":"Feature","properties":{"nombre":"Avenida República de Uruguay","jerarquia":5},"geometry":{"type":"LineString","coordinates":[[-70.70081,-34.15726],[-70.7008,-34.15708]]}},{"type":"Feature","properties":{"nombre":"Avenida República de Uruguay","jerarquia":5},"geometry":{"type":"LineString","coordinates":[[-70.7008,-34.15708],[-70.7006,-34.15686]]}},{"type":"Feature","properties":{"nombre":"Avenida República de Uruguay","jerarquia":5},"geometry":{"type":"LineString","coordinates":[[-70.7006,-34.15686],[-70.70038,-34.15663]]}},{"type":"Feature","properties":{"nombre":"Avenida República de Uruguay","jerarquia":5},"geometry":{"type":"LineString","coordinates":[[-70.70038,-34.15663],[-70.70019,-34.15642]]}},{"type":"Feature","properties":{"nombre":"Avenida República de Uruguay","jerarquia":5},"geometry":{"type":"LineString","coordinates":[[-70.70019,-34.15642],[-70.69999,-34.1562]]}},{"type":"Feature","properties":{"nombre":"Avenida República de Uruguay","jerarquia":5},"geometry":{"type":"LineString","coordinates":[[-70.69999,-34.1562],[-70.6998,-34.15599]]}},{"type":"Feature","properties":{"nombre":"Avenida República de Uruguay","jerarquia":5},"geometry":{"type":"LineString","coordinates":[[-70.6998,-34.15599],[-70.69961,-34.15578]]}},{"type":"Feature","properties":{"nombre":"Avenida República de Uruguay","jerarquia":5},"geometry":{"type":"LineString","coordinates":[[-70.69961,-34.15578],[-70.69937,-34.15552]]}},{"type":"Feature","properties":{"nombre":"","jerarquia":3},"geometry":{"type":"LineString","coordinates":[[-70.74243,-34.16491],[-70.74251,-34.16528]]}},{"type":"Feature","properties":{"nombre":"","jerarquia":3},"geometry":{"type":"LineString","coordinates":[[-70.74251,-34.16528],[-70.74252,-34.16532]]}},{"type":"Feature","properties":{"nombre":"","jerarquia":4},"geometry":{"type":"LineString","coordinates":[[-70.72732,-34.15523],[-70.72747,-34.1553],[-70.72761,-34.15529]]}},{"type":"Feature","properties":{"nombre":"","jerarquia":4},"geometry":{"type":"LineString","coordinates":[[-70.72761,-34.15529],[-70.72771,-34.15524]]}},{"type":"Feature","properties":{"nombre":"Avenida Bombero Domingo Villalobos","jerarquia":5},"geometry":{"type":"LineString","coordinates":[[-70.70337,-34.16596],[-70.70346,-34.16604]]}},{"type":"Feature","properties":{"nombre":"Avenida Bombero Domingo Villalobos","jerarquia":5},"geometry":{"type":"LineString","coordinates":[[-70.70346,-34.16604],[-70.70361,-34.16618]]}},{"type":"Feature","properties":{"nombre":"Avenida Bombero Domingo Villalobos","jerarquia":5},"geometry":{"type":"LineString","coordinates":[[-70.70361,-34.16618],[-70.70403,-34.16657]]}},{"type":"Feature","properties":{"nombre":"Avenida Bombero Domingo Villalobos","jerarquia":5},"geometry":{"type":"LineString","coordinates":[[-70.70403,-34.16657],[-70.70448,-34.16698]]}},{"type":"Feature","properties":{"nombre":"Avenida Bombero Domingo Villalobos","jerarquia":5},"geometry":{"type":"LineString","coordinates":[[-70.6977,-34.15666],[-70.69795,-34.15692]]}},{"type":"Feature","properties":{"nombre":"Avenida Bombero Domingo Villalobos","jerarquia":5},"geometry":{"type":"LineString","coordinates":[[-70.69795,-34.15692],[-70.69818,-34.15719]]}},{"type":"Feature","properties":{"nombre":"Avenida Bombero Domingo Villalobos","jerarquia":5},"geometry":{"type":"LineString","coordinates":[[-70.69818,-34.15719],[-70.69841,-34.15744]]}},{"type":"Feature","properties":{"nombre":"Avenida Bombero Domingo Villalobos","jerarquia":5},"geometry":{"type":"LineString","coordinates":[[-70.69841,-34.15744],[-70.69867,-34.15774]]}},{"type":"Feature","properties":{"nombre":"Avenida Bombero Domingo Villalobos","jerarquia":5},"geometry":{"type":"LineString","coordinates":[[-70.69867,-34.15774],[-70.69876,-34.15785]]}},{"type":"Feature","properties":{"nombre":"Avenida Bombero Domingo Villalobos","jerarquia":5},"geometry":{"type":"LineString","coordinates":[[-70.69876,-34.15785],[-70.69887,-34.15798]]}},{"type":"Feature","properties":{"nombre":"Avenida Bombero Domingo Villalobos","jerarquia":5},"geometry":{"type":"LineString","coordinates":[[-70.69887,-34.15798],[-70.69911,-34.15826]]}},{"type":"Feature","properties":{"nombre":"Avenida Bombero Domingo Villalobos","jerarquia":5},"geometry":{"type":"LineString","coordinates":[[-70.69911,-34.15826],[-70.6997,-34.15895]]}},{"type":"Feature","properties":{"nombre":"","jerarquia":2},"geometry":{"type":"LineString","coordinates":[[-70.74615,-34.18849],[-70.74472,-34.18756]]}},{"type":"Feature","properties":{"nombre":"Diego de Almagro","jerarquia":4},"geometry":{"type":"LineString","coordinates":[[-70.72947,-34.13973],[-70.72926,-34.14237]]}},{"type":"Feature","properties":{"nombre":"Diego de Almagro","jerarquia":4},"geometry":{"type":"LineString","coordinates":[[-70.72926,-34.14237],[-70.72914,-34.14403]]}},{"type":"Feature","properties":{"nombre":"Avenida Viña del Mar","jerarquia":5},"geometry":{"type":"LineString","coordinates":[[-70.75103,-34.16377],[-70.75106,-34.16389]]}},{"type":"Feature","properties":{"nombre":"Cristóbal Colón","jerarquia":5},"geometry":{"type":"LineString","coordinates":[[-70.73454,-34.17233],[-70.73431,-34.17121]]}},{"type":"Feature","properties":{"nombre":"","jerarquia":5},"geometry":{"type":"LineString","coordinates":[[-70.7404,-34.18892],[-70.74004,-34.18863]]}},{"type":"Feature","properties":{"nombre":"Calle Nueva","jerarquia":5},"geometry":{"type":"LineString","coordinates":[[-70.76898,-34.18563],[-70.76945,-34.18555]]}},{"type":"Feature","properties":{"nombre":"Calle Nueva","jerarquia":5},"geometry":{"type":"LineString","coordinates":[[-70.76945,-34.18555],[-70.76992,-34.18556],[-70.77016,-34.1855]]}},{"type":"Feature","properties":{"nombre":"Calle Nueva","jerarquia":5},"geometry":{"type":"LineString","coordinates":[[-70.77016,-34.1855],[-70.77147,-34.18515]]}},{"type":"Feature","properties":{"nombre":"Calle Nueva","jerarquia":5},"geometry":{"type":"LineString","coordinates":[[-70.77147,-34.18515],[-70.77186,-34.18502]]}},{"type":"Feature","properties":{"nombre":"Oficial Carlos María O'Carrol","jerarquia":4},"geometry":{"type":"LineString","coordinates":[[-70.74098,-34.1714],[-70.73961,-34.17161]]}},{"type":"Feature","properties":{"nombre":"Oficial Carlos María O'Carrol","jerarquia":4},"geometry":{"type":"LineString","coordinates":[[-70.73961,-34.17161],[-70.73826,-34.1718]]}},{"type":"Feature","properties":{"nombre":"Oficial Carlos María O'Carrol","jerarquia":4},"geometry":{"type":"LineString","coordinates":[[-70.73826,-34.1718],[-70.73688,-34.17199]]}},{"type":"Feature","properties":{"nombre":"Oficial Carlos María O'Carrol","jerarquia":4},"geometry":{"type":"LineString","coordinates":[[-70.73688,-34.17199],[-70.73562,-34.17217]]}},{"type":"Feature","properties":{"nombre":"Oficial Carlos María O'Carrol","jerarquia":4},"geometry":{"type":"LineString","coordinates":[[-70.73562,-34.17217],[-70.73556,-34.17218]]}},{"type":"Feature","properties":{"nombre":"Oficial Carlos María O'Carrol","jerarquia":4},"geometry":{"type":"LineString","coordinates":[[-70.73556,-34.17218],[-70.73547,-34.1722]]}},{"type":"Feature","properties":{"nombre":"Oficial Carlos María O'Carrol","jerarquia":4},"geometry":{"type":"LineString","coordinates":[[-70.75168,-34.16994],[-70.75043,-34.17015]]}},{"type":"Feature","properties":{"nombre":"Oficial Carlos María O'Carrol","jerarquia":4},"geometry":{"type":"LineString","coordinates":[[-70.75043,-34.17015],[-70.74878,-34.17039]]}},{"type":"Feature","properties":{"nombre":"","jerarquia":3},"geometry":{"type":"LineString","coordinates":[[-70.73313,-34.16125],[-70.73326,-34.16106]]}},{"type":"Feature","properties":{"nombre":"Avenida Illanes","jerarquia":4},"geometry":{"type":"LineString","coordinates":[[-70.73129,-34.15177],[-70.73137,-34.15215]]}},{"type":"Feature","properties":{"nombre":"Avenida Illanes","jerarquia":4},"geometry":{"type":"LineString","coordinates":[[-70.73137,-34.15215],[-70.73164,-34.15344]]}},{"type":"Feature","properties":{"nombre":"Avenida Illanes","jerarquia":4},"geometry":{"type":"LineString","coordinates":[[-70.73164,-34.15344],[-70.73173,-34.15389]]}},{"type":"Feature","properties":{"nombre":"Obispo Larraín","jerarquia":5},"geometry":{"type":"LineString","coordinates":[[-70.72566,-34.16589],[-70.72566,-34.16579]]}},{"type":"Feature","properties":{"nombre":"Obispo Larraín","jerarquia":5},"geometry":{"type":"LineString","coordinates":[[-70.72566,-34.16579],[-70.72567,-34.16536]]}},{"type":"Feature","properties":{"nombre":"Obispo Larraín","jerarquia":5},"geometry":{"type":"LineString","coordinates":[[-70.72567,-34.16536],[-70.72564,-34.16497]]}},{"type":"Feature","properties":{"nombre":"Obispo Larraín","jerarquia":5},"geometry":{"type":"LineString","coordinates":[[-70.72564,-34.16497],[-70.7256,-34.16457]]}},{"type":"Feature","properties":{"nombre":"Obispo Larraín","jerarquia":5},"geometry":{"type":"LineString","coordinates":[[-70.7256,-34.16457],[-70.7255,-34.16343]]}},{"type":"Feature","properties":{"nombre":"Obispo Larraín","jerarquia":5},"geometry":{"type":"LineString","coordinates":[[-70.7255,-34.16343],[-70.72541,-34.16246]]}},{"type":"Feature","properties":{"nombre":"Obispo Larraín","jerarquia":5},"geometry":{"type":"LineString","coordinates":[[-70.72541,-34.16246],[-70.72531,-34.16138]]}},{"type":"Feature","properties":{"nombre":"Obispo Larraín","jerarquia":5},"geometry":{"type":"LineString","coordinates":[[-70.72531,-34.16138],[-70.72527,-34.16099]]}},{"type":"Feature","properties":{"nombre":"Obispo Larraín","jerarquia":5},"geometry":{"type":"LineString","coordinates":[[-70.72527,-34.16099],[-70.72523,-34.16053]]}},{"type":"Feature","properties":{"nombre":"Obispo Larraín","jerarquia":5},"geometry":{"type":"LineString","coordinates":[[-70.72523,-34.16053],[-70.7251,-34.15939]]}},{"type":"Feature","properties":{"nombre":"Lourdes","jerarquia":5},"geometry":{"type":"LineString","coordinates":[[-70.76025,-34.17522],[-70.76049,-34.17556]]}},{"type":"Feature","properties":{"nombre":"Lourdes","jerarquia":5},"geometry":{"type":"LineString","coordinates":[[-70.76049,-34.17556],[-70.7607,-34.17587]]}},{"type":"Feature","properties":{"nombre":"Lourdes","jerarquia":5},"geometry":{"type":"LineString","coordinates":[[-70.7607,-34.17587],[-70.76075,-34.17595]]}},{"type":"Feature","properties":{"nombre":"Lourdes","jerarquia":5},"geometry":{"type":"LineString","coordinates":[[-70.76075,-34.17595],[-70.76092,-34.17621]]}},{"type":"Feature","properties":{"nombre":"Lourdes","jerarquia":5},"geometry":{"type":"LineString","coordinates":[[-70.76092,-34.17621],[-70.76098,-34.1763]]}},{"type":"Feature","properties":{"nombre":"Lourdes","jerarquia":5},"geometry":{"type":"LineString","coordinates":[[-70.76098,-34.1763],[-70.76113,-34.17651]]}},{"type":"Feature","properties":{"nombre":"Lourdes","jerarquia":5},"geometry":{"type":"LineString","coordinates":[[-70.76113,-34.17651],[-70.76122,-34.17665]]}},{"type":"Feature","properties":{"nombre":"Lourdes","jerarquia":5},"geometry":{"type":"LineString","coordinates":[[-70.76122,-34.17665],[-70.76144,-34.17697]]}},{"type":"Feature","properties":{"nombre":"Lourdes","jerarquia":5},"geometry":{"type":"LineString","coordinates":[[-70.76144,-34.17697],[-70.76151,-34.17708]]}},{"type":"Feature","properties":{"nombre":"Lourdes","jerarquia":5},"geometry":{"type":"LineString","coordinates":[[-70.76151,-34.17708],[-70.76168,-34.17732]]}},{"type":"Feature","properties":{"nombre":"Lourdes","jerarquia":5},"geometry":{"type":"LineString","coordinates":[[-70.76168,-34.17732],[-70.76229,-34.17821]]}},{"type":"Feature","properties":{"nombre":"Lourdes","jerarquia":5},"geometry":{"type":"LineString","coordinates":[[-70.76229,-34.17821],[-70.76232,-34.17827]]}},{"type":"Feature","properties":{"nombre":"Lourdes","jerarquia":5},"geometry":{"type":"LineString","coordinates":[[-70.76232,-34.17827],[-70.76236,-34.17831]]}},{"type":"Feature","properties":{"nombre":"Camino a Nogales","jerarquia":5},"geometry":{"type":"LineString","coordinates":[[-70.66671,-34.20129],[-70.66706,-34.2009],[-70.6678,-34.20027],[-70.66799,-34.20019]]}},{"type":"Feature","properties":{"nombre":"Camino La Cruz","jerarquia":5},"geometry":{"type":"LineString","coordinates":[[-70.73022,-34.16666],[-70.73019,-34.16653]]}},{"type":"Feature","properties":{"nombre":"Camino La Cruz","jerarquia":5},"geometry":{"type":"LineString","coordinates":[[-70.73019,-34.16653],[-70.72976,-34.16448]]}},{"type":"Feature","properties":{"nombre":"","jerarquia":3},"geometry":{"type":"LineString","coordinates":[[-70.74004,-34.14483],[-70.74024,-34.14494]]}},{"type":"Feature","properties":{"nombre":"","jerarquia":3},"geometry":{"type":"LineString","coordinates":[[-70.74024,-34.14494],[-70.74043,-34.14492]]}},{"type":"Feature","properties":{"nombre":"Diagonal Doñihue","jerarquia":5},"geometry":{"type":"LineString","coordinates":[[-70.76248,-34.1785],[-70.76189,-34.17838]]}},{"type":"Feature","properties":{"nombre":"El Molino","jerarquia":5},"geometry":{"type":"LineString","coordinates":[[-70.75837,-34.1842],[-70.75821,-34.18391]]}},{"type":"Feature","properties":{"nombre":"El Molino","jerarquia":5},"geometry":{"type":"LineString","coordinates":[[-70.75821,-34.18391],[-70.75708,-34.1819]]}},{"type":"Feature","properties":{"nombre":"El Molino","jerarquia":5},"geometry":{"type":"LineString","coordinates":[[-70.75708,-34.1819],[-70.75679,-34.18139]]}},{"type":"Feature","properties":{"nombre":"El Molino","jerarquia":5},"geometry":{"type":"LineString","coordinates":[[-70.75679,-34.18139],[-70.75654,-34.18094]]}},{"type":"Feature","properties":{"nombre":"El Molino","jerarquia":5},"geometry":{"type":"LineString","coordinates":[[-70.75654,-34.18094],[-70.75632,-34.18056]]}},{"type":"Feature","properties":{"nombre":"Avenida Camino del Recreo","jerarquia":5},"geometry":{"type":"LineString","coordinates":[[-70.73655,-34.14944],[-70.73642,-34.14883]]}},{"type":"Feature","properties":{"nombre":"Avenida Camino del Recreo","jerarquia":5},"geometry":{"type":"LineString","coordinates":[[-70.73642,-34.14883],[-70.73638,-34.14864]]}},{"type":"Feature","properties":{"nombre":"Avenida Camino del Recreo","jerarquia":5},"geometry":{"type":"LineString","coordinates":[[-70.73638,-34.14864],[-70.7362,-34.14779]]}},{"type":"Feature","properties":{"nombre":"Avenida Camino del Recreo","jerarquia":5},"geometry":{"type":"LineString","coordinates":[[-70.7362,-34.14779],[-70.73602,-34.14695]]}},{"type":"Feature","properties":{"nombre":"Avenida Camino del Recreo","jerarquia":5},"geometry":{"type":"LineString","coordinates":[[-70.73602,-34.14695],[-70.73591,-34.14644]]}},{"type":"Feature","properties":{"nombre":"Avenida Grecia","jerarquia":5},"geometry":{"type":"LineString","coordinates":[[-70.73866,-34.15975],[-70.73702,-34.15996]]}},{"type":"Feature","properties":{"nombre":"José Domingo Mujica","jerarquia":5},"geometry":{"type":"LineString","coordinates":[[-70.74708,-34.16716],[-70.74784,-34.1671]]}},{"type":"Feature","properties":{"nombre":"José Domingo Mujica","jerarquia":5},"geometry":{"type":"LineString","coordinates":[[-70.74784,-34.1671],[-70.74846,-34.16707]]}},{"type":"Feature","properties":{"nombre":"José Domingo Mujica","jerarquia":5},"geometry":{"type":"LineString","coordinates":[[-70.74846,-34.16707],[-70.74989,-34.16695]]}},{"type":"Feature","properties":{"nombre":"Gobernador Pedro de Los Álamos","jerarquia":5},"geometry":{"type":"LineString","coordinates":[[-70.73735,-34.15318],[-70.738,-34.1531]]}},{"type":"Feature","properties":{"nombre":"Gobernador Pedro de Los Álamos","jerarquia":5},"geometry":{"type":"LineString","coordinates":[[-70.738,-34.1531],[-70.73859,-34.15303]]}},{"type":"Feature","properties":{"nombre":"Gobernador Pedro de Los Álamos","jerarquia":5},"geometry":{"type":"LineString","coordinates":[[-70.73859,-34.15303],[-70.73881,-34.15301]]}},{"type":"Feature","properties":{"nombre":"Gobernador Pedro de Los Álamos","jerarquia":5},"geometry":{"type":"LineString","coordinates":[[-70.73881,-34.15301],[-70.73936,-34.15294]]}},{"type":"Feature","properties":{"nombre":"Gobernador Pedro de Los Álamos","jerarquia":5},"geometry":{"type":"LineString","coordinates":[[-70.73936,-34.15294],[-70.73962,-34.15291]]}},{"type":"Feature","properties":{"nombre":"Gobernador Pedro de Los Álamos","jerarquia":5},"geometry":{"type":"LineString","coordinates":[[-70.73962,-34.15291],[-70.74028,-34.15284]]}},{"type":"Feature","properties":{"nombre":"Gobernador Pedro de Los Álamos","jerarquia":5},"geometry":{"type":"LineString","coordinates":[[-70.74028,-34.15284],[-70.74086,-34.15277]]}},{"type":"Feature","properties":{"nombre":"Gobernador Pedro de Los Álamos","jerarquia":5},"geometry":{"type":"LineString","coordinates":[[-70.74086,-34.15277],[-70.74143,-34.1527]]}},{"type":"Feature","properties":{"nombre":"Gobernador Pedro de Los Álamos","jerarquia":5},"geometry":{"type":"LineString","coordinates":[[-70.74143,-34.1527],[-70.74172,-34.15266]]}},{"type":"Feature","properties":{"nombre":"Gobernador Pedro de Los Álamos","jerarquia":5},"geometry":{"type":"LineString","coordinates":[[-70.74172,-34.15266],[-70.74297,-34.15252]]}},{"type":"Feature","properties":{"nombre":"Camino Antiguo A Sauzal","jerarquia":5},"geometry":{"type":"LineString","coordinates":[[-70.71827,-34.1876],[-70.71685,-34.18834]]}},{"type":"Feature","properties":{"nombre":"Avenida República de Chile","jerarquia":3},"geometry":{"type":"LineString","coordinates":[[-70.69836,-34.16883],[-70.69649,-34.17006],[-70.69598,-34.17045]]}},{"type":"Feature","properties":{"nombre":"Avenida República de Chile","jerarquia":3},"geometry":{"type":"LineString","coordinates":[[-70.69598,-34.17045],[-70.69584,-34.17058]]}},{"type":"Feature","properties":{"nombre":"Avenida República de Chile","jerarquia":3},"geometry":{"type":"LineString","coordinates":[[-70.69584,-34.17058],[-70.69547,-34.17108],[-70.69531,-34.17143],[-70.69521,-34.17169],[-70.69515,-34.17223],[-70.69517,-34.17258],[-70.69538,-34.17319],[-70.69591,-34.1741],[-70.69609,-34.17464],[-70.69613,-34.17503],[-70.69611,-34.17571],[-70.69602,-34.17616]]}},{"type":"Feature","properties":{"nombre":"Avenida República de Chile","jerarquia":3},"geometry":{"type":"LineString","coordinates":[[-70.72777,-34.15614],[-70.72829,-34.15608]]}},{"type":"Feature","properties":{"nombre":"Avenida República de Chile","jerarquia":3},"geometry":{"type":"LineString","coordinates":[[-70.72466,-34.1571],[-70.72376,-34.15744]]}},{"type":"Feature","properties":{"nombre":"Avenida República de Chile","jerarquia":3},"geometry":{"type":"LineString","coordinates":[[-70.72376,-34.15744],[-70.7234,-34.15758]]}},{"type":"Feature","properties":{"nombre":"Avenida República de Chile","jerarquia":3},"geometry":{"type":"LineString","coordinates":[[-70.7234,-34.15758],[-70.72326,-34.15763]]}},{"type":"Feature","properties":{"nombre":"Avenida República de Chile","jerarquia":3},"geometry":{"type":"LineString","coordinates":[[-70.72326,-34.15763],[-70.72275,-34.15782]]}},{"type":"Feature","properties":{"nombre":"Avenida República de Chile","jerarquia":3},"geometry":{"type":"LineString","coordinates":[[-70.72275,-34.15782],[-70.72226,-34.15802]]}},{"type":"Feature","properties":{"nombre":"Avenida República de Chile","jerarquia":3},"geometry":{"type":"LineString","coordinates":[[-70.72226,-34.15802],[-70.72183,-34.15831]]}},{"type":"Feature","properties":{"nombre":"Avenida República de Chile","jerarquia":3},"geometry":{"type":"LineString","coordinates":[[-70.72183,-34.15831],[-70.72133,-34.15853]]}},{"type":"Feature","properties":{"nombre":"Avenida República de Chile","jerarquia":3},"geometry":{"type":"LineString","coordinates":[[-70.72133,-34.15853],[-70.72033,-34.15878]]}},{"type":"Feature","properties":{"nombre":"Avenida República de Chile","jerarquia":3},"geometry":{"type":"LineString","coordinates":[[-70.72033,-34.15878],[-70.7203,-34.15879]]}},{"type":"Feature","properties":{"nombre":"Avenida República de Chile","jerarquia":3},"geometry":{"type":"LineString","coordinates":[[-70.72829,-34.15622],[-70.72777,-34.15628]]}},{"type":"Feature","properties":{"nombre":"Diego de Almagro","jerarquia":4},"geometry":{"type":"LineString","coordinates":[[-70.72837,-34.15729],[-70.72827,-34.15772]]}},{"type":"Feature","properties":{"nombre":"Diego de Almagro","jerarquia":4},"geometry":{"type":"LineString","coordinates":[[-70.72827,-34.15772],[-70.72812,-34.15823],[-70.72769,-34.16433]]}},{"type":"Feature","properties":{"nombre":"Camino La Cruz","jerarquia":4},"geometry":{"type":"LineString","coordinates":[[-70.7269,-34.15428],[-70.72668,-34.15391],[-70.72574,-34.15274],[-70.72457,-34.15142]]}},{"type":"Feature","properties":{"nombre":"Camino La Cruz","jerarquia":4},"geometry":{"type":"LineString","coordinates":[[-70.72457,-34.15142],[-70.72425,-34.15105]]}},{"type":"Feature","properties":{"nombre":"Camino La Cruz","jerarquia":4},"geometry":{"type":"LineString","coordinates":[[-70.72425,-34.15105],[-70.72384,-34.15054]]}},{"type":"Feature","properties":{"nombre":"Camino La Cruz","jerarquia":4},"geometry":{"type":"LineString","coordinates":[[-70.72384,-34.15054],[-70.7238,-34.15048]]}},{"type":"Feature","properties":{"nombre":"Camino La Cruz","jerarquia":4},"geometry":{"type":"LineString","coordinates":[[-70.7238,-34.15048],[-70.72346,-34.14997]]}},{"type":"Feature","properties":{"nombre":"Camino La Cruz","jerarquia":4},"geometry":{"type":"LineString","coordinates":[[-70.72346,-34.14997],[-70.72341,-34.14987]]}},{"type":"Feature","properties":{"nombre":"Camino La Cruz","jerarquia":4},"geometry":{"type":"LineString","coordinates":[[-70.72341,-34.14987],[-70.72299,-34.14923]]}},{"type":"Feature","properties":{"nombre":"Diego de Almagro","jerarquia":4},"geometry":{"type":"LineString","coordinates":[[-70.72902,-34.14722],[-70.72905,-34.14796],[-70.729,-34.14872]]}},{"type":"Feature","properties":{"nombre":"Diego de Almagro","jerarquia":4},"geometry":{"type":"LineString","coordinates":[[-70.729,-34.14872],[-70.72898,-34.14906]]}},{"type":"Feature","properties":{"nombre":"Diego de Almagro","jerarquia":4},"geometry":{"type":"LineString","coordinates":[[-70.72898,-34.14906],[-70.72895,-34.14943]]}},{"type":"Feature","properties":{"nombre":"Diego de Almagro","jerarquia":4},"geometry":{"type":"LineString","coordinates":[[-70.72895,-34.14943],[-70.72893,-34.14982]]}},{"type":"Feature","properties":{"nombre":"Diego de Almagro","jerarquia":4},"geometry":{"type":"LineString","coordinates":[[-70.72893,-34.14982],[-70.7289,-34.15019]]}},{"type":"Feature","properties":{"nombre":"Diego de Almagro","jerarquia":4},"geometry":{"type":"LineString","coordinates":[[-70.7289,-34.15019],[-70.72887,-34.15055]]}},{"type":"Feature","properties":{"nombre":"Diego de Almagro","jerarquia":4},"geometry":{"type":"LineString","coordinates":[[-70.72887,-34.15055],[-70.72884,-34.15093]]}},{"type":"Feature","properties":{"nombre":"Diego de Almagro","jerarquia":4},"geometry":{"type":"LineString","coordinates":[[-70.72884,-34.15093],[-70.72882,-34.15139]]}},{"type":"Feature","properties":{"nombre":"Diego de Almagro","jerarquia":4},"geometry":{"type":"LineString","coordinates":[[-70.72882,-34.15139],[-70.72878,-34.15189]]}},{"type":"Feature","properties":{"nombre":"Diego de Almagro","jerarquia":4},"geometry":{"type":"LineString","coordinates":[[-70.72878,-34.15189],[-70.72868,-34.15298]]}},{"type":"Feature","properties":{"nombre":"Diego de Almagro","jerarquia":4},"geometry":{"type":"LineString","coordinates":[[-70.72868,-34.15298],[-70.72866,-34.15332]]}},{"type":"Feature","properties":{"nombre":"Diego de Almagro","jerarquia":4},"geometry":{"type":"LineString","coordinates":[[-70.72866,-34.15332],[-70.72863,-34.15371]]}},{"type":"Feature","properties":{"nombre":"Diego de Almagro","jerarquia":4},"geometry":{"type":"LineString","coordinates":[[-70.72863,-34.15371],[-70.72861,-34.15408]]}},{"type":"Feature","properties":{"nombre":"Diego de Almagro","jerarquia":4},"geometry":{"type":"LineString","coordinates":[[-70.72861,-34.15408],[-70.72859,-34.15444]]}},{"type":"Feature","properties":{"nombre":"Diego de Almagro","jerarquia":4},"geometry":{"type":"LineString","coordinates":[[-70.72859,-34.15444],[-70.72856,-34.15486]]}},{"type":"Feature","properties":{"nombre":"Avenida Libertador Bernardo O'Higgins","jerarquia":3},"geometry":{"type":"LineString","coordinates":[[-70.71343,-34.17455],[-70.71337,-34.17462]]}},{"type":"Feature","properties":{"nombre":"Avenida Libertador Bernardo O'Higgins","jerarquia":3},"geometry":{"type":"LineString","coordinates":[[-70.71337,-34.17462],[-70.71298,-34.17505]]}},{"type":"Feature","properties":{"nombre":"Avenida Bombero Domingo Villalobos","jerarquia":5},"geometry":{"type":"LineString","coordinates":[[-70.70638,-34.16787],[-70.70672,-34.16824]]}},{"type":"Feature","properties":{"nombre":"Avenida Bombero Domingo Villalobos","jerarquia":5},"geometry":{"type":"LineString","coordinates":[[-70.70672,-34.16824],[-70.70695,-34.16849]]}},{"type":"Feature","properties":{"nombre":"Avenida Bombero Domingo Villalobos","jerarquia":5},"geometry":{"type":"LineString","coordinates":[[-70.70695,-34.16849],[-70.70709,-34.16863]]}},{"type":"Feature","properties":{"nombre":"Avenida Bombero Domingo Villalobos","jerarquia":5},"geometry":{"type":"LineString","coordinates":[[-70.70709,-34.16863],[-70.70742,-34.169]]}},{"type":"Feature","properties":{"nombre":"Avenida Bombero Domingo Villalobos","jerarquia":5},"geometry":{"type":"LineString","coordinates":[[-70.70742,-34.169],[-70.7078,-34.1694]]}},{"type":"Feature","properties":{"nombre":"Avenida Bombero Domingo Villalobos","jerarquia":5},"geometry":{"type":"LineString","coordinates":[[-70.7078,-34.1694],[-70.70815,-34.16978]]}},{"type":"Feature","properties":{"nombre":"Avenida Bombero Domingo Villalobos","jerarquia":5},"geometry":{"type":"LineString","coordinates":[[-70.70815,-34.16978],[-70.70849,-34.17015]]}},{"type":"Feature","properties":{"nombre":"Avenida Bombero Domingo Villalobos","jerarquia":5},"geometry":{"type":"LineString","coordinates":[[-70.70849,-34.17015],[-70.70883,-34.17051]]}},{"type":"Feature","properties":{"nombre":"Avenida Bombero Domingo Villalobos","jerarquia":5},"geometry":{"type":"LineString","coordinates":[[-70.70883,-34.17051],[-70.70917,-34.17089]]}},{"type":"Feature","properties":{"nombre":"Avenida Bombero Domingo Villalobos","jerarquia":5},"geometry":{"type":"LineString","coordinates":[[-70.70917,-34.17089],[-70.70952,-34.17126]]}},{"type":"Feature","properties":{"nombre":"Avenida Bombero Domingo Villalobos","jerarquia":5},"geometry":{"type":"LineString","coordinates":[[-70.70952,-34.17126],[-70.70989,-34.17159]]}},{"type":"Feature","properties":{"nombre":"Avenida Bombero Domingo Villalobos","jerarquia":5},"geometry":{"type":"LineString","coordinates":[[-70.70989,-34.17159],[-70.70994,-34.17164]]}},{"type":"Feature","properties":{"nombre":"Avenida Bombero Domingo Villalobos","jerarquia":5},"geometry":{"type":"LineString","coordinates":[[-70.70994,-34.17164],[-70.71023,-34.17197]]}},{"type":"Feature","properties":{"nombre":"Avenida Bombero Domingo Villalobos","jerarquia":5},"geometry":{"type":"LineString","coordinates":[[-70.71023,-34.17197],[-70.71053,-34.1723]]}},{"type":"Feature","properties":{"nombre":"Avenida Bombero Domingo Villalobos","jerarquia":5},"geometry":{"type":"LineString","coordinates":[[-70.71053,-34.1723],[-70.71059,-34.17236]]}},{"type":"Feature","properties":{"nombre":"Avenida Bombero Domingo Villalobos","jerarquia":5},"geometry":{"type":"LineString","coordinates":[[-70.71059,-34.17236],[-70.71086,-34.17271]]}},{"type":"Feature","properties":{"nombre":"Avenida Bombero Domingo Villalobos","jerarquia":5},"geometry":{"type":"LineString","coordinates":[[-70.71086,-34.17271],[-70.71091,-34.17277]]}},{"type":"Feature","properties":{"nombre":"Avenida Bombero Domingo Villalobos","jerarquia":5},"geometry":{"type":"LineString","coordinates":[[-70.71091,-34.17277],[-70.71126,-34.17314]]}},{"type":"Feature","properties":{"nombre":"Avenida Bombero Domingo Villalobos","jerarquia":5},"geometry":{"type":"LineString","coordinates":[[-70.71126,-34.17314],[-70.71156,-34.17348]]}},{"type":"Feature","properties":{"nombre":"Avenida Bombero Domingo Villalobos","jerarquia":5},"geometry":{"type":"LineString","coordinates":[[-70.71156,-34.17348],[-70.71189,-34.17388]]}},{"type":"Feature","properties":{"nombre":"Avenida Bombero Domingo Villalobos","jerarquia":5},"geometry":{"type":"LineString","coordinates":[[-70.71189,-34.17388],[-70.71191,-34.17391]]}},{"type":"Feature","properties":{"nombre":"Avenida Bombero Domingo Villalobos","jerarquia":5},"geometry":{"type":"LineString","coordinates":[[-70.71191,-34.17391],[-70.71202,-34.17398],[-70.71224,-34.17425]]}},{"type":"Feature","properties":{"nombre":"Avenida Bombero Domingo Villalobos","jerarquia":5},"geometry":{"type":"LineString","coordinates":[[-70.71224,-34.17425],[-70.71243,-34.17447]]}},{"type":"Feature","properties":{"nombre":"Diego de Almagro","jerarquia":3},"geometry":{"type":"LineString","coordinates":[[-70.72786,-34.16553],[-70.72777,-34.16577],[-70.72776,-34.16598],[-70.72803,-34.16676]]}},{"type":"Feature","properties":{"nombre":"Manuel Montt","jerarquia":4},"geometry":{"type":"LineString","coordinates":[[-70.72681,-34.16574],[-70.72694,-34.16558],[-70.72694,-34.16528]]}},{"type":"Feature","properties":{"nombre":"Manuel Montt","jerarquia":3},"geometry":{"type":"LineString","coordinates":[[-70.72626,-34.16941],[-70.72566,-34.16914],[-70.7255,-34.169],[-70.72543,-34.16885]]}},{"type":"Feature","properties":{"nombre":"Avenida Capitán Ramón Freire","jerarquia":3},"geometry":{"type":"LineString","coordinates":[[-70.73621,-34.17585],[-70.73617,-34.17563]]}},{"type":"Feature","properties":{"nombre":"Avenida Capitán Ramón Freire","jerarquia":3},"geometry":{"type":"LineString","coordinates":[[-70.73617,-34.17563],[-70.73608,-34.17515]]}},{"type":"Feature","properties":{"nombre":"Avenida Capitán Ramón Freire","jerarquia":3},"geometry":{"type":"LineString","coordinates":[[-70.73608,-34.17515],[-70.73603,-34.1749]]}},{"type":"Feature","properties":{"nombre":"Avenida Capitán Ramón Freire","jerarquia":3},"geometry":{"type":"LineString","coordinates":[[-70.73603,-34.1749],[-70.73595,-34.17452]]}},{"type":"Feature","properties":{"nombre":"Avenida Capitán Ramón Freire","jerarquia":3},"geometry":{"type":"LineString","coordinates":[[-70.73595,-34.17452],[-70.73594,-34.17446]]}},{"type":"Feature","properties":{"nombre":"Avenida Capitán Ramón Freire","jerarquia":3},"geometry":{"type":"LineString","coordinates":[[-70.73594,-34.17446],[-70.73572,-34.17341]]}},{"type":"Feature","properties":{"nombre":"Avenida Capitán Ramón Freire","jerarquia":3},"geometry":{"type":"LineString","coordinates":[[-70.73572,-34.17341],[-70.73571,-34.17332]]}},{"type":"Feature","properties":{"nombre":"Avenida Capitán Ramón Freire","jerarquia":3},"geometry":{"type":"LineString","coordinates":[[-70.73571,-34.17332],[-70.73548,-34.17224]]}},{"type":"Feature","properties":{"nombre":"Avenida Capitán Ramón Freire","jerarquia":3},"geometry":{"type":"LineString","coordinates":[[-70.73548,-34.17224],[-70.73547,-34.1722]]}},{"type":"Feature","properties":{"nombre":"Avenida Capitán Ramón Freire","jerarquia":4},"geometry":{"type":"LineString","coordinates":[[-70.73643,-34.17652],[-70.73645,-34.1766]]}},{"type":"Feature","properties":{"nombre":"Diego de Almagro","jerarquia":5},"geometry":{"type":"LineString","coordinates":[[-70.73076,-34.17692],[-70.73127,-34.17731]]}},{"type":"Feature","properties":{"nombre":"Avenida Las Torres","jerarquia":5},"geometry":{"type":"LineString","coordinates":[[-70.73426,-34.18812],[-70.73436,-34.18805]]}},{"type":"Feature","properties":{"nombre":"Avenida Las Torres","jerarquia":5},"geometry":{"type":"LineString","coordinates":[[-70.73436,-34.18805],[-70.73561,-34.18723]]}},{"type":"Feature","properties":{"nombre":"Avenida Las Torres","jerarquia":5},"geometry":{"type":"LineString","coordinates":[[-70.73561,-34.18723],[-70.73749,-34.18599]]}},{"type":"Feature","properties":{"nombre":"Diego de Almagro","jerarquia":3},"geometry":{"type":"LineString","coordinates":[[-70.73327,-34.17868],[-70.73329,-34.17879],[-70.73351,-34.17896]]}},{"type":"Feature","properties":{"nombre":"Manuel Montt","jerarquia":5},"geometry":{"type":"LineString","coordinates":[[-70.74615,-34.18849],[-70.74508,-34.1881],[-70.74435,-34.18774]]}},{"type":"Feature","properties":{"nombre":"Diego de Almagro","jerarquia":4},"geometry":{"type":"LineString","coordinates":[[-70.72892,-34.15616],[-70.72882,-34.15647],[-70.72851,-34.15684]]}},{"type":"Feature","properties":{"nombre":"Manuel Montt","jerarquia":4},"geometry":{"type":"LineString","coordinates":[[-70.72757,-34.15631],[-70.72758,-34.15616]]}},{"type":"Feature","properties":{"nombre":"Abdón Yarrá","jerarquia":3},"geometry":{"type":"LineString","coordinates":[[-70.65421,-34.17836],[-70.65458,-34.1782]]}},{"type":"Feature","properties":{"nombre":"Abdón Yarrá","jerarquia":3},"geometry":{"type":"LineString","coordinates":[[-70.65458,-34.1782],[-70.65605,-34.17753]]}},{"type":"Feature","properties":{"nombre":"Abdón Yarrá","jerarquia":3},"geometry":{"type":"LineString","coordinates":[[-70.65605,-34.17753],[-70.6562,-34.17746]]}},{"type":"Feature","properties":{"nombre":"Abdón Yarrá","jerarquia":3},"geometry":{"type":"LineString","coordinates":[[-70.6562,-34.17746],[-70.65628,-34.17742]]}},{"type":"Feature","properties":{"nombre":"Abdón Yarrá","jerarquia":3},"geometry":{"type":"LineString","coordinates":[[-70.65628,-34.17742],[-70.65849,-34.17637]]}},{"type":"Feature","properties":{"nombre":"Pisagua","jerarquia":3},"geometry":{"type":"LineString","coordinates":[[-70.64853,-34.18386],[-70.64829,-34.18276]]}},{"type":"Feature","properties":{"nombre":"Edmundo Cabezas Moraga","jerarquia":5},"geometry":{"type":"LineString","coordinates":[[-70.70219,-34.15735],[-70.70137,-34.15787]]}},{"type":"Feature","properties":{"nombre":"","jerarquia":3},"geometry":{"type":"LineString","coordinates":[[-70.7254,-34.18344],[-70.72511,-34.18369]]}},{"type":"Feature","properties":{"nombre":"Caletera Carretera Presidente Eduardo Frei Montalva","jerarquia":5},"geometry":{"type":"LineString","coordinates":[[-70.7258,-34.18336],[-70.7252,-34.18364]]}},{"type":"Feature","properties":{"nombre":"Caletera Carretera Presidente Eduardo Frei Montalva","jerarquia":5},"geometry":{"type":"LineString","coordinates":[[-70.7252,-34.18364],[-70.72511,-34.18369]]}},{"type":"Feature","properties":{"nombre":"Caletera Carretera Presidente Eduardo Frei Montalva","jerarquia":5},"geometry":{"type":"LineString","coordinates":[[-70.72511,-34.18369],[-70.72335,-34.18469]]}},{"type":"Feature","properties":{"nombre":"Caletera Carretera Presidente Eduardo Frei Montalva","jerarquia":5},"geometry":{"type":"LineString","coordinates":[[-70.72335,-34.18469],[-70.72277,-34.18502]]}},{"type":"Feature","properties":{"nombre":"Caletera Carretera Presidente Eduardo Frei Montalva","jerarquia":5},"geometry":{"type":"LineString","coordinates":[[-70.72277,-34.18502],[-70.72254,-34.18515]]}},{"type":"Feature","properties":{"nombre":"Caletera Carretera Presidente Eduardo Frei Montalva","jerarquia":5},"geometry":{"type":"LineString","coordinates":[[-70.72254,-34.18515],[-70.72212,-34.18538]]}},{"type":"Feature","properties":{"nombre":"Caletera Carretera Presidente Eduardo Frei Montalva","jerarquia":5},"geometry":{"type":"LineString","coordinates":[[-70.72212,-34.18538],[-70.72195,-34.18548]]}},{"type":"Feature","properties":{"nombre":"Caletera Carretera Presidente Eduardo Frei Montalva","jerarquia":5},"geometry":{"type":"LineString","coordinates":[[-70.72195,-34.18548],[-70.72187,-34.18553]]}},{"type":"Feature","properties":{"nombre":"Teniente Coronel José Bernardo Cuevas","jerarquia":4},"geometry":{"type":"LineString","coordinates":[[-70.7351,-34.16993],[-70.73641,-34.16974]]}},{"type":"Feature","properties":{"nombre":"Teniente Coronel José Bernardo Cuevas","jerarquia":4},"geometry":{"type":"LineString","coordinates":[[-70.73641,-34.16974],[-70.73781,-34.16955]]}},{"type":"Feature","properties":{"nombre":"Teniente Coronel José Bernardo Cuevas","jerarquia":4},"geometry":{"type":"LineString","coordinates":[[-70.73781,-34.16955],[-70.73915,-34.16936]]}},{"type":"Feature","properties":{"nombre":"Teniente Coronel José Bernardo Cuevas","jerarquia":4},"geometry":{"type":"LineString","coordinates":[[-70.73915,-34.16936],[-70.74054,-34.16916]]}},{"type":"Feature","properties":{"nombre":"Avenida Membrillar","jerarquia":4},"geometry":{"type":"LineString","coordinates":[[-70.72844,-34.17196],[-70.72877,-34.17191]]}},{"type":"Feature","properties":{"nombre":"Avenida Membrillar","jerarquia":4},"geometry":{"type":"LineString","coordinates":[[-70.72877,-34.17191],[-70.72909,-34.17187]]}},{"type":"Feature","properties":{"nombre":"Avenida Membrillar","jerarquia":4},"geometry":{"type":"LineString","coordinates":[[-70.72909,-34.17187],[-70.72944,-34.17182]]}},{"type":"Feature","properties":{"nombre":"Avenida Membrillar","jerarquia":4},"geometry":{"type":"LineString","coordinates":[[-70.72944,-34.17182],[-70.72985,-34.17176]]}},{"type":"Feature","properties":{"nombre":"Avenida Libertador Bernardo O'Higgins","jerarquia":3},"geometry":{"type":"LineString","coordinates":[[-70.71688,-34.16979],[-70.71648,-34.17036]]}},{"type":"Feature","properties":{"nombre":"Avenida Libertador Bernardo O'Higgins","jerarquia":3},"geometry":{"type":"LineString","coordinates":[[-70.71648,-34.17036],[-70.71623,-34.17071]]}},{"type":"Feature","properties":{"nombre":"Avenida Libertador Bernardo O'Higgins","jerarquia":3},"geometry":{"type":"LineString","coordinates":[[-70.71623,-34.17071],[-70.71579,-34.17133]]}},{"type":"Feature","properties":{"nombre":"Avenida Libertador Bernardo O'Higgins","jerarquia":3},"geometry":{"type":"LineString","coordinates":[[-70.71579,-34.17133],[-70.71553,-34.17168]]}},{"type":"Feature","properties":{"nombre":"Avenida Libertador Bernardo O'Higgins","jerarquia":3},"geometry":{"type":"LineString","coordinates":[[-70.71507,-34.17231],[-70.71445,-34.17319]]}},{"type":"Feature","properties":{"nombre":"Avenida Libertador Bernardo O'Higgins","jerarquia":3},"geometry":{"type":"LineString","coordinates":[[-70.71445,-34.17319],[-70.7141,-34.17363]]}},{"type":"Feature","properties":{"nombre":"Avenida Libertador Bernardo O'Higgins","jerarquia":3},"geometry":{"type":"LineString","coordinates":[[-70.7141,-34.17363],[-70.71382,-34.17403]]}},{"type":"Feature","properties":{"nombre":"Avenida Libertador Bernardo O'Higgins","jerarquia":3},"geometry":{"type":"LineString","coordinates":[[-70.71382,-34.17403],[-70.71352,-34.17445]]}},{"type":"Feature","properties":{"nombre":"Avenida República de Uruguay","jerarquia":4},"geometry":{"type":"LineString","coordinates":[[-70.70983,-34.16552],[-70.70977,-34.16535]]}},{"type":"Feature","properties":{"nombre":"Avenida República de Uruguay","jerarquia":4},"geometry":{"type":"LineString","coordinates":[[-70.70977,-34.16535],[-70.70955,-34.1651]]}},{"type":"Feature","properties":{"nombre":"Avenida República de Uruguay","jerarquia":4},"geometry":{"type":"LineString","coordinates":[[-70.70955,-34.1651],[-70.70948,-34.16502]]}},{"type":"Feature","properties":{"nombre":"Avenida República de Uruguay","jerarquia":4},"geometry":{"type":"LineString","coordinates":[[-70.70948,-34.16502],[-70.70912,-34.16463]]}},{"type":"Feature","properties":{"nombre":"Avenida República de Uruguay","jerarquia":4},"geometry":{"type":"LineString","coordinates":[[-70.70912,-34.16463],[-70.70873,-34.1642]]}},{"type":"Feature","properties":{"nombre":"Avenida República de Uruguay","jerarquia":4},"geometry":{"type":"LineString","coordinates":[[-70.70873,-34.1642],[-70.70834,-34.16378]]}},{"type":"Feature","properties":{"nombre":"Avenida República de Uruguay","jerarquia":4},"geometry":{"type":"LineString","coordinates":[[-70.70834,-34.16378],[-70.70812,-34.16351]]}},{"type":"Feature","properties":{"nombre":"Los Olivos","jerarquia":5},"geometry":{"type":"LineString","coordinates":[[-70.71243,-34.16683],[-70.71249,-34.16681]]}},{"type":"Feature","properties":{"nombre":"Los Olivos","jerarquia":5},"geometry":{"type":"LineString","coordinates":[[-70.71249,-34.16681],[-70.71263,-34.16678]]}},{"type":"Feature","properties":{"nombre":"Los Olivos","jerarquia":5},"geometry":{"type":"LineString","coordinates":[[-70.71263,-34.16678],[-70.71307,-34.16669]]}},{"type":"Feature","properties":{"nombre":"Los Olivos","jerarquia":5},"geometry":{"type":"LineString","coordinates":[[-70.71307,-34.16669],[-70.71353,-34.16645]]}},{"type":"Feature","properties":{"nombre":"Los Olivos","jerarquia":5},"geometry":{"type":"LineString","coordinates":[[-70.71353,-34.16645],[-70.71393,-34.16618]]}},{"type":"Feature","properties":{"nombre":"Los Olivos","jerarquia":5},"geometry":{"type":"LineString","coordinates":[[-70.71393,-34.16618],[-70.715,-34.16552]]}},{"type":"Feature","properties":{"nombre":"","jerarquia":3},"geometry":{"type":"LineString","coordinates":[[-70.72496,-34.18334],[-70.72529,-34.18338]]}},{"type":"Feature","properties":{"nombre":"","jerarquia":3},"geometry":{"type":"LineString","coordinates":[[-70.72605,-34.18296],[-70.72624,-34.18259]]}},{"type":"Feature","properties":{"nombre":"Avenida República de Chile","jerarquia":3},"geometry":{"type":"LineString","coordinates":[[-70.72661,-34.15626],[-70.72729,-34.15619]]}},{"type":"Feature","properties":{"nombre":"Avenida República de Chile","jerarquia":3},"geometry":{"type":"LineString","coordinates":[[-70.72729,-34.15619],[-70.72747,-34.15617]]}},{"type":"Feature","properties":{"nombre":"Avenida República de Chile","jerarquia":3},"geometry":{"type":"LineString","coordinates":[[-70.72747,-34.15617],[-70.72758,-34.15616]]}},{"type":"Feature","properties":{"nombre":"Avenida Monseñor Escrivá de Balaguer","jerarquia":4},"geometry":{"type":"LineString","coordinates":[[-70.68942,-34.18191],[-70.68921,-34.18208]]}},{"type":"Feature","properties":{"nombre":"Avenida Monseñor Escrivá de Balaguer","jerarquia":4},"geometry":{"type":"LineString","coordinates":[[-70.68921,-34.18208],[-70.68895,-34.18232]]}},{"type":"Feature","properties":{"nombre":"Avenida Monseñor Escrivá de Balaguer","jerarquia":4},"geometry":{"type":"LineString","coordinates":[[-70.68895,-34.18232],[-70.68849,-34.18268]]}},{"type":"Feature","properties":{"nombre":"Avenida Monseñor Escrivá de Balaguer","jerarquia":4},"geometry":{"type":"LineString","coordinates":[[-70.69155,-34.18003],[-70.69062,-34.18088]]}},{"type":"Feature","properties":{"nombre":"Avenida Monseñor Escrivá de Balaguer","jerarquia":4},"geometry":{"type":"LineString","coordinates":[[-70.69062,-34.18088],[-70.6903,-34.18116]]}},{"type":"Feature","properties":{"nombre":"Avenida Monseñor Escrivá de Balaguer","jerarquia":4},"geometry":{"type":"LineString","coordinates":[[-70.6903,-34.18116],[-70.68965,-34.18171]]}},{"type":"Feature","properties":{"nombre":"Avenida Monseñor Escrivá de Balaguer","jerarquia":4},"geometry":{"type":"LineString","coordinates":[[-70.68957,-34.18166],[-70.69021,-34.1811]]}},{"type":"Feature","properties":{"nombre":"Avenida Monseñor Escrivá de Balaguer","jerarquia":4},"geometry":{"type":"LineString","coordinates":[[-70.69021,-34.1811],[-70.69053,-34.18082]]}},{"type":"Feature","properties":{"nombre":"Avenida Monseñor Escrivá de Balaguer","jerarquia":4},"geometry":{"type":"LineString","coordinates":[[-70.69053,-34.18082],[-70.69105,-34.18038],[-70.69155,-34.18003]]}},{"type":"Feature","properties":{"nombre":"Avenida Libertador Bernardo O'Higgins","jerarquia":3},"geometry":{"type":"LineString","coordinates":[[-70.75106,-34.16389],[-70.75032,-34.16402]]}},{"type":"Feature","properties":{"nombre":"Avenida Libertador Bernardo O'Higgins","jerarquia":3},"geometry":{"type":"LineString","coordinates":[[-70.73969,-34.16572],[-70.73849,-34.16589]]}},{"type":"Feature","properties":{"nombre":"Avenida Libertador Bernardo O'Higgins","jerarquia":3},"geometry":{"type":"LineString","coordinates":[[-70.73849,-34.16589],[-70.73712,-34.16609]]}},{"type":"Feature","properties":{"nombre":"Avenida Libertador Bernardo O'Higgins","jerarquia":3},"geometry":{"type":"LineString","coordinates":[[-70.73712,-34.16609],[-70.73577,-34.16628]]}},{"type":"Feature","properties":{"nombre":"Avenida Libertador Bernardo O'Higgins","jerarquia":3},"geometry":{"type":"LineString","coordinates":[[-70.73577,-34.16628],[-70.73452,-34.16646]]}},{"type":"Feature","properties":{"nombre":"Avenida Libertador Bernardo O'Higgins","jerarquia":3},"geometry":{"type":"LineString","coordinates":[[-70.73452,-34.16646],[-70.73445,-34.16647]]}},{"type":"Feature","properties":{"nombre":"Los Arcángeles","jerarquia":5},"geometry":{"type":"LineString","coordinates":[[-70.74092,-34.12594],[-70.74057,-34.12619]]}},{"type":"Feature","properties":{"nombre":"Los Arcángeles","jerarquia":5},"geometry":{"type":"LineString","coordinates":[[-70.74057,-34.12619],[-70.7403,-34.12638]]}},{"type":"Feature","properties":{"nombre":"Avenida Libertador Bernardo O'Higgins","jerarquia":3},"geometry":{"type":"LineString","coordinates":[[-70.73028,-34.16701],[-70.72905,-34.16714]]}},{"type":"Feature","properties":{"nombre":"Avenida Libertador Bernardo O'Higgins","jerarquia":3},"geometry":{"type":"LineString","coordinates":[[-70.72905,-34.16714],[-70.72887,-34.16715]]}},{"type":"Feature","properties":{"nombre":"Avenida Libertador Bernardo O'Higgins","jerarquia":3},"geometry":{"type":"LineString","coordinates":[[-70.72887,-34.16715],[-70.72865,-34.16717]]}},{"type":"Feature","properties":{"nombre":"Avenida Libertador Bernardo O'Higgins","jerarquia":3},"geometry":{"type":"LineString","coordinates":[[-70.72865,-34.16717],[-70.72838,-34.16719]]}},{"type":"Feature","properties":{"nombre":"Avenida Libertador Bernardo O'Higgins","jerarquia":3},"geometry":{"type":"LineString","coordinates":[[-70.72838,-34.16719],[-70.72707,-34.16734]]}},{"type":"Feature","properties":{"nombre":"Estación","jerarquia":4},"geometry":{"type":"LineString","coordinates":[[-70.75209,-34.16908],[-70.75225,-34.16957]]}},{"type":"Feature","properties":{"nombre":"Estación","jerarquia":4},"geometry":{"type":"LineString","coordinates":[[-70.75225,-34.16957],[-70.75257,-34.17084],[-70.75252,-34.17095]]}},{"type":"Feature","properties":{"nombre":"Estación","jerarquia":4},"geometry":{"type":"LineString","coordinates":[[-70.75252,-34.17095],[-70.75249,-34.17114],[-70.75271,-34.17201]]}},{"type":"Feature","properties":{"nombre":"Estación","jerarquia":4},"geometry":{"type":"LineString","coordinates":[[-70.75271,-34.17201],[-70.75293,-34.17279]]}},{"type":"Feature","properties":{"nombre":"Estación","jerarquia":4},"geometry":{"type":"LineString","coordinates":[[-70.75293,-34.17279],[-70.75307,-34.17314]]}},{"type":"Feature","properties":{"nombre":"Lourdes","jerarquia":5},"geometry":{"type":"LineString","coordinates":[[-70.76461,-34.18161],[-70.76476,-34.18186]]}},{"type":"Feature","properties":{"nombre":"Lourdes","jerarquia":5},"geometry":{"type":"LineString","coordinates":[[-70.76476,-34.18186],[-70.76479,-34.18191]]}},{"type":"Feature","properties":{"nombre":"Lourdes","jerarquia":5},"geometry":{"type":"LineString","coordinates":[[-70.76479,-34.18191],[-70.7652,-34.18251]]}},{"type":"Feature","properties":{"nombre":"Lourdes","jerarquia":5},"geometry":{"type":"LineString","coordinates":[[-70.7652,-34.18251],[-70.7654,-34.1828]]}},{"type":"Feature","properties":{"nombre":"Lourdes","jerarquia":5},"geometry":{"type":"LineString","coordinates":[[-70.7654,-34.1828],[-70.76571,-34.18326]]}},{"type":"Feature","properties":{"nombre":"Lourdes","jerarquia":5},"geometry":{"type":"LineString","coordinates":[[-70.76571,-34.18326],[-70.76593,-34.18358]]}},{"type":"Feature","properties":{"nombre":"Lourdes","jerarquia":5},"geometry":{"type":"LineString","coordinates":[[-70.76593,-34.18358],[-70.76613,-34.18388]]}},{"type":"Feature","properties":{"nombre":"Lourdes","jerarquia":5},"geometry":{"type":"LineString","coordinates":[[-70.76613,-34.18388],[-70.76633,-34.18416]]}},{"type":"Feature","properties":{"nombre":"Avenida Bolivia","jerarquia":5},"geometry":{"type":"LineString","coordinates":[[-70.7603,-34.18081],[-70.75978,-34.17999]]}},{"type":"Feature","properties":{"nombre":"Avenida Bolivia","jerarquia":5},"geometry":{"type":"LineString","coordinates":[[-70.75978,-34.17999],[-70.75911,-34.17894]]}},{"type":"Feature","properties":{"nombre":"Avenida Bolivia","jerarquia":5},"geometry":{"type":"LineString","coordinates":[[-70.75911,-34.17894],[-70.75869,-34.17825]]}},{"type":"Feature","properties":{"nombre":"Avenida Bolivia","jerarquia":5},"geometry":{"type":"LineString","coordinates":[[-70.75869,-34.17825],[-70.75833,-34.17766]]}},{"type":"Feature","properties":{"nombre":"Avenida Bolivia","jerarquia":5},"geometry":{"type":"LineString","coordinates":[[-70.76062,-34.18115],[-70.76112,-34.18195]]}},{"type":"Feature","properties":{"nombre":"Lourdes","jerarquia":5},"geometry":{"type":"LineString","coordinates":[[-70.76315,-34.17948],[-70.76352,-34.18003]]}},{"type":"Feature","properties":{"nombre":"Lourdes","jerarquia":5},"geometry":{"type":"LineString","coordinates":[[-70.76352,-34.18003],[-70.76441,-34.18128]]}},{"type":"Feature","properties":{"nombre":"Avenida República de Chile","jerarquia":3},"geometry":{"type":"LineString","coordinates":[[-70.73659,-34.15525],[-70.7362,-34.1553]]}},{"type":"Feature","properties":{"nombre":"Avenida República de Chile","jerarquia":3},"geometry":{"type":"LineString","coordinates":[[-70.7362,-34.1553],[-70.73584,-34.15534]]}},{"type":"Feature","properties":{"nombre":"Avenida República de Chile","jerarquia":3},"geometry":{"type":"LineString","coordinates":[[-70.73584,-34.15534],[-70.73553,-34.15538]]}},{"type":"Feature","properties":{"nombre":"Avenida República de Chile","jerarquia":3},"geometry":{"type":"LineString","coordinates":[[-70.73553,-34.15538],[-70.73502,-34.15544]]}},{"type":"Feature","properties":{"nombre":"Avenida República de Chile","jerarquia":3},"geometry":{"type":"LineString","coordinates":[[-70.73502,-34.15544],[-70.7344,-34.15552]]}},{"type":"Feature","properties":{"nombre":"Avenida República de Chile","jerarquia":3},"geometry":{"type":"LineString","coordinates":[[-70.7344,-34.15552],[-70.73377,-34.15559]]}},{"type":"Feature","properties":{"nombre":"Avenida República de Chile","jerarquia":3},"geometry":{"type":"LineString","coordinates":[[-70.73377,-34.15559],[-70.73351,-34.15563]]}},{"type":"Feature","properties":{"nombre":"Avenida República de Chile","jerarquia":3},"geometry":{"type":"LineString","coordinates":[[-70.73351,-34.15563],[-70.73226,-34.15578]]}},{"type":"Feature","properties":{"nombre":"Avenida Camino del Recreo","jerarquia":5},"geometry":{"type":"LineString","coordinates":[[-70.7381,-34.15688],[-70.73811,-34.15694]]}},{"type":"Feature","properties":{"nombre":"Avenida Camino del Recreo","jerarquia":5},"geometry":{"type":"LineString","coordinates":[[-70.73811,-34.15694],[-70.73823,-34.15753]]}},{"type":"Feature","properties":{"nombre":"Avenida Camino del Recreo","jerarquia":5},"geometry":{"type":"LineString","coordinates":[[-70.73823,-34.15753],[-70.73841,-34.15847]]}},{"type":"Feature","properties":{"nombre":"Avenida Camino del Recreo","jerarquia":5},"geometry":{"type":"LineString","coordinates":[[-70.73841,-34.15847],[-70.73866,-34.15975]]}},{"type":"Feature","properties":{"nombre":"Avenida Camino del Recreo","jerarquia":5},"geometry":{"type":"LineString","coordinates":[[-70.73866,-34.15975],[-70.73888,-34.16094]]}},{"type":"Feature","properties":{"nombre":"Avenida Camino del Recreo","jerarquia":5},"geometry":{"type":"LineString","coordinates":[[-70.73888,-34.16094],[-70.73895,-34.16125]]}},{"type":"Feature","properties":{"nombre":"Avenida Camino del Recreo","jerarquia":5},"geometry":{"type":"LineString","coordinates":[[-70.73895,-34.16125],[-70.73898,-34.16138]]}},{"type":"Feature","properties":{"nombre":"Avenida Camino del Recreo","jerarquia":5},"geometry":{"type":"LineString","coordinates":[[-70.73898,-34.16138],[-70.73908,-34.16193]]}},{"type":"Feature","properties":{"nombre":"Avenida Camino del Recreo","jerarquia":5},"geometry":{"type":"LineString","coordinates":[[-70.73908,-34.16193],[-70.73917,-34.16236]]}},{"type":"Feature","properties":{"nombre":"Avenida Camino del Recreo","jerarquia":5},"geometry":{"type":"LineString","coordinates":[[-70.73917,-34.16236],[-70.7392,-34.16254]]}},{"type":"Feature","properties":{"nombre":"Avenida Camino del Recreo","jerarquia":5},"geometry":{"type":"LineString","coordinates":[[-70.7392,-34.16254],[-70.73935,-34.16332]]}},{"type":"Feature","properties":{"nombre":"","jerarquia":3},"geometry":{"type":"LineString","coordinates":[[-70.73348,-34.15546],[-70.73351,-34.15563]]}},{"type":"Feature","properties":{"nombre":"","jerarquia":3},"geometry":{"type":"LineString","coordinates":[[-70.73154,-34.15586],[-70.73149,-34.15579],[-70.73151,-34.1557]]}},{"type":"Feature","properties":{"nombre":"Camino Chacón","jerarquia":5},"geometry":{"type":"LineString","coordinates":[[-70.81139,-34.10724],[-70.81351,-34.10622]]}},{"type":"Feature","properties":{"nombre":"Camino Chacón","jerarquia":5},"geometry":{"type":"LineString","coordinates":[[-70.81351,-34.10622],[-70.82531,-34.10057]]}},{"type":"Feature","properties":{"nombre":"Camino Chacón","jerarquia":5},"geometry":{"type":"LineString","coordinates":[[-70.82531,-34.10057],[-70.82659,-34.09997]]}},{"type":"Feature","properties":{"nombre":"Camino Chacón","jerarquia":5},"geometry":{"type":"LineString","coordinates":[[-70.82659,-34.09997],[-70.82936,-34.09863]]}},{"type":"Feature","properties":{"nombre":"Camino Chacón","jerarquia":5},"geometry":{"type":"LineString","coordinates":[[-70.82936,-34.09863],[-70.83239,-34.09718]]}},{"type":"Feature","properties":{"nombre":"Avenida Monseñor Escrivá de Balaguer","jerarquia":4},"geometry":{"type":"LineString","coordinates":[[-70.68383,-34.18663],[-70.68409,-34.18634]]}},{"type":"Feature","properties":{"nombre":"Avenida Monseñor Escrivá de Balaguer","jerarquia":4},"geometry":{"type":"LineString","coordinates":[[-70.68409,-34.18634],[-70.68446,-34.18601]]}},{"type":"Feature","properties":{"nombre":"Avenida Monseñor Escrivá de Balaguer","jerarquia":4},"geometry":{"type":"LineString","coordinates":[[-70.68446,-34.18601],[-70.68457,-34.18592]]}},{"type":"Feature","properties":{"nombre":"Avenida Monseñor Escrivá de Balaguer","jerarquia":4},"geometry":{"type":"LineString","coordinates":[[-70.68457,-34.18592],[-70.68475,-34.18577]]}},{"type":"Feature","properties":{"nombre":"Avenida Monseñor Escrivá de Balaguer","jerarquia":4},"geometry":{"type":"LineString","coordinates":[[-70.68475,-34.18577],[-70.68506,-34.18551],[-70.68536,-34.18536]]}},{"type":"Feature","properties":{"nombre":"Pedro Emilio Cuadra","jerarquia":5},"geometry":{"type":"LineString","coordinates":[[-70.73813,-34.16363],[-70.73799,-34.16353]]}},{"type":"Feature","properties":{"nombre":"Diego de Almagro","jerarquia":3},"geometry":{"type":"LineString","coordinates":[[-70.73127,-34.17731],[-70.73297,-34.17856]]}},{"type":"Feature","properties":{"nombre":"Diego de Almagro","jerarquia":3},"geometry":{"type":"LineString","coordinates":[[-70.73297,-34.17856],[-70.73306,-34.1786],[-70.73319,-34.17856],[-70.73359,-34.17827],[-70.73394,-34.17808]]}},{"type":"Feature","properties":{"nombre":"","jerarquia":2},"geometry":{"type":"LineString","coordinates":[[-70.73416,-34.17946],[-70.73519,-34.18044]]}},{"type":"Feature","properties":{"nombre":"","jerarquia":2},"geometry":{"type":"LineString","coordinates":[[-70.74185,-34.18516],[-70.74284,-34.18613]]}},{"type":"Feature","properties":{"nombre":"","jerarquia":2},"geometry":{"type":"LineString","coordinates":[[-70.74803,-34.18838],[-70.74863,-34.18884],[-70.74942,-34.18926]]}},{"type":"Feature","properties":{"nombre":"Manuel Montt","jerarquia":3},"geometry":{"type":"LineString","coordinates":[[-70.72566,-34.16589],[-70.72577,-34.16587]]}},{"type":"Feature","properties":{"nombre":"Manuel Montt","jerarquia":3},"geometry":{"type":"LineString","coordinates":[[-70.72577,-34.16587],[-70.72681,-34.16574]]}},{"type":"Feature","properties":{"nombre":"","jerarquia":2},"geometry":{"type":"LineString","coordinates":[[-70.72851,-34.15684],[-70.72831,-34.15705],[-70.72815,-34.15736],[-70.72791,-34.15851]]}},{"type":"Feature","properties":{"nombre":"Manuel Montt","jerarquia":4},"geometry":{"type":"LineString","coordinates":[[-70.72768,-34.15707],[-70.72768,-34.15681],[-70.72757,-34.15641]]}},{"type":"Feature","properties":{"nombre":"Manuel Montt","jerarquia":4},"geometry":{"type":"LineString","coordinates":[[-70.72757,-34.15641],[-70.72757,-34.15631]]}},{"type":"Feature","properties":{"nombre":"Manuel Montt","jerarquia":4},"geometry":{"type":"LineString","coordinates":[[-70.72786,-34.15498],[-70.72795,-34.15469],[-70.72809,-34.15291]]}},{"type":"Feature","properties":{"nombre":"Diego de Almagro","jerarquia":4},"geometry":{"type":"LineString","coordinates":[[-70.72856,-34.15486],[-70.72855,-34.15546]]}},{"type":"Feature","properties":{"nombre":"Diego de Almagro","jerarquia":4},"geometry":{"type":"LineString","coordinates":[[-70.72855,-34.15546],[-70.72886,-34.15591]]}},{"type":"Feature","properties":{"nombre":"Diego de Almagro","jerarquia":4},"geometry":{"type":"LineString","coordinates":[[-70.72886,-34.15591],[-70.72891,-34.15601]]}},{"type":"Feature","properties":{"nombre":"Camino a Rancagua","jerarquia":3},"geometry":{"type":"LineString","coordinates":[[-70.69853,-34.14776],[-70.69556,-34.1447]]}},{"type":"Feature","properties":{"nombre":"Camino a Rancagua","jerarquia":3},"geometry":{"type":"LineString","coordinates":[[-70.69556,-34.1447],[-70.69417,-34.14334],[-70.68979,-34.13872],[-70.68944,-34.1382]]}},{"type":"Feature","properties":{"nombre":"Pasaje Las Pilastras","jerarquia":5},"geometry":{"type":"LineString","coordinates":[[-70.81915,-34.1576],[-70.81901,-34.1576],[-70.81892,-34.15753],[-70.8185,-34.15616],[-70.81831,-34.15587],[-70.81823,-34.15562]]}},{"type":"Feature","properties":{"nombre":"Pasaje Las Pilastras","jerarquia":5},"geometry":{"type":"LineString","coordinates":[[-70.83957,-34.17434],[-70.83609,-34.168]]}},{"type":"Feature","properties":{"nombre":"Pasaje Las Pilastras","jerarquia":5},"geometry":{"type":"LineString","coordinates":[[-70.83609,-34.168],[-70.83499,-34.16606]]}},{"type":"Feature","properties":{"nombre":"Pasaje Las Pilastras","jerarquia":5},"geometry":{"type":"LineString","coordinates":[[-70.83499,-34.16606],[-70.83286,-34.16226],[-70.83235,-34.16146],[-70.82896,-34.15536],[-70.82886,-34.15529]]}},{"type":"Feature","properties":{"nombre":"","jerarquia":3},"geometry":{"type":"LineString","coordinates":[[-70.69192,-34.1748],[-70.69193,-34.17489],[-70.6918,-34.17489]]}},{"type":"Feature","properties":{"nombre":"Avenida Circunvalación Poniente","jerarquia":5},"geometry":{"type":"LineString","coordinates":[[-70.76968,-34.17316],[-70.76987,-34.17309]]}},{"type":"Feature","properties":{"nombre":"Samuel Román Rojas","jerarquia":5},"geometry":{"type":"LineString","coordinates":[[-70.73781,-34.13821],[-70.73712,-34.13863]]}},{"type":"Feature","properties":{"nombre":"Samuel Román Rojas","jerarquia":5},"geometry":{"type":"LineString","coordinates":[[-70.73712,-34.13863],[-70.73668,-34.1389]]}},{"type":"Feature","properties":{"nombre":"Samuel Román Rojas","jerarquia":5},"geometry":{"type":"LineString","coordinates":[[-70.74099,-34.13593],[-70.74064,-34.13634],[-70.74026,-34.13667]]}},{"type":"Feature","properties":{"nombre":"Samuel Román Rojas","jerarquia":5},"geometry":{"type":"LineString","coordinates":[[-70.74026,-34.13667],[-70.74019,-34.13671]]}},{"type":"Feature","properties":{"nombre":"Samuel Román Rojas","jerarquia":5},"geometry":{"type":"LineString","coordinates":[[-70.74099,-34.13593],[-70.7414,-34.13565]]}},{"type":"Feature","properties":{"nombre":"Samuel Román Rojas","jerarquia":5},"geometry":{"type":"LineString","coordinates":[[-70.7414,-34.13565],[-70.74174,-34.13542]]}},{"type":"Feature","properties":{"nombre":"Avenida Circunvalación Arturo Gatica Silva","jerarquia":4},"geometry":{"type":"LineString","coordinates":[[-70.73577,-34.14635],[-70.73483,-34.14623]]}},{"type":"Feature","properties":{"nombre":"Avenida Circunvalación Arturo Gatica Silva","jerarquia":4},"geometry":{"type":"LineString","coordinates":[[-70.73483,-34.14623],[-70.73382,-34.14603]]}},{"type":"Feature","properties":{"nombre":"Avenida Circunvalación Arturo Gatica Silva","jerarquia":4},"geometry":{"type":"LineString","coordinates":[[-70.73382,-34.14603],[-70.73334,-34.14597]]}},{"type":"Feature","properties":{"nombre":"Avenida Circunvalación Arturo Gatica Silva","jerarquia":4},"geometry":{"type":"LineString","coordinates":[[-70.73334,-34.14597],[-70.73291,-34.14594]]}},{"type":"Feature","properties":{"nombre":"Avenida Circunvalación Arturo Gatica Silva","jerarquia":4},"geometry":{"type":"LineString","coordinates":[[-70.73291,-34.14594],[-70.73184,-34.14604]]}},{"type":"Feature","properties":{"nombre":"Avenida Circunvalación Arturo Gatica Silva","jerarquia":4},"geometry":{"type":"LineString","coordinates":[[-70.73184,-34.14604],[-70.7291,-34.14644]]}},{"type":"Feature","properties":{"nombre":"Avenida Circunvalación Arturo Gatica Silva","jerarquia":4},"geometry":{"type":"LineString","coordinates":[[-70.73288,-34.14581],[-70.73382,-34.1459]]}},{"type":"Feature","properties":{"nombre":"Avenida Circunvalación Arturo Gatica Silva","jerarquia":4},"geometry":{"type":"LineString","coordinates":[[-70.73382,-34.1459],[-70.73483,-34.14611]]}},{"type":"Feature","properties":{"nombre":"Avenida Kennedy","jerarquia":3},"geometry":{"type":"LineString","coordinates":[[-70.73995,-34.14516],[-70.73944,-34.14439]]}},{"type":"Feature","properties":{"nombre":"Avenida Kennedy","jerarquia":3},"geometry":{"type":"LineString","coordinates":[[-70.73944,-34.14439],[-70.73875,-34.14339]]}},{"type":"Feature","properties":{"nombre":"Avenida Kennedy","jerarquia":3},"geometry":{"type":"LineString","coordinates":[[-70.73875,-34.14339],[-70.73814,-34.14264]]}},{"type":"Feature","properties":{"nombre":"Avenida Kennedy","jerarquia":3},"geometry":{"type":"LineString","coordinates":[[-70.73814,-34.14264],[-70.73782,-34.14229]]}},{"type":"Feature","properties":{"nombre":"Avenida Kennedy","jerarquia":3},"geometry":{"type":"LineString","coordinates":[[-70.73782,-34.14229],[-70.73732,-34.14175]]}},{"type":"Feature","properties":{"nombre":"Avenida Kennedy","jerarquia":3},"geometry":{"type":"LineString","coordinates":[[-70.73732,-34.14175],[-70.73667,-34.14103]]}},{"type":"Feature","properties":{"nombre":"Avenida Kennedy","jerarquia":3},"geometry":{"type":"LineString","coordinates":[[-70.73667,-34.14103],[-70.736,-34.14028]]}},{"type":"Feature","properties":{"nombre":"Avenida Kennedy","jerarquia":3},"geometry":{"type":"LineString","coordinates":[[-70.736,-34.14028],[-70.73541,-34.13962]]}},{"type":"Feature","properties":{"nombre":"Punta del Sol","jerarquia":3},"geometry":{"type":"LineString","coordinates":[[-70.73247,-34.1365],[-70.73255,-34.13644]]}},{"type":"Feature","properties":{"nombre":"Avenida Camino del Recreo","jerarquia":5},"geometry":{"type":"LineString","coordinates":[[-70.73494,-34.13992],[-70.73469,-34.14003]]}},{"type":"Feature","properties":{"nombre":"Avenida Camino del Recreo","jerarquia":5},"geometry":{"type":"LineString","coordinates":[[-70.73469,-34.14003],[-70.73464,-34.14011]]}},{"type":"Feature","properties":{"nombre":"Samuel Román Rojas","jerarquia":5},"geometry":{"type":"LineString","coordinates":[[-70.73704,-34.13853],[-70.73715,-34.13846]]}},{"type":"Feature","properties":{"nombre":"Samuel Román Rojas","jerarquia":5},"geometry":{"type":"LineString","coordinates":[[-70.73715,-34.13846],[-70.73772,-34.13811]]}},{"type":"Feature","properties":{"nombre":"Camino Los Fresnos","jerarquia":5},"geometry":{"type":"LineString","coordinates":[[-70.7415,-34.12813],[-70.74123,-34.12786]]}},{"type":"Feature","properties":{"nombre":"Camino Los Fresnos","jerarquia":5},"geometry":{"type":"LineString","coordinates":[[-70.74123,-34.12786],[-70.74116,-34.12779]]}},{"type":"Feature","properties":{"nombre":"Camino Los Fresnos","jerarquia":5},"geometry":{"type":"LineString","coordinates":[[-70.74116,-34.12779],[-70.74128,-34.12784],[-70.74142,-34.12783]]}},{"type":"Feature","properties":{"nombre":"Los Arcángeles","jerarquia":5},"geometry":{"type":"LineString","coordinates":[[-70.73785,-34.12898],[-70.73772,-34.12913]]}},{"type":"Feature","properties":{"nombre":"Los Arcángeles","jerarquia":5},"geometry":{"type":"LineString","coordinates":[[-70.73772,-34.12913],[-70.73757,-34.12929]]}},{"type":"Feature","properties":{"nombre":"Los Arcángeles","jerarquia":5},"geometry":{"type":"LineString","coordinates":[[-70.73757,-34.12929],[-70.73744,-34.12944]]}},{"type":"Feature","properties":{"nombre":"Los Arcángeles","jerarquia":5},"geometry":{"type":"LineString","coordinates":[[-70.73744,-34.12944],[-70.7374,-34.12948]]}},{"type":"Feature","properties":{"nombre":"Los Arcángeles","jerarquia":5},"geometry":{"type":"LineString","coordinates":[[-70.7374,-34.12948],[-70.73678,-34.13017]]}},{"type":"Feature","properties":{"nombre":"Los Arcángeles","jerarquia":5},"geometry":{"type":"LineString","coordinates":[[-70.73678,-34.13017],[-70.73654,-34.13043]]}},{"type":"Feature","properties":{"nombre":"Los Arcángeles","jerarquia":5},"geometry":{"type":"LineString","coordinates":[[-70.73654,-34.13043],[-70.73631,-34.13069]]}},{"type":"Feature","properties":{"nombre":"Los Arcángeles","jerarquia":5},"geometry":{"type":"LineString","coordinates":[[-70.73631,-34.13069],[-70.73603,-34.13101]]}},{"type":"Feature","properties":{"nombre":"Tal-Tal","jerarquia":5},"geometry":{"type":"LineString","coordinates":[[-70.73663,-34.13155],[-70.7365,-34.13164]]}},{"type":"Feature","properties":{"nombre":"Tal-Tal","jerarquia":5},"geometry":{"type":"LineString","coordinates":[[-70.7365,-34.13164],[-70.73609,-34.13189]]}},{"type":"Feature","properties":{"nombre":"Tal-Tal","jerarquia":5},"geometry":{"type":"LineString","coordinates":[[-70.73609,-34.13189],[-70.73572,-34.13213]]}},{"type":"Feature","properties":{"nombre":"Tal-Tal","jerarquia":5},"geometry":{"type":"LineString","coordinates":[[-70.73572,-34.13213],[-70.73531,-34.13238]]}},{"type":"Feature","properties":{"nombre":"Tal-Tal","jerarquia":5},"geometry":{"type":"LineString","coordinates":[[-70.73531,-34.13238],[-70.73502,-34.13257]]}},{"type":"Feature","properties":{"nombre":"Tal-Tal","jerarquia":5},"geometry":{"type":"LineString","coordinates":[[-70.73502,-34.13257],[-70.73461,-34.13282]]}},{"type":"Feature","properties":{"nombre":"Tal-Tal","jerarquia":5},"geometry":{"type":"LineString","coordinates":[[-70.73461,-34.13282],[-70.73423,-34.13306]]}},{"type":"Feature","properties":{"nombre":"Tal-Tal","jerarquia":5},"geometry":{"type":"LineString","coordinates":[[-70.73423,-34.13306],[-70.73385,-34.1333]]}},{"type":"Feature","properties":{"nombre":"Tal-Tal","jerarquia":5},"geometry":{"type":"LineString","coordinates":[[-70.73385,-34.1333],[-70.73348,-34.13353]]}},{"type":"Feature","properties":{"nombre":"Tal-Tal","jerarquia":5},"geometry":{"type":"LineString","coordinates":[[-70.73348,-34.13353],[-70.73309,-34.13378]]}},{"type":"Feature","properties":{"nombre":"Tal-Tal","jerarquia":5},"geometry":{"type":"LineString","coordinates":[[-70.73309,-34.13378],[-70.7327,-34.13402]]}},{"type":"Feature","properties":{"nombre":"Tal-Tal","jerarquia":5},"geometry":{"type":"LineString","coordinates":[[-70.7327,-34.13402],[-70.73232,-34.13427]]}},{"type":"Feature","properties":{"nombre":"Tal-Tal","jerarquia":5},"geometry":{"type":"LineString","coordinates":[[-70.73232,-34.13427],[-70.73193,-34.13451]]}},{"type":"Feature","properties":{"nombre":"Tal-Tal","jerarquia":5},"geometry":{"type":"LineString","coordinates":[[-70.73193,-34.13451],[-70.73149,-34.13477]]}},{"type":"Feature","properties":{"nombre":"Avenida Santa Teresa de Los Andes","jerarquia":5},"geometry":{"type":"LineString","coordinates":[[-70.73663,-34.13155],[-70.73754,-34.13242]]}},{"type":"Feature","properties":{"nombre":"","jerarquia":3},"geometry":{"type":"LineString","coordinates":[[-70.73093,-34.1376],[-70.73084,-34.13752]]}},{"type":"Feature","properties":{"nombre":"Ruta Travesía","jerarquia":2},"geometry":{"type":"LineString","coordinates":[[-70.72957,-34.13435],[-70.72958,-34.13361],[-70.72944,-34.13266]]}},{"type":"Feature","properties":{"nombre":"","jerarquia":3},"geometry":{"type":"LineString","coordinates":[[-70.75624,-34.1244],[-70.75606,-34.12429],[-70.75586,-34.12435]]}},{"type":"Feature","properties":{"nombre":"Camino a Tuniche","jerarquia":3},"geometry":{"type":"LineString","coordinates":[[-70.75596,-34.12414],[-70.75606,-34.12403]]}},{"type":"Feature","properties":{"nombre":"Camino a Tuniche","jerarquia":3},"geometry":{"type":"LineString","coordinates":[[-70.75606,-34.12403],[-70.75609,-34.12401]]}},{"type":"Feature","properties":{"nombre":"Avenida Salvador Allende Gossens","jerarquia":3},"geometry":{"type":"LineString","coordinates":[[-70.75635,-34.12447],[-70.75672,-34.12553]]}},{"type":"Feature","properties":{"nombre":"Camino a Tuniche","jerarquia":3},"geometry":{"type":"LineString","coordinates":[[-70.75616,-34.12398],[-70.75609,-34.12401]]}},{"type":"Feature","properties":{"nombre":"Avenida Salvador Allende Gossens","jerarquia":3},"geometry":{"type":"LineString","coordinates":[[-70.75672,-34.12553],[-70.75645,-34.12494]]}},{"type":"Feature","properties":{"nombre":"Camino Real","jerarquia":3},"geometry":{"type":"LineString","coordinates":[[-70.7529,-34.11552],[-70.7509,-34.11035]]}},{"type":"Feature","properties":{"nombre":"Camino Real","jerarquia":3},"geometry":{"type":"LineString","coordinates":[[-70.7509,-34.11035],[-70.75084,-34.11021]]}},{"type":"Feature","properties":{"nombre":"Camino Real","jerarquia":3},"geometry":{"type":"LineString","coordinates":[[-70.75084,-34.11021],[-70.75072,-34.1099]]}},{"type":"Feature","properties":{"nombre":"","jerarquia":3},"geometry":{"type":"LineString","coordinates":[[-70.76704,-34.15317],[-70.76714,-34.15271]]}},{"type":"Feature","properties":{"nombre":"Avenida Las Torres","jerarquia":5},"geometry":{"type":"LineString","coordinates":[[-70.73997,-34.18455],[-70.73978,-34.18467],[-70.73918,-34.18488]]}},{"type":"Feature","properties":{"nombre":"Manuel Montt","jerarquia":4},"geometry":{"type":"LineString","coordinates":[[-70.73967,-34.18428],[-70.7393,-34.18397],[-70.73887,-34.18347]]}},{"type":"Feature","properties":{"nombre":"Manuel Montt","jerarquia":4},"geometry":{"type":"LineString","coordinates":[[-70.73887,-34.18347],[-70.73777,-34.18262]]}},{"type":"Feature","properties":{"nombre":"Manuel Montt","jerarquia":4},"geometry":{"type":"LineString","coordinates":[[-70.73777,-34.18262],[-70.73668,-34.18186]]}},{"type":"Feature","properties":{"nombre":"Manuel Montt","jerarquia":4},"geometry":{"type":"LineString","coordinates":[[-70.73668,-34.18186],[-70.73623,-34.18147]]}},{"type":"Feature","properties":{"nombre":"Manuel Montt","jerarquia":5},"geometry":{"type":"LineString","coordinates":[[-70.73997,-34.18455],[-70.73984,-34.18445]]}},{"type":"Feature","properties":{"nombre":"Diego de Almagro","jerarquia":4},"geometry":{"type":"LineString","coordinates":[[-70.74052,-34.18418],[-70.74059,-34.18423]]}},{"type":"Feature","properties":{"nombre":"Diego de Almagro","jerarquia":4},"geometry":{"type":"LineString","coordinates":[[-70.74059,-34.18423],[-70.74185,-34.18516]]}},{"type":"Feature","properties":{"nombre":"Chorrillos","jerarquia":5},"geometry":{"type":"LineString","coordinates":[[-70.73926,-34.14879],[-70.73904,-34.14823]]}},{"type":"Feature","properties":{"nombre":"Chorrillos","jerarquia":5},"geometry":{"type":"LineString","coordinates":[[-70.73904,-34.14823],[-70.73898,-34.14796]]}},{"type":"Feature","properties":{"nombre":"Avenida Camino del Recreo","jerarquia":5},"geometry":{"type":"LineString","coordinates":[[-70.73655,-34.14944],[-70.73672,-34.15024]]}},{"type":"Feature","properties":{"nombre":"Ruta H-30","jerarquia":3},"geometry":{"type":"LineString","coordinates":[[-70.78747,-34.18284],[-70.78735,-34.18289]]}},{"type":"Feature","properties":{"nombre":"Ruta H-30","jerarquia":3},"geometry":{"type":"LineString","coordinates":[[-70.78735,-34.18289],[-70.78726,-34.18289]]}},{"type":"Feature","properties":{"nombre":"Ruta H-30","jerarquia":3},"geometry":{"type":"LineString","coordinates":[[-70.78726,-34.18289],[-70.78718,-34.18287]]}},{"type":"Feature","properties":{"nombre":"","jerarquia":3},"geometry":{"type":"LineString","coordinates":[[-70.78718,-34.18287],[-70.78707,-34.18278],[-70.78704,-34.18265]]}},{"type":"Feature","properties":{"nombre":"Ruta H-30","jerarquia":3},"geometry":{"type":"LineString","coordinates":[[-70.78704,-34.18265],[-70.78713,-34.18251]]}},{"type":"Feature","properties":{"nombre":"Ruta H-30","jerarquia":3},"geometry":{"type":"LineString","coordinates":[[-70.78713,-34.18251],[-70.78727,-34.18246],[-70.78743,-34.18249]]}},{"type":"Feature","properties":{"nombre":"Ruta H-30","jerarquia":3},"geometry":{"type":"LineString","coordinates":[[-70.78743,-34.18249],[-70.78747,-34.18251]]}},{"type":"Feature","properties":{"nombre":"Ruta H-30","jerarquia":3},"geometry":{"type":"LineString","coordinates":[[-70.78747,-34.18251],[-70.78752,-34.18256]]}},{"type":"Feature","properties":{"nombre":"Camino a Tuniche","jerarquia":3},"geometry":{"type":"LineString","coordinates":[[-70.75609,-34.12401],[-70.75586,-34.12435]]}},{"type":"Feature","properties":{"nombre":"Camino Real","jerarquia":3},"geometry":{"type":"LineString","coordinates":[[-70.756,-34.12376],[-70.7555,-34.12227]]}},{"type":"Feature","properties":{"nombre":"Camino Real","jerarquia":3},"geometry":{"type":"LineString","coordinates":[[-70.7555,-34.12227],[-70.75582,-34.12306]]}},{"type":"Feature","properties":{"nombre":"Camino a Tuniche","jerarquia":3},"geometry":{"type":"LineString","coordinates":[[-70.75122,-34.13064],[-70.75053,-34.13156]]}},{"type":"Feature","properties":{"nombre":"Camino La Cruz","jerarquia":5},"geometry":{"type":"LineString","coordinates":[[-70.72293,-34.14911],[-70.72235,-34.14822]]}},{"type":"Feature","properties":{"nombre":"El Litoral","jerarquia":5},"geometry":{"type":"LineString","coordinates":[[-70.72749,-34.1446],[-70.72739,-34.1446],[-70.72651,-34.14516]]}},{"type":"Feature","properties":{"nombre":"El Litoral","jerarquia":5},"geometry":{"type":"LineString","coordinates":[[-70.72651,-34.14516],[-70.72597,-34.1455]]}},{"type":"Feature","properties":{"nombre":"El Litoral","jerarquia":5},"geometry":{"type":"LineString","coordinates":[[-70.72597,-34.1455],[-70.72467,-34.14636]]}},{"type":"Feature","properties":{"nombre":"El Litoral","jerarquia":5},"geometry":{"type":"LineString","coordinates":[[-70.72467,-34.14636],[-70.7239,-34.14685]]}},{"type":"Feature","properties":{"nombre":"El Litoral","jerarquia":5},"geometry":{"type":"LineString","coordinates":[[-70.7239,-34.14685],[-70.72227,-34.14794],[-70.72225,-34.14804],[-70.72235,-34.14822]]}},{"type":"Feature","properties":{"nombre":"","jerarquia":3},"geometry":{"type":"LineString","coordinates":[[-70.73961,-34.16532],[-70.73967,-34.16561]]}},{"type":"Feature","properties":{"nombre":"","jerarquia":3},"geometry":{"type":"LineString","coordinates":[[-70.73967,-34.16561],[-70.73969,-34.16572]]}},{"type":"Feature","properties":{"nombre":"Avenida Cachapoal","jerarquia":4},"geometry":{"type":"LineString","coordinates":[[-70.74219,-34.17566],[-70.74213,-34.17564],[-70.74178,-34.17509]]}},{"type":"Feature","properties":{"nombre":"Avenida Cachapoal","jerarquia":4},"geometry":{"type":"LineString","coordinates":[[-70.74178,-34.17509],[-70.74171,-34.17498]]}},{"type":"Feature","properties":{"nombre":"Avenida Cachapoal","jerarquia":4},"geometry":{"type":"LineString","coordinates":[[-70.74457,-34.17899],[-70.74438,-34.17873]]}},{"type":"Feature","properties":{"nombre":"Avenida Cachapoal","jerarquia":4},"geometry":{"type":"LineString","coordinates":[[-70.74438,-34.17873],[-70.74371,-34.17777]]}},{"type":"Feature","properties":{"nombre":"Avenida Cachapoal","jerarquia":4},"geometry":{"type":"LineString","coordinates":[[-70.74371,-34.17777],[-70.74219,-34.17566]]}},{"type":"Feature","properties":{"nombre":"Avenida Cachapoal","jerarquia":4},"geometry":{"type":"LineString","coordinates":[[-70.74181,-34.17496],[-70.74219,-34.17566]]}},{"type":"Feature","properties":{"nombre":"Avenida Capitán Antonio Millán","jerarquia":4},"geometry":{"type":"LineString","coordinates":[[-70.74138,-34.17503],[-70.73913,-34.17565]]}},{"type":"Feature","properties":{"nombre":"Avenida Capitán Antonio Millán","jerarquia":4},"geometry":{"type":"LineString","coordinates":[[-70.73913,-34.17565],[-70.73904,-34.17568]]}},{"type":"Feature","properties":{"nombre":"Avenida Pedro de Valdivia","jerarquia":3},"geometry":{"type":"LineString","coordinates":[[-70.73631,-34.17656],[-70.7356,-34.17691],[-70.73327,-34.17868]]}},{"type":"Feature","properties":{"nombre":"Avenida Capitán Antonio Millán","jerarquia":4},"geometry":{"type":"LineString","coordinates":[[-70.73903,-34.17561],[-70.7392,-34.17555]]}},{"type":"Feature","properties":{"nombre":"Avenida Capitán Antonio Millán","jerarquia":4},"geometry":{"type":"LineString","coordinates":[[-70.7392,-34.17555],[-70.74113,-34.17499]]}},{"type":"Feature","properties":{"nombre":"Camino a Tuniche","jerarquia":3},"geometry":{"type":"LineString","coordinates":[[-70.74194,-34.14301],[-70.74123,-34.14394]]}},{"type":"Feature","properties":{"nombre":"Avenida Monseñor Escrivá de Balaguer","jerarquia":4},"geometry":{"type":"LineString","coordinates":[[-70.68965,-34.18171],[-70.68942,-34.18191]]}},{"type":"Feature","properties":{"nombre":"","jerarquia":4},"geometry":{"type":"LineString","coordinates":[[-70.6843,-34.18568],[-70.68451,-34.18578],[-70.68475,-34.18577]]}},{"type":"Feature","properties":{"nombre":"","jerarquia":4},"geometry":{"type":"LineString","coordinates":[[-70.68409,-34.18634],[-70.68415,-34.1862],[-70.68418,-34.18592],[-70.68404,-34.18564]]}},{"type":"Feature","properties":{"nombre":"Avenida Monseñor Escrivá de Balaguer","jerarquia":4},"geometry":{"type":"LineString","coordinates":[[-70.68536,-34.18536],[-70.68464,-34.18598]]}},{"type":"Feature","properties":{"nombre":"Avenida Monseñor Escrivá de Balaguer","jerarquia":4},"geometry":{"type":"LineString","coordinates":[[-70.68464,-34.18598],[-70.68453,-34.18608]]}},{"type":"Feature","properties":{"nombre":"Avenida Monseñor Escrivá de Balaguer","jerarquia":4},"geometry":{"type":"LineString","coordinates":[[-70.68453,-34.18608],[-70.68383,-34.18663]]}},{"type":"Feature","properties":{"nombre":"Avenida Monseñor Escrivá de Balaguer","jerarquia":4},"geometry":{"type":"LineString","coordinates":[[-70.67333,-34.19563],[-70.67307,-34.19584]]}},{"type":"Feature","properties":{"nombre":"Avenida Capitán Antonio Millán","jerarquia":4},"geometry":{"type":"LineString","coordinates":[[-70.74442,-34.17455],[-70.74413,-34.17459]]}},{"type":"Feature","properties":{"nombre":"Oficial Manuel José de Astorga","jerarquia":5},"geometry":{"type":"LineString","coordinates":[[-70.7444,-34.17448],[-70.74418,-34.17338]]}},{"type":"Feature","properties":{"nombre":"Oficial Manuel José de Astorga","jerarquia":5},"geometry":{"type":"LineString","coordinates":[[-70.74418,-34.17338],[-70.74416,-34.17327]]}},{"type":"Feature","properties":{"nombre":"Oficial Manuel José de Astorga","jerarquia":5},"geometry":{"type":"LineString","coordinates":[[-70.74416,-34.17327],[-70.74396,-34.17224]]}},{"type":"Feature","properties":{"nombre":"Oficial Manuel José de Astorga","jerarquia":5},"geometry":{"type":"LineString","coordinates":[[-70.74396,-34.17224],[-70.74394,-34.17217]]}},{"type":"Feature","properties":{"nombre":"Oficial Manuel José de Astorga","jerarquia":5},"geometry":{"type":"LineString","coordinates":[[-70.74394,-34.17217],[-70.74374,-34.17112]]}},{"type":"Feature","properties":{"nombre":"Oficial Manuel José de Astorga","jerarquia":5},"geometry":{"type":"LineString","coordinates":[[-70.74374,-34.17112],[-70.74372,-34.17104]]}},{"type":"Feature","properties":{"nombre":"Oficial Manuel José de Astorga","jerarquia":5},"geometry":{"type":"LineString","coordinates":[[-70.74372,-34.17104],[-70.7435,-34.16991]]}},{"type":"Feature","properties":{"nombre":"Oficial Manuel José de Astorga","jerarquia":5},"geometry":{"type":"LineString","coordinates":[[-70.7435,-34.16991],[-70.74327,-34.16878]]}},{"type":"Feature","properties":{"nombre":"Oficial Manuel José de Astorga","jerarquia":5},"geometry":{"type":"LineString","coordinates":[[-70.74327,-34.16878],[-70.74306,-34.16767]]}},{"type":"Feature","properties":{"nombre":"Oficial Manuel José de Astorga","jerarquia":5},"geometry":{"type":"LineString","coordinates":[[-70.74306,-34.16767],[-70.74283,-34.16654]]}},{"type":"Feature","properties":{"nombre":"Oficial Manuel José de Astorga","jerarquia":5},"geometry":{"type":"LineString","coordinates":[[-70.74283,-34.16654],[-70.74259,-34.16531]]}},{"type":"Feature","properties":{"nombre":"Oficial Carlos María O'Carrol","jerarquia":5},"geometry":{"type":"LineString","coordinates":[[-70.73547,-34.1722],[-70.73471,-34.17231]]}},{"type":"Feature","properties":{"nombre":"Oficial Carlos María O'Carrol","jerarquia":5},"geometry":{"type":"LineString","coordinates":[[-70.73471,-34.17231],[-70.73454,-34.17233]]}},{"type":"Feature","properties":{"nombre":"Oficial Carlos María O'Carrol","jerarquia":5},"geometry":{"type":"LineString","coordinates":[[-70.73454,-34.17233],[-70.73396,-34.17242]]}},{"type":"Feature","properties":{"nombre":"Oficial Carlos María O'Carrol","jerarquia":5},"geometry":{"type":"LineString","coordinates":[[-70.73396,-34.17242],[-70.73322,-34.17256]]}},{"type":"Feature","properties":{"nombre":"Oficial Carlos María O'Carrol","jerarquia":5},"geometry":{"type":"LineString","coordinates":[[-70.73322,-34.17256],[-70.73256,-34.17265]]}},{"type":"Feature","properties":{"nombre":"Oficial Carlos María O'Carrol","jerarquia":5},"geometry":{"type":"LineString","coordinates":[[-70.73256,-34.17265],[-70.732,-34.17274]]}},{"type":"Feature","properties":{"nombre":"Oficial Carlos María O'Carrol","jerarquia":5},"geometry":{"type":"LineString","coordinates":[[-70.732,-34.17274],[-70.73128,-34.17286]]}},{"type":"Feature","properties":{"nombre":"Oficial Carlos María O'Carrol","jerarquia":5},"geometry":{"type":"LineString","coordinates":[[-70.73128,-34.17286],[-70.731,-34.1729]]}},{"type":"Feature","properties":{"nombre":"Oficial Carlos María O'Carrol","jerarquia":5},"geometry":{"type":"LineString","coordinates":[[-70.731,-34.1729],[-70.73056,-34.17296]]}},{"type":"Feature","properties":{"nombre":"Avenida Capitán Ramón Freire","jerarquia":3},"geometry":{"type":"LineString","coordinates":[[-70.73629,-34.17584],[-70.73633,-34.17605]]}},{"type":"Feature","properties":{"nombre":"Avenida Capitán Ramón Freire","jerarquia":3},"geometry":{"type":"LineString","coordinates":[[-70.73489,-34.16879],[-70.73508,-34.16983]]}},{"type":"Feature","properties":{"nombre":"Avenida Capitán Ramón Freire","jerarquia":3},"geometry":{"type":"LineString","coordinates":[[-70.73508,-34.16983],[-70.7351,-34.16993]]}},{"type":"Feature","properties":{"nombre":"José Domingo Mujica","jerarquia":5},"geometry":{"type":"LineString","coordinates":[[-70.73489,-34.16879],[-70.7362,-34.1686]]}},{"type":"Feature","properties":{"nombre":"José Domingo Mujica","jerarquia":5},"geometry":{"type":"LineString","coordinates":[[-70.7362,-34.1686],[-70.73758,-34.16841]]}},{"type":"Feature","properties":{"nombre":"José Domingo Mujica","jerarquia":5},"geometry":{"type":"LineString","coordinates":[[-70.73758,-34.16841],[-70.73894,-34.16823]]}},{"type":"Feature","properties":{"nombre":"José Domingo Mujica","jerarquia":5},"geometry":{"type":"LineString","coordinates":[[-70.73894,-34.16823],[-70.74033,-34.16803]]}},{"type":"Feature","properties":{"nombre":"José Domingo Mujica","jerarquia":5},"geometry":{"type":"LineString","coordinates":[[-70.74033,-34.16803],[-70.74167,-34.16784]]}},{"type":"Feature","properties":{"nombre":"Avenida Capitán Ramón Freire","jerarquia":3},"geometry":{"type":"LineString","coordinates":[[-70.73435,-34.16648],[-70.73431,-34.16624]]}},{"type":"Feature","properties":{"nombre":"Avenida Capitán Ramón Freire","jerarquia":3},"geometry":{"type":"LineString","coordinates":[[-70.73431,-34.16624],[-70.73429,-34.16611]]}},{"type":"Feature","properties":{"nombre":"Avenida Capitán Antonio Millán","jerarquia":4},"geometry":{"type":"LineString","coordinates":[[-70.74303,-34.17469],[-70.74433,-34.17449]]}},{"type":"Feature","properties":{"nombre":"Avenida Capitán Antonio Millán","jerarquia":4},"geometry":{"type":"LineString","coordinates":[[-70.74433,-34.17449],[-70.7444,-34.17448]]}},{"type":"Feature","properties":{"nombre":"Avenida Capitán Ramón Freire","jerarquia":3},"geometry":{"type":"LineString","coordinates":[[-70.7349,-34.16946],[-70.73489,-34.16937]]}},{"type":"Feature","properties":{"nombre":"Avenida Capitán Ramón Freire","jerarquia":3},"geometry":{"type":"LineString","coordinates":[[-70.73489,-34.16937],[-70.7348,-34.1689]]}},{"type":"Feature","properties":{"nombre":"Avenida Capitán Ramón Freire","jerarquia":3},"geometry":{"type":"LineString","coordinates":[[-70.7348,-34.1689],[-70.73478,-34.1688]]}},{"type":"Feature","properties":{"nombre":"Avenida Capitán Ramón Freire","jerarquia":3},"geometry":{"type":"LineString","coordinates":[[-70.73556,-34.17218],[-70.73578,-34.17324]]}},{"type":"Feature","properties":{"nombre":"Avenida Capitán Ramón Freire","jerarquia":3},"geometry":{"type":"LineString","coordinates":[[-70.73578,-34.17324],[-70.7358,-34.17331]]}},{"type":"Feature","properties":{"nombre":"Avenida Membrillar","jerarquia":4},"geometry":{"type":"LineString","coordinates":[[-70.7294,-34.17192],[-70.72851,-34.17205]]}},{"type":"Feature","properties":{"nombre":"Avenida Membrillar","jerarquia":4},"geometry":{"type":"LineString","coordinates":[[-70.73519,-34.17098],[-70.73529,-34.17097]]}},{"type":"Feature","properties":{"nombre":"Avenida General José de San Martín","jerarquia":4},"geometry":{"type":"LineString","coordinates":[[-70.74675,-34.1718],[-70.74652,-34.17075]]}},{"type":"Feature","properties":{"nombre":"Avenida General José de San Martín","jerarquia":4},"geometry":{"type":"LineString","coordinates":[[-70.74652,-34.17075],[-70.74651,-34.17068]]}},{"type":"Feature","properties":{"nombre":"Avenida General José de San Martín","jerarquia":4},"geometry":{"type":"LineString","coordinates":[[-70.74651,-34.17068],[-70.74627,-34.16951]]}},{"type":"Feature","properties":{"nombre":"Avenida General José de San Martín","jerarquia":4},"geometry":{"type":"LineString","coordinates":[[-70.74627,-34.16951],[-70.74604,-34.16839]]}},{"type":"Feature","properties":{"nombre":"Avenida General José de San Martín","jerarquia":4},"geometry":{"type":"LineString","coordinates":[[-70.74604,-34.16839],[-70.74581,-34.16728]]}},{"type":"Feature","properties":{"nombre":"Doctor José Antonio Salinas","jerarquia":5},"geometry":{"type":"LineString","coordinates":[[-70.74989,-34.16695],[-70.75071,-34.16686]]}},{"type":"Feature","properties":{"nombre":"Bombero Ricardo Ruidíaz","jerarquia":5},"geometry":{"type":"LineString","coordinates":[[-70.75071,-34.16686],[-70.75042,-34.16543],[-70.7506,-34.16518]]}},{"type":"Feature","properties":{"nombre":"Doctor José Antonio Salinas","jerarquia":5},"geometry":{"type":"LineString","coordinates":[[-70.75084,-34.16684],[-70.75181,-34.16667]]}},{"type":"Feature","properties":{"nombre":"Carretera Presidente Eduardo Frei Montalva","jerarquia":3},"geometry":{"type":"LineString","coordinates":[[-70.67689,-34.19569],[-70.68141,-34.19482]]}},{"type":"Feature","properties":{"nombre":"Carretera Presidente Eduardo Frei Montalva","jerarquia":3},"geometry":{"type":"LineString","coordinates":[[-70.68141,-34.19482],[-70.69499,-34.19234]]}},{"type":"Feature","properties":{"nombre":"Presidente de la República Juan Antonio Ríos","jerarquia":5},"geometry":{"type":"LineString","coordinates":[[-70.74613,-34.15213],[-70.74607,-34.15174]]}},{"type":"Feature","properties":{"nombre":"Presidente de la República Juan Antonio Ríos","jerarquia":5},"geometry":{"type":"LineString","coordinates":[[-70.74607,-34.15174],[-70.74599,-34.15131]]}},{"type":"Feature","properties":{"nombre":"Presidente de la República Juan Antonio Ríos","jerarquia":5},"geometry":{"type":"LineString","coordinates":[[-70.74599,-34.15131],[-70.74587,-34.1506]]}},{"type":"Feature","properties":{"nombre":"Avenida Kennedy","jerarquia":3},"geometry":{"type":"LineString","coordinates":[[-70.74233,-34.14868],[-70.74244,-34.14939]]}},{"type":"Feature","properties":{"nombre":"Avenida Kennedy","jerarquia":3},"geometry":{"type":"LineString","coordinates":[[-70.74244,-34.14939],[-70.74246,-34.14949]]}},{"type":"Feature","properties":{"nombre":"Avenida Kennedy","jerarquia":3},"geometry":{"type":"LineString","coordinates":[[-70.74246,-34.14949],[-70.74256,-34.15012]]}},{"type":"Feature","properties":{"nombre":"Avenida Kennedy","jerarquia":3},"geometry":{"type":"LineString","coordinates":[[-70.74256,-34.15012],[-70.7426,-34.15032]]}},{"type":"Feature","properties":{"nombre":"Avenida Kennedy","jerarquia":3},"geometry":{"type":"LineString","coordinates":[[-70.7426,-34.15032],[-70.74266,-34.15073]]}},{"type":"Feature","properties":{"nombre":"Avenida Kennedy","jerarquia":3},"geometry":{"type":"LineString","coordinates":[[-70.74266,-34.15073],[-70.74271,-34.15098]]}},{"type":"Feature","properties":{"nombre":"Avenida Kennedy","jerarquia":3},"geometry":{"type":"LineString","coordinates":[[-70.74271,-34.15098],[-70.74286,-34.15191]]}},{"type":"Feature","properties":{"nombre":"Avenida Kennedy","jerarquia":3},"geometry":{"type":"LineString","coordinates":[[-70.74286,-34.15191],[-70.74297,-34.15252]]}},{"type":"Feature","properties":{"nombre":"Avenida Kennedy","jerarquia":3},"geometry":{"type":"LineString","coordinates":[[-70.74297,-34.15252],[-70.74305,-34.15298]]}},{"type":"Feature","properties":{"nombre":"Avenida Kennedy","jerarquia":3},"geometry":{"type":"LineString","coordinates":[[-70.74305,-34.15298],[-70.74327,-34.15419]]}},{"type":"Feature","properties":{"nombre":"Avenida España","jerarquia":3},"geometry":{"type":"LineString","coordinates":[[-70.74456,-34.16104],[-70.74468,-34.16165]]}},{"type":"Feature","properties":{"nombre":"Avenida España","jerarquia":3},"geometry":{"type":"LineString","coordinates":[[-70.74468,-34.16165],[-70.74477,-34.16201]]}},{"type":"Feature","properties":{"nombre":"Avenida España","jerarquia":3},"geometry":{"type":"LineString","coordinates":[[-70.74477,-34.16201],[-70.74482,-34.16223]]}},{"type":"Feature","properties":{"nombre":"Avenida República de Chile","jerarquia":3},"geometry":{"type":"LineString","coordinates":[[-70.73938,-34.15476],[-70.73994,-34.15469]]}},{"type":"Feature","properties":{"nombre":"Avenida República de Chile","jerarquia":3},"geometry":{"type":"LineString","coordinates":[[-70.73994,-34.15469],[-70.74059,-34.1546]]}},{"type":"Feature","properties":{"nombre":"Avenida República de Chile","jerarquia":3},"geometry":{"type":"LineString","coordinates":[[-70.74059,-34.1546],[-70.74083,-34.15457]]}},{"type":"Feature","properties":{"nombre":"Presidente de la República Juan Antonio Ríos","jerarquia":5},"geometry":{"type":"LineString","coordinates":[[-70.74643,-34.15384],[-70.74633,-34.15327]]}},{"type":"Feature","properties":{"nombre":"Presidente de la República Juan Antonio Ríos","jerarquia":5},"geometry":{"type":"LineString","coordinates":[[-70.74633,-34.15327],[-70.74632,-34.15317]]}},{"type":"Feature","properties":{"nombre":"Presidente de la República Juan Antonio Ríos","jerarquia":5},"geometry":{"type":"LineString","coordinates":[[-70.74632,-34.15317],[-70.74613,-34.15213]]}},{"type":"Feature","properties":{"nombre":"Avenida Membrillar","jerarquia":4},"geometry":{"type":"LineString","coordinates":[[-70.73521,-34.17107],[-70.73431,-34.17121]]}},{"type":"Feature","properties":{"nombre":"Avenida Membrillar","jerarquia":4},"geometry":{"type":"LineString","coordinates":[[-70.73431,-34.17121],[-70.73372,-34.17129]]}},{"type":"Feature","properties":{"nombre":"Avenida Capitán Ramón Freire","jerarquia":3},"geometry":{"type":"LineString","coordinates":[[-70.73531,-34.17106],[-70.73551,-34.17194]]}},{"type":"Feature","properties":{"nombre":"Avenida Capitán Ramón Freire","jerarquia":3},"geometry":{"type":"LineString","coordinates":[[-70.7351,-34.16993],[-70.73527,-34.17086]]}},{"type":"Feature","properties":{"nombre":"Avenida Capitán Ramón Freire","jerarquia":3},"geometry":{"type":"LineString","coordinates":[[-70.73527,-34.17086],[-70.73529,-34.17097]]}},{"type":"Feature","properties":{"nombre":"Avenida Capitán Ramón Freire","jerarquia":3},"geometry":{"type":"LineString","coordinates":[[-70.73519,-34.17098],[-70.73511,-34.17055]]}},{"type":"Feature","properties":{"nombre":"Avenida Capitán Ramón Freire","jerarquia":3},"geometry":{"type":"LineString","coordinates":[[-70.7358,-34.17331],[-70.73602,-34.17438]]}},{"type":"Feature","properties":{"nombre":"Avenida Capitán Ramón Freire","jerarquia":3},"geometry":{"type":"LineString","coordinates":[[-70.73602,-34.17438],[-70.73603,-34.17445]]}},{"type":"Feature","properties":{"nombre":"Avenida Capitán Antonio Millán","jerarquia":4},"geometry":{"type":"LineString","coordinates":[[-70.74728,-34.17402],[-70.7465,-34.17417]]}},{"type":"Feature","properties":{"nombre":"Avenida Capitán Antonio Millán","jerarquia":4},"geometry":{"type":"LineString","coordinates":[[-70.7465,-34.17417],[-70.74582,-34.17431]]}},{"type":"Feature","properties":{"nombre":"Avenida Capitán Antonio Millán","jerarquia":4},"geometry":{"type":"LineString","coordinates":[[-70.74582,-34.17431],[-70.74575,-34.17432]]}},{"type":"Feature","properties":{"nombre":"Avenida Capitán Antonio Millán","jerarquia":4},"geometry":{"type":"LineString","coordinates":[[-70.74958,-34.17362],[-70.74974,-34.1736]]}},{"type":"Feature","properties":{"nombre":"Avenida Capitán Antonio Millán","jerarquia":4},"geometry":{"type":"LineString","coordinates":[[-70.74974,-34.1736],[-70.75093,-34.17344]]}},{"type":"Feature","properties":{"nombre":"Avenida Capitán Antonio Millán","jerarquia":4},"geometry":{"type":"LineString","coordinates":[[-70.75093,-34.17344],[-70.75181,-34.17332]]}},{"type":"Feature","properties":{"nombre":"Avenida Capitán Antonio Millán","jerarquia":4},"geometry":{"type":"LineString","coordinates":[[-70.75181,-34.17332],[-70.75255,-34.17322]]}},{"type":"Feature","properties":{"nombre":"Avenida Brasil","jerarquia":4},"geometry":{"type":"LineString","coordinates":[[-70.75135,-34.1688],[-70.75189,-34.16871]]}},{"type":"Feature","properties":{"nombre":"Avenida Brasil","jerarquia":4},"geometry":{"type":"LineString","coordinates":[[-70.75189,-34.16871],[-70.75252,-34.1686]]}},{"type":"Feature","properties":{"nombre":"Vicente Calvo","jerarquia":5},"geometry":{"type":"LineString","coordinates":[[-70.75135,-34.1688],[-70.75084,-34.1672]]}},{"type":"Feature","properties":{"nombre":"Vicente Calvo","jerarquia":5},"geometry":{"type":"LineString","coordinates":[[-70.75084,-34.1672],[-70.75071,-34.16686]]}},{"type":"Feature","properties":{"nombre":"Avenida España","jerarquia":3},"geometry":{"type":"LineString","coordinates":[[-70.74333,-34.15452],[-70.74333,-34.15454]]}},{"type":"Feature","properties":{"nombre":"Avenida España","jerarquia":3},"geometry":{"type":"LineString","coordinates":[[-70.74333,-34.15454],[-70.74349,-34.15539]]}},{"type":"Feature","properties":{"nombre":"Avenida España","jerarquia":3},"geometry":{"type":"LineString","coordinates":[[-70.74349,-34.15539],[-70.74366,-34.15625]]}},{"type":"Feature","properties":{"nombre":"Avenida España","jerarquia":3},"geometry":{"type":"LineString","coordinates":[[-70.74366,-34.15625],[-70.74383,-34.15714]]}},{"type":"Feature","properties":{"nombre":"Avenida España","jerarquia":3},"geometry":{"type":"LineString","coordinates":[[-70.74383,-34.15714],[-70.74413,-34.15872]]}},{"type":"Feature","properties":{"nombre":"Avenida Capitán Antonio Millán","jerarquia":4},"geometry":{"type":"LineString","coordinates":[[-70.74721,-34.17393],[-70.74783,-34.17386]]}},{"type":"Feature","properties":{"nombre":"Carretera del Cobre","jerarquia":4},"geometry":{"type":"LineString","coordinates":[[-70.64009,-34.19448],[-70.63978,-34.19457]]}},{"type":"Feature","properties":{"nombre":"Carretera del Cobre","jerarquia":4},"geometry":{"type":"LineString","coordinates":[[-70.63978,-34.19457],[-70.63929,-34.19469],[-70.63818,-34.19484],[-70.63129,-34.19531],[-70.63077,-34.1954],[-70.62922,-34.19584],[-70.62873,-34.19592],[-70.62821,-34.19595],[-70.62759,-34.19589],[-70.62685,-34.19573],[-70.62469,-34.19492]]}},{"type":"Feature","properties":{"nombre":"Carretera del Cobre","jerarquia":4},"geometry":{"type":"LineString","coordinates":[[-70.62469,-34.19492],[-70.62293,-34.19427],[-70.62086,-34.1939],[-70.62033,-34.1937],[-70.61969,-34.19336],[-70.61836,-34.19238],[-70.61813,-34.19226],[-70.61762,-34.19212],[-70.61692,-34.19211],[-70.61624,-34.19233],[-70.61574,-34.19274],[-70.61553,-34.19307],[-70.6144,-34.19568],[-70.61407,-34.1961],[-70.61359,-34.1965]]}},{"type":"Feature","properties":{"nombre":"Carretera del Cobre","jerarquia":4},"geometry":{"type":"LineString","coordinates":[[-70.61359,-34.1965],[-70.61104,-34.19806],[-70.61075,-34.19831],[-70.60972,-34.1995],[-70.60945,-34.20006],[-70.60941,-34.2005],[-70.60943,-34.20075],[-70.61006,-34.20226],[-70.61009,-34.20273],[-70.60996,-34.20311],[-70.60973,-34.20342],[-70.60926,-34.20373],[-70.60883,-34.20387],[-70.60821,-34.20389],[-70.60764,-34.20372],[-70.60724,-34.20345],[-70.60697,-34.20309],[-70.60684,-34.20266],[-70.60666,-34.19939],[-70.60653,-34.19897],[-70.6063,-34.19866],[-70.60567,-34.19823],[-70.60514,-34.19807],[-70.60474,-34.19806],[-70.60443,-34.19811],[-70.60407,-34.19823],[-70.60376,-34.19842],[-70.6035,-34.19867],[-70.60191,-34.20079],[-70.60145,-34.2012],[-70.59971,-34.2025],[-70.5994,-34.2028],[-70.59907,-34.20325],[-70.59886,-34.20372],[-70.59876,-34.2043],[-70.59888,-34.20748],[-70.59882,-34.20795],[-70.59866,-34.20826],[-70.59836,-34.20858],[-70.59795,-34.20881],[-70.5975,-34.20892],[-70.59714,-34.20894],[-70.59675,-34.20888],[-70.59627,-34.20866],[-70.59548,-34.20793],[-70.59502,-34.20733],[-70.59472,-34.20661],[-70.59395,-34.20261],[-70.5937,-34.20217],[-70.59331,-34.20186],[-70.59301,-34.20171],[-70.59258,-34.20162],[-70.59222,-34.20161],[-70.5918,-34.20169],[-70.59127,-34.20197]]}},{"type":"Feature","properties":{"nombre":"","jerarquia":5},"geometry":{"type":"LineString","coordinates":[[-70.74388,-34.15421],[-70.74392,-34.15438]]}},{"type":"Feature","properties":{"nombre":"Nelson Pereira","jerarquia":5},"geometry":{"type":"LineString","coordinates":[[-70.7421,-34.13828],[-70.74321,-34.13916]]}},{"type":"Feature","properties":{"nombre":"Ruta Travesía","jerarquia":2},"geometry":{"type":"LineString","coordinates":[[-70.72705,-34.16907],[-70.72716,-34.1675]]}},{"type":"Feature","properties":{"nombre":"Avenida República de Chile","jerarquia":5},"geometry":{"type":"LineString","coordinates":[[-70.74392,-34.15438],[-70.7435,-34.15443]]}},{"type":"Feature","properties":{"nombre":"Avenida República de Chile","jerarquia":5},"geometry":{"type":"LineString","coordinates":[[-70.7435,-34.15443],[-70.74345,-34.15443]]}},{"type":"Feature","properties":{"nombre":"El Litoral","jerarquia":5},"geometry":{"type":"LineString","coordinates":[[-70.72235,-34.14822],[-70.72113,-34.14884]]}},{"type":"Feature","properties":{"nombre":"Obispo Larraín","jerarquia":5},"geometry":{"type":"LineString","coordinates":[[-70.7251,-34.15939],[-70.72502,-34.1589]]}},{"type":"Feature","properties":{"nombre":"Obispo Larraín","jerarquia":5},"geometry":{"type":"LineString","coordinates":[[-70.72502,-34.1589],[-70.72492,-34.15843]]}},{"type":"Feature","properties":{"nombre":"Obispo Larraín","jerarquia":5},"geometry":{"type":"LineString","coordinates":[[-70.72492,-34.15843],[-70.72485,-34.15811]]}},{"type":"Feature","properties":{"nombre":"Obispo Larraín","jerarquia":5},"geometry":{"type":"LineString","coordinates":[[-70.72485,-34.15811],[-70.72475,-34.15766]]}},{"type":"Feature","properties":{"nombre":"Obispo Larraín","jerarquia":5},"geometry":{"type":"LineString","coordinates":[[-70.72475,-34.15766],[-70.72466,-34.1571]]}},{"type":"Feature","properties":{"nombre":"Santiago","jerarquia":5},"geometry":{"type":"LineString","coordinates":[[-70.69472,-34.16219],[-70.69505,-34.16255]]}},{"type":"Feature","properties":{"nombre":"Santiago","jerarquia":5},"geometry":{"type":"LineString","coordinates":[[-70.69505,-34.16255],[-70.69528,-34.1628]]}},{"type":"Feature","properties":{"nombre":"Santiago","jerarquia":5},"geometry":{"type":"LineString","coordinates":[[-70.69528,-34.1628],[-70.69548,-34.16302]]}},{"type":"Feature","properties":{"nombre":"Santiago","jerarquia":5},"geometry":{"type":"LineString","coordinates":[[-70.69548,-34.16302],[-70.69566,-34.16321]]}},{"type":"Feature","properties":{"nombre":"Santiago","jerarquia":5},"geometry":{"type":"LineString","coordinates":[[-70.69566,-34.16321],[-70.69592,-34.1635]]}},{"type":"Feature","properties":{"nombre":"","jerarquia":3},"geometry":{"type":"LineString","coordinates":[[-70.64839,-34.19363],[-70.64812,-34.19348]]}},{"type":"Feature","properties":{"nombre":"","jerarquia":3},"geometry":{"type":"LineString","coordinates":[[-70.64903,-34.19366],[-70.64875,-34.19371]]}},{"type":"Feature","properties":{"nombre":"","jerarquia":3},"geometry":{"type":"LineString","coordinates":[[-70.64879,-34.19346],[-70.64903,-34.19366]]}},{"type":"Feature","properties":{"nombre":"El Guindal","jerarquia":3},"geometry":{"type":"LineString","coordinates":[[-70.64866,-34.19315],[-70.64876,-34.19344]]}},{"type":"Feature","properties":{"nombre":"El Guindal","jerarquia":3},"geometry":{"type":"LineString","coordinates":[[-70.6485,-34.1934],[-70.64866,-34.19315]]}},{"type":"Feature","properties":{"nombre":"Camino La Vinilla","jerarquia":5},"geometry":{"type":"LineString","coordinates":[[-70.64424,-34.17467],[-70.64469,-34.1745],[-70.64516,-34.17455]]}},{"type":"Feature","properties":{"nombre":"Camino La Vinilla","jerarquia":5},"geometry":{"type":"LineString","coordinates":[[-70.64516,-34.17455],[-70.64582,-34.17475],[-70.64624,-34.17493],[-70.64639,-34.17493],[-70.64759,-34.17455],[-70.64883,-34.17379]]}},{"type":"Feature","properties":{"nombre":"Plaza de Machalí","jerarquia":3},"geometry":{"type":"LineString","coordinates":[[-70.65153,-34.18206],[-70.65145,-34.1822],[-70.65147,-34.18274]]}},{"type":"Feature","properties":{"nombre":"Camino Los Fresnos","jerarquia":5},"geometry":{"type":"LineString","coordinates":[[-70.73828,-34.12499],[-70.73894,-34.12559]]}},{"type":"Feature","properties":{"nombre":"Camino Los Fresnos","jerarquia":5},"geometry":{"type":"LineString","coordinates":[[-70.73894,-34.12559],[-70.73906,-34.12571]]}},{"type":"Feature","properties":{"nombre":"Camino Los Fresnos","jerarquia":5},"geometry":{"type":"LineString","coordinates":[[-70.73906,-34.12571],[-70.73939,-34.12602]]}},{"type":"Feature","properties":{"nombre":"Camino Los Fresnos","jerarquia":5},"geometry":{"type":"LineString","coordinates":[[-70.73939,-34.12602],[-70.73955,-34.12617]]}},{"type":"Feature","properties":{"nombre":"Camino Los Fresnos","jerarquia":5},"geometry":{"type":"LineString","coordinates":[[-70.73955,-34.12617],[-70.73972,-34.12633]]}},{"type":"Feature","properties":{"nombre":"Camino Los Fresnos","jerarquia":5},"geometry":{"type":"LineString","coordinates":[[-70.73972,-34.12633],[-70.74002,-34.1266]]}},{"type":"Feature","properties":{"nombre":"El Guindal","jerarquia":3},"geometry":{"type":"LineString","coordinates":[[-70.64875,-34.19371],[-70.64869,-34.19374]]}},{"type":"Feature","properties":{"nombre":"1 y 2 de Octubre","jerarquia":5},"geometry":{"type":"LineString","coordinates":[[-70.73821,-34.16349],[-70.73925,-34.16333]]}},{"type":"Feature","properties":{"nombre":"1 y 2 de Octubre","jerarquia":5},"geometry":{"type":"LineString","coordinates":[[-70.73925,-34.16333],[-70.73935,-34.16332]]}},{"type":"Feature","properties":{"nombre":"Avenida Bombero Domingo Villalobos","jerarquia":5},"geometry":{"type":"LineString","coordinates":[[-70.71232,-34.1745],[-70.71191,-34.17391]]}},{"type":"Feature","properties":{"nombre":"Manuel Montt","jerarquia":4},"geometry":{"type":"LineString","coordinates":[[-70.72762,-34.15564],[-70.72771,-34.15524]]}},{"type":"Feature","properties":{"nombre":"Javiera Carrera","jerarquia":5},"geometry":{"type":"LineString","coordinates":[[-70.72363,-34.18835],[-70.72356,-34.18841]]}},{"type":"Feature","properties":{"nombre":"Javiera Carrera","jerarquia":5},"geometry":{"type":"LineString","coordinates":[[-70.72356,-34.18841],[-70.72314,-34.18862]]}},{"type":"Feature","properties":{"nombre":"Javiera Carrera","jerarquia":5},"geometry":{"type":"LineString","coordinates":[[-70.72314,-34.18862],[-70.72276,-34.18882]]}},{"type":"Feature","properties":{"nombre":"Javiera Carrera","jerarquia":5},"geometry":{"type":"LineString","coordinates":[[-70.72276,-34.18882],[-70.72266,-34.18888]]}},{"type":"Feature","properties":{"nombre":"Javiera Carrera","jerarquia":5},"geometry":{"type":"LineString","coordinates":[[-70.72266,-34.18888],[-70.7224,-34.18903]]}},{"type":"Feature","properties":{"nombre":"Javiera Carrera","jerarquia":5},"geometry":{"type":"LineString","coordinates":[[-70.7224,-34.18903],[-70.72222,-34.18913]]}},{"type":"Feature","properties":{"nombre":"Javiera Carrera","jerarquia":5},"geometry":{"type":"LineString","coordinates":[[-70.72222,-34.18913],[-70.72193,-34.1893],[-70.72179,-34.18948]]}},{"type":"Feature","properties":{"nombre":"Javiera Carrera","jerarquia":5},"geometry":{"type":"LineString","coordinates":[[-70.72179,-34.18948],[-70.72165,-34.18974],[-70.72139,-34.18993]]}},{"type":"Feature","properties":{"nombre":"Javiera Carrera","jerarquia":5},"geometry":{"type":"LineString","coordinates":[[-70.72139,-34.18993],[-70.72083,-34.19025]]}},{"type":"Feature","properties":{"nombre":"Javiera Carrera","jerarquia":5},"geometry":{"type":"LineString","coordinates":[[-70.72083,-34.19025],[-70.72081,-34.19026]]}},{"type":"Feature","properties":{"nombre":"Javiera Carrera","jerarquia":5},"geometry":{"type":"LineString","coordinates":[[-70.72081,-34.19026],[-70.72023,-34.1906]]}},{"type":"Feature","properties":{"nombre":"Javiera Carrera","jerarquia":5},"geometry":{"type":"LineString","coordinates":[[-70.72023,-34.1906],[-70.71966,-34.19092]]}},{"type":"Feature","properties":{"nombre":"Javiera Carrera","jerarquia":5},"geometry":{"type":"LineString","coordinates":[[-70.71966,-34.19092],[-70.7196,-34.19097]]}},{"type":"Feature","properties":{"nombre":"Javiera Carrera","jerarquia":5},"geometry":{"type":"LineString","coordinates":[[-70.7196,-34.19097],[-70.71893,-34.19138]]}},{"type":"Feature","properties":{"nombre":"Avenida Bombero Domingo Villalobos","jerarquia":3},"geometry":{"type":"LineString","coordinates":[[-70.71945,-34.18286],[-70.7183,-34.18151]]}},{"type":"Feature","properties":{"nombre":"Avenida Bombero Domingo Villalobos","jerarquia":3},"geometry":{"type":"LineString","coordinates":[[-70.7183,-34.18151],[-70.71778,-34.1809]]}},{"type":"Feature","properties":{"nombre":"Avenida Bombero Domingo Villalobos","jerarquia":3},"geometry":{"type":"LineString","coordinates":[[-70.71778,-34.1809],[-70.7175,-34.18057]]}},{"type":"Feature","properties":{"nombre":"Avenida Bombero Domingo Villalobos","jerarquia":3},"geometry":{"type":"LineString","coordinates":[[-70.7175,-34.18057],[-70.71725,-34.18027]]}},{"type":"Feature","properties":{"nombre":"Avenida Bombero Domingo Villalobos","jerarquia":3},"geometry":{"type":"LineString","coordinates":[[-70.71725,-34.18027],[-70.717,-34.17999]]}},{"type":"Feature","properties":{"nombre":"Avenida Bombero Domingo Villalobos","jerarquia":3},"geometry":{"type":"LineString","coordinates":[[-70.717,-34.17999],[-70.71675,-34.17969]]}},{"type":"Feature","properties":{"nombre":"Avenida Bombero Domingo Villalobos","jerarquia":3},"geometry":{"type":"LineString","coordinates":[[-70.71675,-34.17969],[-70.71648,-34.17938]]}},{"type":"Feature","properties":{"nombre":"Avenida Bombero Domingo Villalobos","jerarquia":3},"geometry":{"type":"LineString","coordinates":[[-70.71648,-34.17938],[-70.71623,-34.17908]]}},{"type":"Feature","properties":{"nombre":"Avenida Bombero Domingo Villalobos","jerarquia":3},"geometry":{"type":"LineString","coordinates":[[-70.71623,-34.17908],[-70.71598,-34.17878]]}},{"type":"Feature","properties":{"nombre":"Avenida Bombero Domingo Villalobos","jerarquia":4},"geometry":{"type":"LineString","coordinates":[[-70.72189,-34.18564],[-70.72254,-34.18658]]}},{"type":"Feature","properties":{"nombre":"","jerarquia":2},"geometry":{"type":"LineString","coordinates":[[-70.72813,-34.1524],[-70.7282,-34.15136],[-70.72836,-34.15089]]}},{"type":"Feature","properties":{"nombre":"Avenida Bombero Domingo Villalobos","jerarquia":3},"geometry":{"type":"LineString","coordinates":[[-70.71546,-34.17794],[-70.71589,-34.17845]]}},{"type":"Feature","properties":{"nombre":"Avenida Bombero Domingo Villalobos","jerarquia":3},"geometry":{"type":"LineString","coordinates":[[-70.71589,-34.17845],[-70.71675,-34.17945]]}},{"type":"Feature","properties":{"nombre":"Avenida Bombero Domingo Villalobos","jerarquia":3},"geometry":{"type":"LineString","coordinates":[[-70.71675,-34.17945],[-70.71689,-34.1796]]}},{"type":"Feature","properties":{"nombre":"Avenida Bombero Domingo Villalobos","jerarquia":3},"geometry":{"type":"LineString","coordinates":[[-70.71689,-34.1796],[-70.71714,-34.17992]]}},{"type":"Feature","properties":{"nombre":"Avenida Bombero Domingo Villalobos","jerarquia":3},"geometry":{"type":"LineString","coordinates":[[-70.71714,-34.17992],[-70.71743,-34.18026]]}},{"type":"Feature","properties":{"nombre":"Avenida Bombero Domingo Villalobos","jerarquia":3},"geometry":{"type":"LineString","coordinates":[[-70.71743,-34.18026],[-70.71845,-34.18145]]}},{"type":"Feature","properties":{"nombre":"Avenida Bombero Domingo Villalobos","jerarquia":3},"geometry":{"type":"LineString","coordinates":[[-70.71845,-34.18145],[-70.71914,-34.1823]]}},{"type":"Feature","properties":{"nombre":"Avenida Bombero Domingo Villalobos","jerarquia":3},"geometry":{"type":"LineString","coordinates":[[-70.71914,-34.1823],[-70.71941,-34.18263]]}},{"type":"Feature","properties":{"nombre":"Avenida Bolivia","jerarquia":5},"geometry":{"type":"LineString","coordinates":[[-70.76144,-34.18261],[-70.76135,-34.18248]]}},{"type":"Feature","properties":{"nombre":"Río Loco","jerarquia":5},"geometry":{"type":"LineString","coordinates":[[-70.7644,-34.18149],[-70.76451,-34.18141]]}},{"type":"Feature","properties":{"nombre":"Río Loco","jerarquia":5},"geometry":{"type":"LineString","coordinates":[[-70.76451,-34.18141],[-70.76458,-34.18137]]}},{"type":"Feature","properties":{"nombre":"Avenida Bolivia","jerarquia":5},"geometry":{"type":"LineString","coordinates":[[-70.76149,-34.18269],[-70.76144,-34.18261]]}},{"type":"Feature","properties":{"nombre":"Río Loco","jerarquia":5},"geometry":{"type":"LineString","coordinates":[[-70.76145,-34.1827],[-70.76071,-34.18301],[-70.7603,-34.18329]]}},{"type":"Feature","properties":{"nombre":"Avenida Provincial","jerarquia":5},"geometry":{"type":"LineString","coordinates":[[-70.76739,-34.17937],[-70.76726,-34.1792]]}},{"type":"Feature","properties":{"nombre":"Avenida Provincial","jerarquia":5},"geometry":{"type":"LineString","coordinates":[[-70.76726,-34.1792],[-70.76691,-34.17874]]}},{"type":"Feature","properties":{"nombre":"Avenida Provincial","jerarquia":5},"geometry":{"type":"LineString","coordinates":[[-70.76691,-34.17874],[-70.76673,-34.17851]]}},{"type":"Feature","properties":{"nombre":"Avenida Provincial","jerarquia":5},"geometry":{"type":"LineString","coordinates":[[-70.76673,-34.17851],[-70.76655,-34.17829]]}},{"type":"Feature","properties":{"nombre":"Avenida Provincial","jerarquia":5},"geometry":{"type":"LineString","coordinates":[[-70.76655,-34.17829],[-70.76635,-34.17807]]}},{"type":"Feature","properties":{"nombre":"Avenida Provincial","jerarquia":5},"geometry":{"type":"LineString","coordinates":[[-70.76635,-34.17807],[-70.76626,-34.17796]]}},{"type":"Feature","properties":{"nombre":"Avenida Circunvalación Poniente","jerarquia":5},"geometry":{"type":"LineString","coordinates":[[-70.7674,-34.17043],[-70.76513,-34.1676]]}},{"type":"Feature","properties":{"nombre":"Avenida Circunvalación Poniente","jerarquia":5},"geometry":{"type":"LineString","coordinates":[[-70.76513,-34.1676],[-70.76423,-34.16649],[-70.76411,-34.16627]]}},{"type":"Feature","properties":{"nombre":"Hermano Francisco de Asís","jerarquia":5},"geometry":{"type":"LineString","coordinates":[[-70.77473,-34.17892],[-70.77449,-34.17901]]}},{"type":"Feature","properties":{"nombre":"Hermano Francisco de Asís","jerarquia":5},"geometry":{"type":"LineString","coordinates":[[-70.77449,-34.17901],[-70.77438,-34.17906]]}},{"type":"Feature","properties":{"nombre":"Hermano Francisco de Asís","jerarquia":5},"geometry":{"type":"LineString","coordinates":[[-70.77438,-34.17906],[-70.77331,-34.17948]]}},{"type":"Feature","properties":{"nombre":"Hermano Francisco de Asís","jerarquia":5},"geometry":{"type":"LineString","coordinates":[[-70.77331,-34.17948],[-70.77305,-34.1796],[-70.77285,-34.17976]]}},{"type":"Feature","properties":{"nombre":"Hermano Francisco de Asís","jerarquia":5},"geometry":{"type":"LineString","coordinates":[[-70.77285,-34.17976],[-70.77265,-34.18006]]}},{"type":"Feature","properties":{"nombre":"Hermano Francisco de Asís","jerarquia":5},"geometry":{"type":"LineString","coordinates":[[-70.77265,-34.18006],[-70.77264,-34.1801]]}},{"type":"Feature","properties":{"nombre":"Bolivia","jerarquia":5},"geometry":{"type":"LineString","coordinates":[[-70.75764,-34.17644],[-70.75786,-34.1768]]}},{"type":"Feature","properties":{"nombre":"Bolivia","jerarquia":5},"geometry":{"type":"LineString","coordinates":[[-70.75786,-34.1768],[-70.75825,-34.17739]]}},{"type":"Feature","properties":{"nombre":"","jerarquia":5},"geometry":{"type":"LineString","coordinates":[[-70.74113,-34.13749],[-70.74101,-34.13758]]}},{"type":"Feature","properties":{"nombre":"","jerarquia":5},"geometry":{"type":"LineString","coordinates":[[-70.74166,-34.13811],[-70.74169,-34.13803],[-70.74177,-34.13802]]}},{"type":"Feature","properties":{"nombre":"","jerarquia":5},"geometry":{"type":"LineString","coordinates":[[-70.74161,-34.13788],[-70.74159,-34.13796],[-70.7415,-34.13799]]}},{"type":"Feature","properties":{"nombre":"Avenida Santa Teresa de Los Andes","jerarquia":5},"geometry":{"type":"LineString","coordinates":[[-70.73424,-34.1294],[-70.73475,-34.12986]]}},{"type":"Feature","properties":{"nombre":"Avenida Santa Teresa de Los Andes","jerarquia":5},"geometry":{"type":"LineString","coordinates":[[-70.73475,-34.12986],[-70.73499,-34.13008]]}},{"type":"Feature","properties":{"nombre":"Avenida Santa Teresa de Los Andes","jerarquia":5},"geometry":{"type":"LineString","coordinates":[[-70.73499,-34.13008],[-70.73508,-34.13015]]}},{"type":"Feature","properties":{"nombre":"Avenida Santa Teresa de Los Andes","jerarquia":5},"geometry":{"type":"LineString","coordinates":[[-70.73508,-34.13015],[-70.73539,-34.13044]]}},{"type":"Feature","properties":{"nombre":"Avenida Santa Teresa de Los Andes","jerarquia":5},"geometry":{"type":"LineString","coordinates":[[-70.73539,-34.13044],[-70.73603,-34.13101]]}},{"type":"Feature","properties":{"nombre":"Avenida Santa Teresa de Los Andes","jerarquia":5},"geometry":{"type":"LineString","coordinates":[[-70.73603,-34.13101],[-70.73663,-34.13155]]}},{"type":"Feature","properties":{"nombre":"Diego de Almagro","jerarquia":4},"geometry":{"type":"LineString","coordinates":[[-70.72905,-34.14542],[-70.7291,-34.14632]]}},{"type":"Feature","properties":{"nombre":"Chorrillos","jerarquia":5},"geometry":{"type":"LineString","coordinates":[[-70.74059,-34.1546],[-70.74056,-34.15446]]}},{"type":"Feature","properties":{"nombre":"Chorrillos","jerarquia":5},"geometry":{"type":"LineString","coordinates":[[-70.74056,-34.15446],[-70.74048,-34.15402]]}},{"type":"Feature","properties":{"nombre":"Chorrillos","jerarquia":5},"geometry":{"type":"LineString","coordinates":[[-70.74048,-34.15402],[-70.74028,-34.15284]]}},{"type":"Feature","properties":{"nombre":"Camino La Cruz","jerarquia":5},"geometry":{"type":"LineString","coordinates":[[-70.72922,-34.16186],[-70.72885,-34.16002]]}},{"type":"Feature","properties":{"nombre":"Camino La Cruz","jerarquia":5},"geometry":{"type":"LineString","coordinates":[[-70.72885,-34.16002],[-70.72876,-34.1596]]}},{"type":"Feature","properties":{"nombre":"Camino La Cruz","jerarquia":5},"geometry":{"type":"LineString","coordinates":[[-70.72876,-34.1596],[-70.72856,-34.15875]]}},{"type":"Feature","properties":{"nombre":"Camino La Cruz","jerarquia":5},"geometry":{"type":"LineString","coordinates":[[-70.72856,-34.15875],[-70.72827,-34.15772]]}},{"type":"Feature","properties":{"nombre":"Chorrillos","jerarquia":5},"geometry":{"type":"LineString","coordinates":[[-70.73832,-34.14499],[-70.73822,-34.14454],[-70.73811,-34.14431]]}},{"type":"Feature","properties":{"nombre":"Chorrillos","jerarquia":5},"geometry":{"type":"LineString","coordinates":[[-70.73811,-34.14431],[-70.738,-34.14418]]}},{"type":"Feature","properties":{"nombre":"Chorrillos","jerarquia":5},"geometry":{"type":"LineString","coordinates":[[-70.738,-34.14418],[-70.73777,-34.14395]]}},{"type":"Feature","properties":{"nombre":"Chorrillos","jerarquia":5},"geometry":{"type":"LineString","coordinates":[[-70.73777,-34.14395],[-70.73752,-34.14372]]}},{"type":"Feature","properties":{"nombre":"Chorrillos","jerarquia":5},"geometry":{"type":"LineString","coordinates":[[-70.73752,-34.14372],[-70.73701,-34.14323]]}},{"type":"Feature","properties":{"nombre":"Chorrillos","jerarquia":5},"geometry":{"type":"LineString","coordinates":[[-70.73701,-34.14323],[-70.7367,-34.14295]]}},{"type":"Feature","properties":{"nombre":"Chorrillos","jerarquia":5},"geometry":{"type":"LineString","coordinates":[[-70.7367,-34.14295],[-70.73663,-34.14261]]}},{"type":"Feature","properties":{"nombre":"Chorrillos","jerarquia":5},"geometry":{"type":"LineString","coordinates":[[-70.73663,-34.14261],[-70.73654,-34.14218]]}},{"type":"Feature","properties":{"nombre":"Chorrillos","jerarquia":5},"geometry":{"type":"LineString","coordinates":[[-70.73654,-34.14218],[-70.73646,-34.1418]]}},{"type":"Feature","properties":{"nombre":"Chorrillos","jerarquia":5},"geometry":{"type":"LineString","coordinates":[[-70.73646,-34.1418],[-70.73636,-34.14153],[-70.7362,-34.14132]]}},{"type":"Feature","properties":{"nombre":"Chorrillos","jerarquia":5},"geometry":{"type":"LineString","coordinates":[[-70.7362,-34.14132],[-70.7358,-34.14091]]}},{"type":"Feature","properties":{"nombre":"Chorrillos","jerarquia":5},"geometry":{"type":"LineString","coordinates":[[-70.7358,-34.14091],[-70.73552,-34.14058]]}},{"type":"Feature","properties":{"nombre":"Chorrillos","jerarquia":5},"geometry":{"type":"LineString","coordinates":[[-70.73552,-34.14058],[-70.73494,-34.13992]]}},{"type":"Feature","properties":{"nombre":"Chorrillos","jerarquia":5},"geometry":{"type":"LineString","coordinates":[[-70.7397,-34.14998],[-70.73959,-34.14944]]}},{"type":"Feature","properties":{"nombre":"Chorrillos","jerarquia":5},"geometry":{"type":"LineString","coordinates":[[-70.73959,-34.14944],[-70.73926,-34.14879]]}},{"type":"Feature","properties":{"nombre":"Calle del Estado","jerarquia":5},"geometry":{"type":"LineString","coordinates":[[-70.73987,-34.16569],[-70.73981,-34.1654]]}},{"type":"Feature","properties":{"nombre":"Avenida Las Torres","jerarquia":5},"geometry":{"type":"LineString","coordinates":[[-70.74568,-34.18056],[-70.74781,-34.17951]]}},{"type":"Feature","properties":{"nombre":"Avenida Las Torres","jerarquia":5},"geometry":{"type":"LineString","coordinates":[[-70.74781,-34.17951],[-70.74956,-34.17868]]}},{"type":"Feature","properties":{"nombre":"Avenida Cachapoal","jerarquia":4},"geometry":{"type":"LineString","coordinates":[[-70.74804,-34.18384],[-70.74721,-34.18269]]}},{"type":"Feature","properties":{"nombre":"Avenida Cachapoal","jerarquia":4},"geometry":{"type":"LineString","coordinates":[[-70.74721,-34.18269],[-70.74686,-34.18217]]}},{"type":"Feature","properties":{"nombre":"Avenida Cachapoal","jerarquia":4},"geometry":{"type":"LineString","coordinates":[[-70.74686,-34.18217],[-70.74635,-34.18149]]}},{"type":"Feature","properties":{"nombre":"Avenida Cachapoal","jerarquia":4},"geometry":{"type":"LineString","coordinates":[[-70.74635,-34.18149],[-70.74626,-34.18136]]}},{"type":"Feature","properties":{"nombre":"Avenida Cachapoal","jerarquia":4},"geometry":{"type":"LineString","coordinates":[[-70.74626,-34.18136],[-70.74568,-34.18056]]}},{"type":"Feature","properties":{"nombre":"Pedro Aguirre Cerda","jerarquia":5},"geometry":{"type":"LineString","coordinates":[[-70.75216,-34.16046],[-70.75131,-34.16062]]}},{"type":"Feature","properties":{"nombre":"Pedro Aguirre Cerda","jerarquia":5},"geometry":{"type":"LineString","coordinates":[[-70.75131,-34.16062],[-70.75062,-34.16075]]}},{"type":"Feature","properties":{"nombre":"Avenida Libertador Bernardo O'Higgins","jerarquia":3},"geometry":{"type":"LineString","coordinates":[[-70.74647,-34.16438],[-70.7484,-34.16414]]}},{"type":"Feature","properties":{"nombre":"Avenida Viña del Mar","jerarquia":5},"geometry":{"type":"LineString","coordinates":[[-70.75177,-34.16361],[-70.75169,-34.16347],[-70.75147,-34.16351],[-70.75137,-34.16347],[-70.7512,-34.1629]]}},{"type":"Feature","properties":{"nombre":"Avenida Viña del Mar","jerarquia":5},"geometry":{"type":"LineString","coordinates":[[-70.7512,-34.1629],[-70.75097,-34.16206]]}},{"type":"Feature","properties":{"nombre":"Avenida Viña del Mar","jerarquia":5},"geometry":{"type":"LineString","coordinates":[[-70.75097,-34.16206],[-70.75083,-34.16153]]}},{"type":"Feature","properties":{"nombre":"Avenida Viña del Mar","jerarquia":5},"geometry":{"type":"LineString","coordinates":[[-70.75083,-34.16153],[-70.75066,-34.1609]]}},{"type":"Feature","properties":{"nombre":"Nueva Trapiche","jerarquia":5},"geometry":{"type":"LineString","coordinates":[[-70.76386,-34.15502],[-70.76286,-34.15536]]}},{"type":"Feature","properties":{"nombre":"Nueva Trapiche","jerarquia":5},"geometry":{"type":"LineString","coordinates":[[-70.76286,-34.15536],[-70.76278,-34.15539]]}},{"type":"Feature","properties":{"nombre":"El Trapiche","jerarquia":5},"geometry":{"type":"LineString","coordinates":[[-70.76325,-34.15396],[-70.76303,-34.15434]]}},{"type":"Feature","properties":{"nombre":"Avenida Circunvalación Poniente","jerarquia":5},"geometry":{"type":"LineString","coordinates":[[-70.75942,-34.15926],[-70.75882,-34.15816]]}},{"type":"Feature","properties":{"nombre":"Lourdes","jerarquia":5},"geometry":{"type":"LineString","coordinates":[[-70.76633,-34.18416],[-70.76652,-34.18421],[-70.7667,-34.18447]]}},{"type":"Feature","properties":{"nombre":"Lourdes","jerarquia":5},"geometry":{"type":"LineString","coordinates":[[-70.7667,-34.18447],[-70.76691,-34.18477]]}},{"type":"Feature","properties":{"nombre":"Lourdes","jerarquia":5},"geometry":{"type":"LineString","coordinates":[[-70.76772,-34.18629],[-70.76704,-34.18526]]}},{"type":"Feature","properties":{"nombre":"Lourdes","jerarquia":5},"geometry":{"type":"LineString","coordinates":[[-70.76704,-34.18526],[-70.76688,-34.18501]]}},{"type":"Feature","properties":{"nombre":"Lourdes","jerarquia":5},"geometry":{"type":"LineString","coordinates":[[-70.76688,-34.18501],[-70.76633,-34.18416]]}},{"type":"Feature","properties":{"nombre":"Eusebio Lillo","jerarquia":5},"geometry":{"type":"LineString","coordinates":[[-70.73436,-34.18805],[-70.73426,-34.18801],[-70.73357,-34.18692]]}},{"type":"Feature","properties":{"nombre":"Eusebio Lillo","jerarquia":5},"geometry":{"type":"LineString","coordinates":[[-70.73357,-34.18692],[-70.73287,-34.18586]]}},{"type":"Feature","properties":{"nombre":"Eusebio Lillo","jerarquia":5},"geometry":{"type":"LineString","coordinates":[[-70.73287,-34.18586],[-70.73218,-34.18483]]}},{"type":"Feature","properties":{"nombre":"La Araucana","jerarquia":5},"geometry":{"type":"LineString","coordinates":[[-70.72068,-34.17325],[-70.72069,-34.17335]]}},{"type":"Feature","properties":{"nombre":"Avenida San Joaquín Sur","jerarquia":5},"geometry":{"type":"LineString","coordinates":[[-70.71893,-34.19138],[-70.7185,-34.19071]]}},{"type":"Feature","properties":{"nombre":"Avenida San Joaquín Sur","jerarquia":5},"geometry":{"type":"LineString","coordinates":[[-70.7185,-34.19071],[-70.71838,-34.19053]]}},{"type":"Feature","properties":{"nombre":"Avenida San Joaquín Sur","jerarquia":5},"geometry":{"type":"LineString","coordinates":[[-70.71838,-34.19053],[-70.71808,-34.19003]]}},{"type":"Feature","properties":{"nombre":"Avenida San Joaquín Sur","jerarquia":5},"geometry":{"type":"LineString","coordinates":[[-70.71808,-34.19003],[-70.71798,-34.18987]]}},{"type":"Feature","properties":{"nombre":"Avenida San Joaquín Sur","jerarquia":5},"geometry":{"type":"LineString","coordinates":[[-70.71798,-34.18987],[-70.71761,-34.18937]]}},{"type":"Feature","properties":{"nombre":"Avenida San Joaquín Sur","jerarquia":5},"geometry":{"type":"LineString","coordinates":[[-70.71761,-34.18937],[-70.71753,-34.18927]]}},{"type":"Feature","properties":{"nombre":"Avenida San Joaquín Sur","jerarquia":5},"geometry":{"type":"LineString","coordinates":[[-70.71753,-34.18927],[-70.71717,-34.1888]]}},{"type":"Feature","properties":{"nombre":"Avenida San Joaquín Sur","jerarquia":5},"geometry":{"type":"LineString","coordinates":[[-70.71717,-34.1888],[-70.71713,-34.18874]]}},{"type":"Feature","properties":{"nombre":"Avenida San Joaquín Sur","jerarquia":5},"geometry":{"type":"LineString","coordinates":[[-70.71713,-34.18874],[-70.71688,-34.18838]]}},{"type":"Feature","properties":{"nombre":"Avenida Central Santiago Benadava Cattan","jerarquia":5},"geometry":{"type":"LineString","coordinates":[[-70.71677,-34.18288],[-70.71637,-34.18235]]}},{"type":"Feature","properties":{"nombre":"Avenida Central Santiago Benadava Cattan","jerarquia":5},"geometry":{"type":"LineString","coordinates":[[-70.71637,-34.18235],[-70.71611,-34.18204]]}},{"type":"Feature","properties":{"nombre":"Avenida Central Santiago Benadava Cattan","jerarquia":5},"geometry":{"type":"LineString","coordinates":[[-70.71611,-34.18204],[-70.71601,-34.1819]]}},{"type":"Feature","properties":{"nombre":"Avenida Central Santiago Benadava Cattan","jerarquia":5},"geometry":{"type":"LineString","coordinates":[[-70.71601,-34.1819],[-70.71576,-34.18159]]}},{"type":"Feature","properties":{"nombre":"Avenida Central Santiago Benadava Cattan","jerarquia":5},"geometry":{"type":"LineString","coordinates":[[-70.71576,-34.18159],[-70.71565,-34.18147]]}},{"type":"Feature","properties":{"nombre":"Héctor Zamorano","jerarquia":5},"geometry":{"type":"LineString","coordinates":[[-70.71022,-34.18085],[-70.71018,-34.18089]]}},{"type":"Feature","properties":{"nombre":"Héctor Zamorano","jerarquia":5},"geometry":{"type":"LineString","coordinates":[[-70.71018,-34.18089],[-70.7101,-34.18095]]}},{"type":"Feature","properties":{"nombre":"Héctor Zamorano","jerarquia":5},"geometry":{"type":"LineString","coordinates":[[-70.7101,-34.18095],[-70.71005,-34.181]]}},{"type":"Feature","properties":{"nombre":"Los Olivos","jerarquia":5},"geometry":{"type":"LineString","coordinates":[[-70.71143,-34.16743],[-70.71243,-34.16683]]}},{"type":"Feature","properties":{"nombre":"Avenida República de Uruguay","jerarquia":5},"geometry":{"type":"LineString","coordinates":[[-70.70235,-34.15891],[-70.70159,-34.15815]]}},{"type":"Feature","properties":{"nombre":"Avenida República de Uruguay","jerarquia":5},"geometry":{"type":"LineString","coordinates":[[-70.70159,-34.15815],[-70.70137,-34.15787]]}},{"type":"Feature","properties":{"nombre":"Avenida República de Uruguay","jerarquia":5},"geometry":{"type":"LineString","coordinates":[[-70.70137,-34.15787],[-70.70081,-34.15726]]}},{"type":"Feature","properties":{"nombre":"Avenida República de Uruguay","jerarquia":5},"geometry":{"type":"LineString","coordinates":[[-70.70081,-34.15726],[-70.7004,-34.15682]]}},{"type":"Feature","properties":{"nombre":"Avenida República de Uruguay","jerarquia":5},"geometry":{"type":"LineString","coordinates":[[-70.7004,-34.15682],[-70.70021,-34.1566]]}},{"type":"Feature","properties":{"nombre":"Avenida República de Uruguay","jerarquia":5},"geometry":{"type":"LineString","coordinates":[[-70.70021,-34.1566],[-70.69927,-34.15558]]}},{"type":"Feature","properties":{"nombre":"Edmundo Cabezas Moraga","jerarquia":5},"geometry":{"type":"LineString","coordinates":[[-70.70137,-34.15787],[-70.70102,-34.1581]]}},{"type":"Feature","properties":{"nombre":"Edmundo Cabezas Moraga","jerarquia":5},"geometry":{"type":"LineString","coordinates":[[-70.70102,-34.1581],[-70.70075,-34.15827]]}},{"type":"Feature","properties":{"nombre":"Edmundo Cabezas Moraga","jerarquia":5},"geometry":{"type":"LineString","coordinates":[[-70.70075,-34.15827],[-70.70046,-34.15846]]}},{"type":"Feature","properties":{"nombre":"Edmundo Cabezas Moraga","jerarquia":5},"geometry":{"type":"LineString","coordinates":[[-70.70046,-34.15846],[-70.70041,-34.1585]]}},{"type":"Feature","properties":{"nombre":"Edmundo Cabezas Moraga","jerarquia":5},"geometry":{"type":"LineString","coordinates":[[-70.70041,-34.1585],[-70.69981,-34.15888]]}},{"type":"Feature","properties":{"nombre":"Edmundo Cabezas Moraga","jerarquia":5},"geometry":{"type":"LineString","coordinates":[[-70.69981,-34.15888],[-70.6997,-34.15895]]}},{"type":"Feature","properties":{"nombre":"Edmundo Cabezas Moraga","jerarquia":5},"geometry":{"type":"LineString","coordinates":[[-70.6997,-34.15895],[-70.69939,-34.15916]]}},{"type":"Feature","properties":{"nombre":"Edmundo Cabezas Moraga","jerarquia":5},"geometry":{"type":"LineString","coordinates":[[-70.69939,-34.15916],[-70.69905,-34.15938]]}},{"type":"Feature","properties":{"nombre":"Edmundo Cabezas Moraga","jerarquia":5},"geometry":{"type":"LineString","coordinates":[[-70.69905,-34.15938],[-70.69852,-34.15972]]}},{"type":"Feature","properties":{"nombre":"Edmundo Cabezas Moraga","jerarquia":5},"geometry":{"type":"LineString","coordinates":[[-70.69852,-34.15972],[-70.6983,-34.15987]]}},{"type":"Feature","properties":{"nombre":"Edmundo Cabezas Moraga","jerarquia":5},"geometry":{"type":"LineString","coordinates":[[-70.6983,-34.15987],[-70.69779,-34.1602]]}},{"type":"Feature","properties":{"nombre":"Edmundo Cabezas Moraga","jerarquia":5},"geometry":{"type":"LineString","coordinates":[[-70.69779,-34.1602],[-70.69764,-34.1603]]}},{"type":"Feature","properties":{"nombre":"Edmundo Cabezas Moraga","jerarquia":5},"geometry":{"type":"LineString","coordinates":[[-70.69764,-34.1603],[-70.69725,-34.16055]]}},{"type":"Feature","properties":{"nombre":"Edmundo Cabezas Moraga","jerarquia":5},"geometry":{"type":"LineString","coordinates":[[-70.69725,-34.16055],[-70.69686,-34.1608]]}},{"type":"Feature","properties":{"nombre":"Edmundo Cabezas Moraga","jerarquia":5},"geometry":{"type":"LineString","coordinates":[[-70.69686,-34.1608],[-70.69642,-34.16108]]}},{"type":"Feature","properties":{"nombre":"Edmundo Cabezas Moraga","jerarquia":5},"geometry":{"type":"LineString","coordinates":[[-70.69642,-34.16108],[-70.69635,-34.16113]]}},{"type":"Feature","properties":{"nombre":"Edmundo Cabezas Moraga","jerarquia":5},"geometry":{"type":"LineString","coordinates":[[-70.69635,-34.16113],[-70.69623,-34.16121]]}},{"type":"Feature","properties":{"nombre":"Edmundo Cabezas Moraga","jerarquia":5},"geometry":{"type":"LineString","coordinates":[[-70.69623,-34.16121],[-70.69594,-34.1614]]}},{"type":"Feature","properties":{"nombre":"Edmundo Cabezas Moraga","jerarquia":5},"geometry":{"type":"LineString","coordinates":[[-70.69594,-34.1614],[-70.6956,-34.16161]]}},{"type":"Feature","properties":{"nombre":"Edmundo Cabezas Moraga","jerarquia":5},"geometry":{"type":"LineString","coordinates":[[-70.6956,-34.16161],[-70.69492,-34.16205]]}},{"type":"Feature","properties":{"nombre":"Edmundo Cabezas Moraga","jerarquia":5},"geometry":{"type":"LineString","coordinates":[[-70.69492,-34.16205],[-70.69472,-34.16219]]}},{"type":"Feature","properties":{"nombre":"Avenida Miguel Ramírez","jerarquia":4},"geometry":{"type":"LineString","coordinates":[[-70.71808,-34.17362],[-70.71892,-34.17347]]}},{"type":"Feature","properties":{"nombre":"Avenida Nueva Einstein","jerarquia":4},"geometry":{"type":"LineString","coordinates":[[-70.71543,-34.17184],[-70.71529,-34.17171]]}},{"type":"Feature","properties":{"nombre":"Avenida Nueva Einstein","jerarquia":4},"geometry":{"type":"LineString","coordinates":[[-70.71529,-34.17171],[-70.71521,-34.17164]]}},{"type":"Feature","properties":{"nombre":"Avenida Nueva Einstein","jerarquia":4},"geometry":{"type":"LineString","coordinates":[[-70.71557,-34.17198],[-70.71549,-34.1719]]}},{"type":"Feature","properties":{"nombre":"Avenida Miguel Ramírez","jerarquia":4},"geometry":{"type":"LineString","coordinates":[[-70.71633,-34.17393],[-70.71712,-34.1738]]}},{"type":"Feature","properties":{"nombre":"Avenida Miguel Ramírez","jerarquia":4},"geometry":{"type":"LineString","coordinates":[[-70.71712,-34.1738],[-70.71714,-34.17379]]}},{"type":"Feature","properties":{"nombre":"Avenida Miguel Ramírez","jerarquia":4},"geometry":{"type":"LineString","coordinates":[[-70.71714,-34.17379],[-70.7175,-34.17373]]}},{"type":"Feature","properties":{"nombre":"Avenida Miguel Ramírez","jerarquia":4},"geometry":{"type":"LineString","coordinates":[[-70.7175,-34.17373],[-70.71754,-34.17372]]}},{"type":"Feature","properties":{"nombre":"Avenida Miguel Ramírez","jerarquia":4},"geometry":{"type":"LineString","coordinates":[[-70.71892,-34.17347],[-70.72053,-34.17318]]}},{"type":"Feature","properties":{"nombre":"Avenida Miguel Ramírez","jerarquia":4},"geometry":{"type":"LineString","coordinates":[[-70.72053,-34.17318],[-70.72204,-34.1729]]}},{"type":"Feature","properties":{"nombre":"Avenida Miguel Ramírez","jerarquia":4},"geometry":{"type":"LineString","coordinates":[[-70.72204,-34.1729],[-70.72219,-34.17288]]}},{"type":"Feature","properties":{"nombre":"","jerarquia":3},"geometry":{"type":"LineString","coordinates":[[-70.70231,-34.16633],[-70.70221,-34.16652]]}},{"type":"Feature","properties":{"nombre":"Avenida Bombero Domingo Villalobos","jerarquia":3},"geometry":{"type":"LineString","coordinates":[[-70.71278,-34.17506],[-70.71256,-34.17481]]}},{"type":"Feature","properties":{"nombre":"Avenida Bombero Domingo Villalobos","jerarquia":3},"geometry":{"type":"LineString","coordinates":[[-70.71256,-34.17481],[-70.71248,-34.1747]]}},{"type":"Feature","properties":{"nombre":"Avenida Libertador Bernardo O'Higgins","jerarquia":3},"geometry":{"type":"LineString","coordinates":[[-70.71298,-34.17505],[-70.71278,-34.17506]]}},{"type":"Feature","properties":{"nombre":"Avenida Bombero Domingo Villalobos","jerarquia":3},"geometry":{"type":"LineString","coordinates":[[-70.71271,-34.17478],[-70.71298,-34.17505]]}},{"type":"Feature","properties":{"nombre":"Avenida Bombero Domingo Villalobos","jerarquia":5},"geometry":{"type":"LineString","coordinates":[[-70.71242,-34.17462],[-70.71232,-34.1745]]}},{"type":"Feature","properties":{"nombre":"Avenida Miguel Ramírez","jerarquia":3},"geometry":{"type":"LineString","coordinates":[[-70.71248,-34.1747],[-70.71195,-34.17477]]}},{"type":"Feature","properties":{"nombre":"Héctor Zamorano","jerarquia":5},"geometry":{"type":"LineString","coordinates":[[-70.72031,-34.1768],[-70.7207,-34.17656]]}},{"type":"Feature","properties":{"nombre":"Avenida Bombero Domingo Villalobos","jerarquia":3},"geometry":{"type":"LineString","coordinates":[[-70.71263,-34.17469],[-70.71271,-34.17478]]}},{"type":"Feature","properties":{"nombre":"Avenida Bombero Domingo Villalobos","jerarquia":3},"geometry":{"type":"LineString","coordinates":[[-70.71248,-34.1747],[-70.71242,-34.17462]]}},{"type":"Feature","properties":{"nombre":"Avenida Miguel Ramírez","jerarquia":4},"geometry":{"type":"LineString","coordinates":[[-70.71352,-34.17445],[-70.71391,-34.17438]]}},{"type":"Feature","properties":{"nombre":"Avenida Miguel Ramírez","jerarquia":4},"geometry":{"type":"LineString","coordinates":[[-70.71391,-34.17438],[-70.71461,-34.17425]]}},{"type":"Feature","properties":{"nombre":"Avenida Miguel Ramírez","jerarquia":3},"geometry":{"type":"LineString","coordinates":[[-70.71242,-34.17462],[-70.71254,-34.1746]]}},{"type":"Feature","properties":{"nombre":"Avenida Bombero Domingo Villalobos","jerarquia":5},"geometry":{"type":"LineString","coordinates":[[-70.71243,-34.17447],[-70.71254,-34.1746]]}},{"type":"Feature","properties":{"nombre":"Avenida Miguel Ramírez","jerarquia":3},"geometry":{"type":"LineString","coordinates":[[-70.71263,-34.17469],[-70.71248,-34.1747]]}},{"type":"Feature","properties":{"nombre":"Avenida Bombero Domingo Villalobos","jerarquia":3},"geometry":{"type":"LineString","coordinates":[[-70.71254,-34.1746],[-70.71263,-34.17469]]}},{"type":"Feature","properties":{"nombre":"Avenida Miguel Ramírez","jerarquia":4},"geometry":{"type":"LineString","coordinates":[[-70.71759,-34.1738],[-70.71377,-34.1745]]}},{"type":"Feature","properties":{"nombre":"Avenida Bombero Domingo Villalobos","jerarquia":5},"geometry":{"type":"LineString","coordinates":[[-70.70347,-34.16623],[-70.70328,-34.16605]]}},{"type":"Feature","properties":{"nombre":"Avenida Bombero Domingo Villalobos","jerarquia":5},"geometry":{"type":"LineString","coordinates":[[-70.70328,-34.16605],[-70.70322,-34.166]]}},{"type":"Feature","properties":{"nombre":"Avenida Bombero Domingo Villalobos","jerarquia":5},"geometry":{"type":"LineString","coordinates":[[-70.70322,-34.166],[-70.70313,-34.16592]]}},{"type":"Feature","properties":{"nombre":"Avenida República de Chile","jerarquia":3},"geometry":{"type":"LineString","coordinates":[[-70.70313,-34.16592],[-70.70231,-34.16633]]}},{"type":"Feature","properties":{"nombre":"Avenida República de Chile","jerarquia":3},"geometry":{"type":"LineString","coordinates":[[-70.70231,-34.16633],[-70.70114,-34.16704]]}},{"type":"Feature","properties":{"nombre":"Avenida República de Chile","jerarquia":3},"geometry":{"type":"LineString","coordinates":[[-70.70114,-34.16704],[-70.69907,-34.16837]]}},{"type":"Feature","properties":{"nombre":"Avenida República de Chile","jerarquia":3},"geometry":{"type":"LineString","coordinates":[[-70.70383,-34.1656],[-70.70366,-34.16568]]}},{"type":"Feature","properties":{"nombre":"Avenida República de Chile","jerarquia":3},"geometry":{"type":"LineString","coordinates":[[-70.70366,-34.16568],[-70.70339,-34.16578]]}},{"type":"Feature","properties":{"nombre":"Avenida República de Chile","jerarquia":3},"geometry":{"type":"LineString","coordinates":[[-70.70339,-34.16578],[-70.70335,-34.1658]]}},{"type":"Feature","properties":{"nombre":"Avenida República de Chile","jerarquia":3},"geometry":{"type":"LineString","coordinates":[[-70.70241,-34.16609],[-70.70291,-34.16584]]}},{"type":"Feature","properties":{"nombre":"Avenida República de Chile","jerarquia":3},"geometry":{"type":"LineString","coordinates":[[-70.70291,-34.16584],[-70.70292,-34.16583]]}},{"type":"Feature","properties":{"nombre":"Avenida República de Chile","jerarquia":3},"geometry":{"type":"LineString","coordinates":[[-70.69827,-34.16874],[-70.69859,-34.16853]]}},{"type":"Feature","properties":{"nombre":"Avenida República de Chile","jerarquia":3},"geometry":{"type":"LineString","coordinates":[[-70.69859,-34.16853],[-70.70005,-34.16758]]}},{"type":"Feature","properties":{"nombre":"Avenida República de Chile","jerarquia":3},"geometry":{"type":"LineString","coordinates":[[-70.70005,-34.16758],[-70.70103,-34.16692]]}},{"type":"Feature","properties":{"nombre":"Avenida República de Chile","jerarquia":3},"geometry":{"type":"LineString","coordinates":[[-70.70103,-34.16692],[-70.70175,-34.16644]]}},{"type":"Feature","properties":{"nombre":"Avenida República de Chile","jerarquia":3},"geometry":{"type":"LineString","coordinates":[[-70.70175,-34.16644],[-70.70241,-34.16609]]}},{"type":"Feature","properties":{"nombre":"","jerarquia":4},"geometry":{"type":"LineString","coordinates":[[-70.71875,-34.16948],[-70.71889,-34.16936]]}},{"type":"Feature","properties":{"nombre":"Avenida Nueva Einstein","jerarquia":4},"geometry":{"type":"LineString","coordinates":[[-70.71672,-34.17311],[-70.71648,-34.17293]]}},{"type":"Feature","properties":{"nombre":"Avenida Nueva Einstein","jerarquia":4},"geometry":{"type":"LineString","coordinates":[[-70.71754,-34.17363],[-70.7172,-34.17342]]}},{"type":"Feature","properties":{"nombre":"Avenida Nueva Einstein","jerarquia":4},"geometry":{"type":"LineString","coordinates":[[-70.7172,-34.17342],[-70.71672,-34.17311]]}},{"type":"Feature","properties":{"nombre":"Avenida Circunvalación Poniente","jerarquia":5},"geometry":{"type":"LineString","coordinates":[[-70.77063,-34.17397],[-70.77021,-34.17351],[-70.76968,-34.17316]]}},{"type":"Feature","properties":{"nombre":"","jerarquia":3},"geometry":{"type":"LineString","coordinates":[[-70.72188,-34.18528],[-70.72216,-34.18492]]}},{"type":"Feature","properties":{"nombre":"Avenida Bombero Domingo Villalobos","jerarquia":3},"geometry":{"type":"LineString","coordinates":[[-70.71448,-34.17705],[-70.71366,-34.17609]]}},{"type":"Feature","properties":{"nombre":"Avenida Bombero Domingo Villalobos","jerarquia":3},"geometry":{"type":"LineString","coordinates":[[-70.71366,-34.17609],[-70.71315,-34.17549]]}},{"type":"Feature","properties":{"nombre":"Avenida Bombero Domingo Villalobos","jerarquia":3},"geometry":{"type":"LineString","coordinates":[[-70.71315,-34.17549],[-70.71278,-34.17506]]}},{"type":"Feature","properties":{"nombre":"Avenida Bombero Domingo Villalobos","jerarquia":3},"geometry":{"type":"LineString","coordinates":[[-70.71459,-34.17718],[-70.71448,-34.17705]]}},{"type":"Feature","properties":{"nombre":"Avenida República de Chile","jerarquia":3},"geometry":{"type":"LineString","coordinates":[[-70.72019,-34.15863],[-70.72148,-34.15828],[-70.72225,-34.15782],[-70.72303,-34.15752]]}},{"type":"Feature","properties":{"nombre":"Avenida República de Chile","jerarquia":3},"geometry":{"type":"LineString","coordinates":[[-70.72303,-34.15752],[-70.72317,-34.15747]]}},{"type":"Feature","properties":{"nombre":"Avenida República de Chile","jerarquia":3},"geometry":{"type":"LineString","coordinates":[[-70.72317,-34.15747],[-70.72463,-34.15691]]}},{"type":"Feature","properties":{"nombre":"Avenida La Compañía","jerarquia":3},"geometry":{"type":"LineString","coordinates":[[-70.71657,-34.16689],[-70.71648,-34.16682]]}},{"type":"Feature","properties":{"nombre":"Avenida La Compañía","jerarquia":3},"geometry":{"type":"LineString","coordinates":[[-70.71648,-34.16682],[-70.71635,-34.16668]]}},{"type":"Feature","properties":{"nombre":"Avenida La Compañía","jerarquia":3},"geometry":{"type":"LineString","coordinates":[[-70.71635,-34.16668],[-70.7157,-34.16594]]}},{"type":"Feature","properties":{"nombre":"Avenida La Compañía","jerarquia":3},"geometry":{"type":"LineString","coordinates":[[-70.7157,-34.16594],[-70.71564,-34.16588]]}},{"type":"Feature","properties":{"nombre":"Avenida La Compañía","jerarquia":3},"geometry":{"type":"LineString","coordinates":[[-70.71564,-34.16588],[-70.71519,-34.16539]]}},{"type":"Feature","properties":{"nombre":"Avenida Einstein","jerarquia":4},"geometry":{"type":"LineString","coordinates":[[-70.7207,-34.17656],[-70.72091,-34.1768]]}},{"type":"Feature","properties":{"nombre":"Avenida Einstein","jerarquia":4},"geometry":{"type":"LineString","coordinates":[[-70.7207,-34.17656],[-70.71956,-34.17526]]}},{"type":"Feature","properties":{"nombre":"Avenida Einstein","jerarquia":4},"geometry":{"type":"LineString","coordinates":[[-70.71956,-34.17526],[-70.71896,-34.17458]]}},{"type":"Feature","properties":{"nombre":"Avenida Einstein","jerarquia":4},"geometry":{"type":"LineString","coordinates":[[-70.71896,-34.17458],[-70.71874,-34.17433]]}},{"type":"Feature","properties":{"nombre":"Avenida Einstein","jerarquia":4},"geometry":{"type":"LineString","coordinates":[[-70.71874,-34.17433],[-70.71869,-34.17427]]}},{"type":"Feature","properties":{"nombre":"Avenida Miguel Ramírez","jerarquia":4},"geometry":{"type":"LineString","coordinates":[[-70.72673,-34.17228],[-70.72633,-34.17235]]}},{"type":"Feature","properties":{"nombre":"Avenida Miguel Ramírez","jerarquia":4},"geometry":{"type":"LineString","coordinates":[[-70.72633,-34.17235],[-70.72504,-34.17254]]}},{"type":"Feature","properties":{"nombre":"Avenida Miguel Ramírez","jerarquia":4},"geometry":{"type":"LineString","coordinates":[[-70.7269,-34.17227],[-70.72673,-34.17228]]}},{"type":"Feature","properties":{"nombre":"","jerarquia":4},"geometry":{"type":"LineString","coordinates":[[-70.72673,-34.17228],[-70.72661,-34.17224],[-70.72638,-34.17224]]}},{"type":"Feature","properties":{"nombre":"Avenida Miguel Ramírez","jerarquia":4},"geometry":{"type":"LineString","coordinates":[[-70.7234,-34.17269],[-70.72446,-34.17253]]}},{"type":"Feature","properties":{"nombre":"Avenida República de Chile","jerarquia":3},"geometry":{"type":"LineString","coordinates":[[-70.72758,-34.15616],[-70.72777,-34.15614]]}},{"type":"Feature","properties":{"nombre":"Avenida Camino del Recreo","jerarquia":5},"geometry":{"type":"LineString","coordinates":[[-70.73464,-34.14011],[-70.73462,-34.14003],[-70.73448,-34.13995]]}},{"type":"Feature","properties":{"nombre":"José Domingo Mujica","jerarquia":5},"geometry":{"type":"LineString","coordinates":[[-70.74167,-34.16784],[-70.74306,-34.16767]]}},{"type":"Feature","properties":{"nombre":"José Domingo Mujica","jerarquia":5},"geometry":{"type":"LineString","coordinates":[[-70.74306,-34.16767],[-70.74442,-34.16748]]}},{"type":"Feature","properties":{"nombre":"José Domingo Mujica","jerarquia":5},"geometry":{"type":"LineString","coordinates":[[-70.74442,-34.16748],[-70.74581,-34.16728]]}},{"type":"Feature","properties":{"nombre":"Avenida General José de San Martín","jerarquia":4},"geometry":{"type":"LineString","coordinates":[[-70.74581,-34.16728],[-70.74559,-34.16615]]}},{"type":"Feature","properties":{"nombre":"Avenida General José de San Martín","jerarquia":4},"geometry":{"type":"LineString","coordinates":[[-70.74559,-34.16615],[-70.74535,-34.16492]]}},{"type":"Feature","properties":{"nombre":"Avenida Capitán Antonio Millán","jerarquia":5},"geometry":{"type":"LineString","coordinates":[[-70.73629,-34.17584],[-70.73763,-34.1756]]}},{"type":"Feature","properties":{"nombre":"Avenida Capitán Antonio Millán","jerarquia":5},"geometry":{"type":"LineString","coordinates":[[-70.73763,-34.1756],[-70.73898,-34.17536]]}},{"type":"Feature","properties":{"nombre":"Avenida Capitán Ramón Freire","jerarquia":3},"geometry":{"type":"LineString","coordinates":[[-70.73603,-34.17445],[-70.73615,-34.17514]]}},{"type":"Feature","properties":{"nombre":"Avenida Capitán Ramón Freire","jerarquia":3},"geometry":{"type":"LineString","coordinates":[[-70.73615,-34.17514],[-70.73627,-34.17576]]}},{"type":"Feature","properties":{"nombre":"Avenida Capitán Ramón Freire","jerarquia":3},"geometry":{"type":"LineString","coordinates":[[-70.73627,-34.17576],[-70.73629,-34.17584]]}},{"type":"Feature","properties":{"nombre":"Avenida Capitán Ramón Freire","jerarquia":3},"geometry":{"type":"LineString","coordinates":[[-70.73551,-34.17194],[-70.73554,-34.17212]]}},{"type":"Feature","properties":{"nombre":"Avenida Capitán Ramón Freire","jerarquia":3},"geometry":{"type":"LineString","coordinates":[[-70.73554,-34.17212],[-70.73556,-34.17218]]}},{"type":"Feature","properties":{"nombre":"Avenida El Sol","jerarquia":5},"geometry":{"type":"LineString","coordinates":[[-70.70799,-34.15929],[-70.70755,-34.15958]]}},{"type":"Feature","properties":{"nombre":"Avenida El Sol","jerarquia":5},"geometry":{"type":"LineString","coordinates":[[-70.70755,-34.15958],[-70.70716,-34.15984]]}},{"type":"Feature","properties":{"nombre":"Avenida El Sol","jerarquia":5},"geometry":{"type":"LineString","coordinates":[[-70.70716,-34.15984],[-70.70677,-34.1601]]}},{"type":"Feature","properties":{"nombre":"Avenida El Sol","jerarquia":5},"geometry":{"type":"LineString","coordinates":[[-70.70677,-34.1601],[-70.70638,-34.16035]]}},{"type":"Feature","properties":{"nombre":"Avenida El Sol","jerarquia":5},"geometry":{"type":"LineString","coordinates":[[-70.70638,-34.16035],[-70.70598,-34.16062]]}},{"type":"Feature","properties":{"nombre":"Avenida El Sol","jerarquia":5},"geometry":{"type":"LineString","coordinates":[[-70.70598,-34.16062],[-70.70555,-34.1609]]}},{"type":"Feature","properties":{"nombre":"Avenida El Sol","jerarquia":5},"geometry":{"type":"LineString","coordinates":[[-70.70555,-34.1609],[-70.70484,-34.16138]]}},{"type":"Feature","properties":{"nombre":"Avenida República de Chile","jerarquia":3},"geometry":{"type":"LineString","coordinates":[[-70.7076,-34.16305],[-70.7067,-34.16367]]}},{"type":"Feature","properties":{"nombre":"Avenida República de Chile","jerarquia":3},"geometry":{"type":"LineString","coordinates":[[-70.7067,-34.16367],[-70.70581,-34.16428]]}},{"type":"Feature","properties":{"nombre":"Avenida República de Chile","jerarquia":3},"geometry":{"type":"LineString","coordinates":[[-70.71508,-34.16058],[-70.714,-34.16097]]}},{"type":"Feature","properties":{"nombre":"Avenida República de Chile","jerarquia":3},"geometry":{"type":"LineString","coordinates":[[-70.714,-34.16097],[-70.71388,-34.16101]]}},{"type":"Feature","properties":{"nombre":"Avenida República de Chile","jerarquia":3},"geometry":{"type":"LineString","coordinates":[[-70.71388,-34.16101],[-70.71214,-34.16165]]}},{"type":"Feature","properties":{"nombre":"Avenida República de Uruguay","jerarquia":4},"geometry":{"type":"LineString","coordinates":[[-70.70766,-34.16301],[-70.70812,-34.16351]]}},{"type":"Feature","properties":{"nombre":"Avenida República de Chile","jerarquia":3},"geometry":{"type":"LineString","coordinates":[[-70.71204,-34.16153],[-70.71368,-34.16092]]}},{"type":"Feature","properties":{"nombre":"Avenida República de Chile","jerarquia":3},"geometry":{"type":"LineString","coordinates":[[-70.71368,-34.16092],[-70.71381,-34.16087]]}},{"type":"Feature","properties":{"nombre":"Avenida República de Chile","jerarquia":3},"geometry":{"type":"LineString","coordinates":[[-70.71381,-34.16087],[-70.71563,-34.16022]]}},{"type":"Feature","properties":{"nombre":"Avenida República de Chile","jerarquia":3},"geometry":{"type":"LineString","coordinates":[[-70.71563,-34.16022],[-70.71722,-34.15966]]}},{"type":"Feature","properties":{"nombre":"Avenida República de Chile","jerarquia":3},"geometry":{"type":"LineString","coordinates":[[-70.71722,-34.15966],[-70.71768,-34.15949]]}},{"type":"Feature","properties":{"nombre":"Avenida República de Chile","jerarquia":3},"geometry":{"type":"LineString","coordinates":[[-70.71768,-34.15949],[-70.71808,-34.15936]]}},{"type":"Feature","properties":{"nombre":"Avenida República de Chile","jerarquia":3},"geometry":{"type":"LineString","coordinates":[[-70.71808,-34.15936],[-70.71919,-34.15895]]}},{"type":"Feature","properties":{"nombre":"Avenida República de Chile","jerarquia":3},"geometry":{"type":"LineString","coordinates":[[-70.71919,-34.15895],[-70.71958,-34.15881]]}},{"type":"Feature","properties":{"nombre":"Avenida República de Chile","jerarquia":3},"geometry":{"type":"LineString","coordinates":[[-70.71958,-34.15881],[-70.71981,-34.15873]]}},{"type":"Feature","properties":{"nombre":"Avenida República de Chile","jerarquia":3},"geometry":{"type":"LineString","coordinates":[[-70.71981,-34.15873],[-70.7199,-34.1587]]}},{"type":"Feature","properties":{"nombre":"Avenida República de Chile","jerarquia":3},"geometry":{"type":"LineString","coordinates":[[-70.71127,-34.16183],[-70.71156,-34.16172]]}},{"type":"Feature","properties":{"nombre":"Avenida República de Chile","jerarquia":3},"geometry":{"type":"LineString","coordinates":[[-70.71156,-34.16172],[-70.71168,-34.16167]]}},{"type":"Feature","properties":{"nombre":"","jerarquia":5},"geometry":{"type":"LineString","coordinates":[[-70.66979,-34.18491],[-70.66971,-34.18499]]}},{"type":"Feature","properties":{"nombre":"Avenida Monseñor Escrivá de Balaguer","jerarquia":4},"geometry":{"type":"LineString","coordinates":[[-70.67917,-34.19064],[-70.67786,-34.19179]]}},{"type":"Feature","properties":{"nombre":"Avenida Madero","jerarquia":5},"geometry":{"type":"LineString","coordinates":[[-70.67908,-34.19057],[-70.67917,-34.19064]]}},{"type":"Feature","properties":{"nombre":"Avenida Monseñor Escrivá de Balaguer","jerarquia":4},"geometry":{"type":"LineString","coordinates":[[-70.67928,-34.19052],[-70.67923,-34.19057]]}},{"type":"Feature","properties":{"nombre":"Avenida Monseñor Escrivá de Balaguer","jerarquia":4},"geometry":{"type":"LineString","coordinates":[[-70.67923,-34.19057],[-70.67917,-34.19064]]}},{"type":"Feature","properties":{"nombre":"Avenida Monseñor Escrivá de Balaguer","jerarquia":4},"geometry":{"type":"LineString","coordinates":[[-70.68383,-34.18663],[-70.67928,-34.19052]]}},{"type":"Feature","properties":{"nombre":"Avenida Monseñor Escrivá de Balaguer","jerarquia":4},"geometry":{"type":"LineString","coordinates":[[-70.68942,-34.18191],[-70.68957,-34.18166]]}},{"type":"Feature","properties":{"nombre":"Avenida Monseñor Escrivá de Balaguer","jerarquia":3},"geometry":{"type":"LineString","coordinates":[[-70.69573,-34.17639],[-70.69581,-34.17627]]}},{"type":"Feature","properties":{"nombre":"Avenida Libertador Bernardo O'Higgins","jerarquia":3},"geometry":{"type":"LineString","coordinates":[[-70.72886,-34.16689],[-70.72895,-34.16687]]}},{"type":"Feature","properties":{"nombre":"Avenida Libertador Bernardo O'Higgins","jerarquia":3},"geometry":{"type":"LineString","coordinates":[[-70.72895,-34.16687],[-70.73009,-34.16668]]}},{"type":"Feature","properties":{"nombre":"Avenida Libertador Bernardo O'Higgins","jerarquia":3},"geometry":{"type":"LineString","coordinates":[[-70.73009,-34.16668],[-70.73022,-34.16666]]}},{"type":"Feature","properties":{"nombre":"Avenida Libertador Bernardo O'Higgins","jerarquia":3},"geometry":{"type":"LineString","coordinates":[[-70.71699,-34.16911],[-70.71729,-34.1688]]}},{"type":"Feature","properties":{"nombre":"Avenida Libertador Bernardo O'Higgins","jerarquia":3},"geometry":{"type":"LineString","coordinates":[[-70.71729,-34.1688],[-70.71755,-34.16859]]}},{"type":"Feature","properties":{"nombre":"Avenida Libertador Bernardo O'Higgins","jerarquia":3},"geometry":{"type":"LineString","coordinates":[[-70.71254,-34.1746],[-70.71308,-34.17438],[-70.71345,-34.17407]]}},{"type":"Feature","properties":{"nombre":"Eusebio Lillo","jerarquia":5},"geometry":{"type":"LineString","coordinates":[[-70.73129,-34.1834],[-70.73142,-34.18361]]}},{"type":"Feature","properties":{"nombre":"Eusebio Lillo","jerarquia":5},"geometry":{"type":"LineString","coordinates":[[-70.73146,-34.18385],[-70.73119,-34.18345]]}},{"type":"Feature","properties":{"nombre":"Eusebio Lillo","jerarquia":5},"geometry":{"type":"LineString","coordinates":[[-70.73142,-34.18361],[-70.73146,-34.18385]]}},{"type":"Feature","properties":{"nombre":"Eusebio Lillo","jerarquia":5},"geometry":{"type":"LineString","coordinates":[[-70.73166,-34.18422],[-70.73156,-34.18401]]}},{"type":"Feature","properties":{"nombre":"Eusebio Lillo","jerarquia":5},"geometry":{"type":"LineString","coordinates":[[-70.73156,-34.18401],[-70.73146,-34.18385]]}},{"type":"Feature","properties":{"nombre":"Ruta Travesía","jerarquia":2},"geometry":{"type":"LineString","coordinates":[[-70.7448,-34.18749],[-70.74534,-34.18774],[-70.74942,-34.18926]]}},{"type":"Feature","properties":{"nombre":"Ruta Travesía","jerarquia":2},"geometry":{"type":"LineString","coordinates":[[-70.73769,-34.18231],[-70.74284,-34.18613]]}},{"type":"Feature","properties":{"nombre":"Ruta Travesía","jerarquia":2},"geometry":{"type":"LineString","coordinates":[[-70.73314,-34.17893],[-70.73519,-34.18044]]}},{"type":"Feature","properties":{"nombre":"Ruta Travesía","jerarquia":2},"geometry":{"type":"LineString","coordinates":[[-70.72791,-34.15851],[-70.72758,-34.16313]]}},{"type":"Feature","properties":{"nombre":"Avenida República de Chile","jerarquia":3},"geometry":{"type":"LineString","coordinates":[[-70.72463,-34.15691],[-70.72555,-34.15656]]}},{"type":"Feature","properties":{"nombre":"Avenida República de Chile","jerarquia":3},"geometry":{"type":"LineString","coordinates":[[-70.72555,-34.15656],[-70.72614,-34.15636],[-70.72661,-34.15626]]}},{"type":"Feature","properties":{"nombre":"Avenida República de Chile","jerarquia":3},"geometry":{"type":"LineString","coordinates":[[-70.72777,-34.15628],[-70.72774,-34.15629]]}},{"type":"Feature","properties":{"nombre":"Avenida República de Chile","jerarquia":3},"geometry":{"type":"LineString","coordinates":[[-70.72774,-34.15629],[-70.72757,-34.15631]]}},{"type":"Feature","properties":{"nombre":"Avenida República de Chile","jerarquia":3},"geometry":{"type":"LineString","coordinates":[[-70.72757,-34.15631],[-70.72656,-34.15645],[-70.7257,-34.15669]]}},{"type":"Feature","properties":{"nombre":"Avenida República de Chile","jerarquia":3},"geometry":{"type":"LineString","coordinates":[[-70.7257,-34.15669],[-70.72466,-34.1571]]}},{"type":"Feature","properties":{"nombre":"Avenida República de Chile","jerarquia":3},"geometry":{"type":"LineString","coordinates":[[-70.72891,-34.15601],[-70.72984,-34.1559]]}},{"type":"Feature","properties":{"nombre":"Avenida República de Chile","jerarquia":3},"geometry":{"type":"LineString","coordinates":[[-70.72984,-34.1559],[-70.73063,-34.1558]]}},{"type":"Feature","properties":{"nombre":"Avenida República de Chile","jerarquia":3},"geometry":{"type":"LineString","coordinates":[[-70.73063,-34.1558],[-70.73115,-34.15574]]}},{"type":"Feature","properties":{"nombre":"Avenida República de Chile","jerarquia":3},"geometry":{"type":"LineString","coordinates":[[-70.73115,-34.15574],[-70.73138,-34.15571]]}},{"type":"Feature","properties":{"nombre":"Avenida República de Chile","jerarquia":3},"geometry":{"type":"LineString","coordinates":[[-70.73138,-34.15571],[-70.73151,-34.1557]]}},{"type":"Feature","properties":{"nombre":"Avenida República de Chile","jerarquia":3},"geometry":{"type":"LineString","coordinates":[[-70.73151,-34.1557],[-70.73187,-34.15566]]}},{"type":"Feature","properties":{"nombre":"Avenida Membrillar","jerarquia":4},"geometry":{"type":"LineString","coordinates":[[-70.73361,-34.17121],[-70.73511,-34.17099]]}},{"type":"Feature","properties":{"nombre":"Avenida Membrillar","jerarquia":4},"geometry":{"type":"LineString","coordinates":[[-70.73511,-34.17099],[-70.73519,-34.17098]]}},{"type":"Feature","properties":{"nombre":"Avenida Membrillar","jerarquia":4},"geometry":{"type":"LineString","coordinates":[[-70.73372,-34.17129],[-70.73298,-34.1714]]}},{"type":"Feature","properties":{"nombre":"Avenida Membrillar","jerarquia":4},"geometry":{"type":"LineString","coordinates":[[-70.73213,-34.17143],[-70.73361,-34.17121]]}},{"type":"Feature","properties":{"nombre":"Calle Capitan Garay","jerarquia":5},"geometry":{"type":"LineString","coordinates":[[-70.7304,-34.17168],[-70.73034,-34.17179]]}},{"type":"Feature","properties":{"nombre":"Avenida Membrillar","jerarquia":4},"geometry":{"type":"LineString","coordinates":[[-70.73215,-34.17152],[-70.73198,-34.17155]]}},{"type":"Feature","properties":{"nombre":"Avenida Membrillar","jerarquia":4},"geometry":{"type":"LineString","coordinates":[[-70.73198,-34.17155],[-70.73176,-34.17158]]}},{"type":"Feature","properties":{"nombre":"Avenida Membrillar","jerarquia":4},"geometry":{"type":"LineString","coordinates":[[-70.73081,-34.17162],[-70.73145,-34.17152]]}},{"type":"Feature","properties":{"nombre":"Avenida Membrillar","jerarquia":4},"geometry":{"type":"LineString","coordinates":[[-70.73145,-34.17152],[-70.73178,-34.17148]]}},{"type":"Feature","properties":{"nombre":"Avenida Javiera Carrera","jerarquia":4},"geometry":{"type":"LineString","coordinates":[[-70.72801,-34.18522],[-70.7276,-34.18548]]}},{"type":"Feature","properties":{"nombre":"Avenida Javiera Carrera","jerarquia":4},"geometry":{"type":"LineString","coordinates":[[-70.7276,-34.18548],[-70.72755,-34.1855]]}},{"type":"Feature","properties":{"nombre":"Avenida Javiera Carrera","jerarquia":4},"geometry":{"type":"LineString","coordinates":[[-70.72743,-34.18559],[-70.72734,-34.18565]]}},{"type":"Feature","properties":{"nombre":"Avenida Javiera Carrera","jerarquia":4},"geometry":{"type":"LineString","coordinates":[[-70.72734,-34.18565],[-70.72687,-34.186]]}},{"type":"Feature","properties":{"nombre":"Avenida Javiera Carrera","jerarquia":4},"geometry":{"type":"LineString","coordinates":[[-70.72687,-34.186],[-70.72669,-34.18637],[-70.72641,-34.18668],[-70.72502,-34.18754]]}},{"type":"Feature","properties":{"nombre":"Avenida Javiera Carrera","jerarquia":4},"geometry":{"type":"LineString","coordinates":[[-70.72502,-34.18754],[-70.72383,-34.18823]]}},{"type":"Feature","properties":{"nombre":"Avenida Javiera Carrera","jerarquia":4},"geometry":{"type":"LineString","coordinates":[[-70.72383,-34.18823],[-70.72368,-34.18832]]}},{"type":"Feature","properties":{"nombre":"Carretera Presidente Eduardo Frei Montalva","jerarquia":3},"geometry":{"type":"LineString","coordinates":[[-70.72622,-34.18298],[-70.72592,-34.18315]]}},{"type":"Feature","properties":{"nombre":"Carretera Presidente Eduardo Frei Montalva","jerarquia":3},"geometry":{"type":"LineString","coordinates":[[-70.72592,-34.18315],[-70.72582,-34.1832]]}},{"type":"Feature","properties":{"nombre":"Carretera Presidente Eduardo Frei Montalva","jerarquia":3},"geometry":{"type":"LineString","coordinates":[[-70.72963,-34.18105],[-70.72761,-34.18221]]}},{"type":"Feature","properties":{"nombre":"Carretera Presidente Eduardo Frei Montalva","jerarquia":3},"geometry":{"type":"LineString","coordinates":[[-70.72761,-34.18221],[-70.72622,-34.18298]]}},{"type":"Feature","properties":{"nombre":"Carretera Presidente Eduardo Frei Montalva","jerarquia":3},"geometry":{"type":"LineString","coordinates":[[-70.73032,-34.18065],[-70.72995,-34.18086]]}},{"type":"Feature","properties":{"nombre":"Carretera Presidente Eduardo Frei Montalva","jerarquia":3},"geometry":{"type":"LineString","coordinates":[[-70.72995,-34.18086],[-70.72976,-34.18097]]}},{"type":"Feature","properties":{"nombre":"Carretera Presidente Eduardo Frei Montalva","jerarquia":3},"geometry":{"type":"LineString","coordinates":[[-70.72976,-34.18097],[-70.72971,-34.181]]}},{"type":"Feature","properties":{"nombre":"Carretera Presidente Eduardo Frei Montalva","jerarquia":3},"geometry":{"type":"LineString","coordinates":[[-70.7324,-34.17933],[-70.73104,-34.18024],[-70.73032,-34.18065]]}},{"type":"Feature","properties":{"nombre":"Manuel Montt","jerarquia":3},"geometry":{"type":"LineString","coordinates":[[-70.73497,-34.18053],[-70.73402,-34.17986],[-70.73303,-34.1793],[-70.73274,-34.17924],[-70.7324,-34.17933]]}},{"type":"Feature","properties":{"nombre":"Teniente Coronel José Bernardo Cuevas","jerarquia":4},"geometry":{"type":"LineString","coordinates":[[-70.74717,-34.16823],[-70.74734,-34.1683]]}},{"type":"Feature","properties":{"nombre":"Teniente Coronel José Bernardo Cuevas","jerarquia":5},"geometry":{"type":"LineString","coordinates":[[-70.7473,-34.16811],[-70.74717,-34.16823]]}},{"type":"Feature","properties":{"nombre":"Avenida Miguel Ramírez","jerarquia":4},"geometry":{"type":"LineString","coordinates":[[-70.7189,-34.17356],[-70.71823,-34.17368]]}},{"type":"Feature","properties":{"nombre":"Avenida Miguel Ramírez","jerarquia":4},"geometry":{"type":"LineString","coordinates":[[-70.71823,-34.17368],[-70.71814,-34.1737]]}},{"type":"Feature","properties":{"nombre":"Avenida Miguel Ramírez","jerarquia":4},"geometry":{"type":"LineString","coordinates":[[-70.72228,-34.17296],[-70.72068,-34.17325]]}},{"type":"Feature","properties":{"nombre":"Avenida Miguel Ramírez","jerarquia":4},"geometry":{"type":"LineString","coordinates":[[-70.72068,-34.17325],[-70.7189,-34.17356]]}},{"type":"Feature","properties":{"nombre":"Avenida Miguel Ramírez","jerarquia":4},"geometry":{"type":"LineString","coordinates":[[-70.72242,-34.17293],[-70.72228,-34.17296]]}},{"type":"Feature","properties":{"nombre":"Avenida Miguel Ramírez","jerarquia":4},"geometry":{"type":"LineString","coordinates":[[-70.72293,-34.17285],[-70.72254,-34.17291]]}},{"type":"Feature","properties":{"nombre":"Avenida Miguel Ramírez","jerarquia":4},"geometry":{"type":"LineString","coordinates":[[-70.72254,-34.17291],[-70.72242,-34.17293]]}},{"type":"Feature","properties":{"nombre":"Avenida Miguel Ramírez","jerarquia":4},"geometry":{"type":"LineString","coordinates":[[-70.72504,-34.17254],[-70.72452,-34.17262]]}},{"type":"Feature","properties":{"nombre":"Avenida Miguel Ramírez","jerarquia":4},"geometry":{"type":"LineString","coordinates":[[-70.72452,-34.17262],[-70.72405,-34.17269]]}},{"type":"Feature","properties":{"nombre":"Avenida Miguel Ramírez","jerarquia":4},"geometry":{"type":"LineString","coordinates":[[-70.72405,-34.17269],[-70.72293,-34.17285]]}},{"type":"Feature","properties":{"nombre":"Avenida Libertador Bernardo O'Higgins","jerarquia":3},"geometry":{"type":"LineString","coordinates":[[-70.71543,-34.17184],[-70.71541,-34.17187]]}},{"type":"Feature","properties":{"nombre":"Avenida Miguel Ramírez","jerarquia":4},"geometry":{"type":"LineString","coordinates":[[-70.71461,-34.17425],[-70.71521,-34.17414]]}},{"type":"Feature","properties":{"nombre":"Avenida Miguel Ramírez","jerarquia":4},"geometry":{"type":"LineString","coordinates":[[-70.71521,-34.17414],[-70.71633,-34.17393]]}},{"type":"Feature","properties":{"nombre":"Avenida Miguel Ramírez","jerarquia":3},"geometry":{"type":"LineString","coordinates":[[-70.71254,-34.1746],[-70.71311,-34.17452]]}},{"type":"Feature","properties":{"nombre":"Avenida Miguel Ramírez","jerarquia":3},"geometry":{"type":"LineString","coordinates":[[-70.71311,-34.17452],[-70.71343,-34.17447]]}},{"type":"Feature","properties":{"nombre":"Avenida Miguel Ramírez","jerarquia":3},"geometry":{"type":"LineString","coordinates":[[-70.71343,-34.17447],[-70.71352,-34.17445]]}},{"type":"Feature","properties":{"nombre":"Avenida Miguel Ramírez","jerarquia":3},"geometry":{"type":"LineString","coordinates":[[-70.71197,-34.17467],[-70.71242,-34.17462]]}},{"type":"Feature","properties":{"nombre":"Avenida Miguel Ramírez","jerarquia":3},"geometry":{"type":"LineString","coordinates":[[-70.70998,-34.17484],[-70.71025,-34.17482]]}},{"type":"Feature","properties":{"nombre":"Avenida Miguel Ramírez","jerarquia":3},"geometry":{"type":"LineString","coordinates":[[-70.71025,-34.17482],[-70.71197,-34.17467]]}},{"type":"Feature","properties":{"nombre":"","jerarquia":3},"geometry":{"type":"LineString","coordinates":[[-70.70984,-34.17497],[-70.70949,-34.17491]]}},{"type":"Feature","properties":{"nombre":"","jerarquia":3},"geometry":{"type":"LineString","coordinates":[[-70.70949,-34.17491],[-70.70935,-34.17489]]}},{"type":"Feature","properties":{"nombre":"Avenida Central Santiago Benadava Cattan","jerarquia":5},"geometry":{"type":"LineString","coordinates":[[-70.71033,-34.17492],[-70.71025,-34.17482]]}},{"type":"Feature","properties":{"nombre":"Avenida Miguel Ramírez","jerarquia":3},"geometry":{"type":"LineString","coordinates":[[-70.71195,-34.17477],[-70.71033,-34.17492]]}},{"type":"Feature","properties":{"nombre":"Avenida Miguel Ramírez","jerarquia":4},"geometry":{"type":"LineString","coordinates":[[-70.71377,-34.1745],[-70.71343,-34.17455]]}},{"type":"Feature","properties":{"nombre":"Avenida Miguel Ramírez","jerarquia":3},"geometry":{"type":"LineString","coordinates":[[-70.71343,-34.17455],[-70.71336,-34.17456]]}},{"type":"Feature","properties":{"nombre":"Avenida Miguel Ramírez","jerarquia":3},"geometry":{"type":"LineString","coordinates":[[-70.71336,-34.17456],[-70.71263,-34.17469]]}},{"type":"Feature","properties":{"nombre":"Diego de Almagro","jerarquia":3},"geometry":{"type":"LineString","coordinates":[[-70.74656,-34.18784],[-70.74705,-34.18801]]}},{"type":"Feature","properties":{"nombre":"Avenida Salvador Allende Gossens","jerarquia":3},"geometry":{"type":"LineString","coordinates":[[-70.77166,-34.16468],[-70.77159,-34.16453]]}},{"type":"Feature","properties":{"nombre":"Avenida Salvador Allende Gossens","jerarquia":3},"geometry":{"type":"LineString","coordinates":[[-70.77159,-34.16453],[-70.77154,-34.16441]]}},{"type":"Feature","properties":{"nombre":"Avenida Salvador Allende Gossens","jerarquia":3},"geometry":{"type":"LineString","coordinates":[[-70.77154,-34.16441],[-70.7708,-34.16275],[-70.77045,-34.1618],[-70.77026,-34.16094]]}},{"type":"Feature","properties":{"nombre":"Avenida Salvador Allende Gossens","jerarquia":3},"geometry":{"type":"LineString","coordinates":[[-70.77026,-34.16094],[-70.7686,-34.15662]]}},{"type":"Feature","properties":{"nombre":"Carretera Presidente Eduardo Frei Montalva","jerarquia":3},"geometry":{"type":"LineString","coordinates":[[-70.7167,-34.18813],[-70.7175,-34.1878]]}},{"type":"Feature","properties":{"nombre":"Carretera Presidente Eduardo Frei Montalva","jerarquia":3},"geometry":{"type":"LineString","coordinates":[[-70.71926,-34.1868],[-70.72037,-34.18616]]}},{"type":"Feature","properties":{"nombre":"Avenida San Joaquín Sur","jerarquia":5},"geometry":{"type":"LineString","coordinates":[[-70.71688,-34.18838],[-70.71685,-34.18834]]}},{"type":"Feature","properties":{"nombre":"Avenida Bombero Domingo Villalobos","jerarquia":3},"geometry":{"type":"LineString","coordinates":[[-70.71941,-34.18263],[-70.71955,-34.1828]]}},{"type":"Feature","properties":{"nombre":"Avenida Bombero Domingo Villalobos","jerarquia":3},"geometry":{"type":"LineString","coordinates":[[-70.71955,-34.1828],[-70.72036,-34.18378]]}},{"type":"Feature","properties":{"nombre":"Avenida Bombero Domingo Villalobos","jerarquia":3},"geometry":{"type":"LineString","coordinates":[[-70.72036,-34.18378],[-70.72077,-34.18429]]}},{"type":"Feature","properties":{"nombre":"San Joaquín","jerarquia":5},"geometry":{"type":"LineString","coordinates":[[-70.70965,-34.18053],[-70.70931,-34.18015]]}},{"type":"Feature","properties":{"nombre":"San Joaquín","jerarquia":5},"geometry":{"type":"LineString","coordinates":[[-70.7101,-34.18095],[-70.71002,-34.1809]]}},{"type":"Feature","properties":{"nombre":"San Joaquín","jerarquia":5},"geometry":{"type":"LineString","coordinates":[[-70.71002,-34.1809],[-70.70997,-34.18086]]}},{"type":"Feature","properties":{"nombre":"Héctor Zamorano","jerarquia":5},"geometry":{"type":"LineString","coordinates":[[-70.71026,-34.18078],[-70.71146,-34.18015]]}},{"type":"Feature","properties":{"nombre":"Héctor Zamorano","jerarquia":5},"geometry":{"type":"LineString","coordinates":[[-70.71146,-34.18015],[-70.71221,-34.17973]]}},{"type":"Feature","properties":{"nombre":"Héctor Zamorano","jerarquia":5},"geometry":{"type":"LineString","coordinates":[[-70.71221,-34.17973],[-70.71265,-34.17949]]}},{"type":"Feature","properties":{"nombre":"Avenida Bombero Domingo Villalobos","jerarquia":3},"geometry":{"type":"LineString","coordinates":[[-70.71967,-34.18312],[-70.71945,-34.18286]]}},{"type":"Feature","properties":{"nombre":"Avenida Bombero Domingo Villalobos","jerarquia":3},"geometry":{"type":"LineString","coordinates":[[-70.72158,-34.18539],[-70.7212,-34.18495]]}},{"type":"Feature","properties":{"nombre":"Avenida Bombero Domingo Villalobos","jerarquia":3},"geometry":{"type":"LineString","coordinates":[[-70.7212,-34.18495],[-70.72077,-34.18443]]}},{"type":"Feature","properties":{"nombre":"Avenida Bombero Domingo Villalobos","jerarquia":3},"geometry":{"type":"LineString","coordinates":[[-70.72077,-34.18443],[-70.72045,-34.18405]]}},{"type":"Feature","properties":{"nombre":"César Jiménez","jerarquia":5},"geometry":{"type":"LineString","coordinates":[[-70.71955,-34.1828],[-70.71945,-34.18286]]}},{"type":"Feature","properties":{"nombre":"César Jiménez","jerarquia":5},"geometry":{"type":"LineString","coordinates":[[-70.71945,-34.18286],[-70.71861,-34.18334],[-70.71843,-34.18335],[-70.71811,-34.18328]]}},{"type":"Feature","properties":{"nombre":"César Jiménez","jerarquia":5},"geometry":{"type":"LineString","coordinates":[[-70.71811,-34.18328],[-70.71763,-34.1832],[-70.71723,-34.18342]]}},{"type":"Feature","properties":{"nombre":"Calle San Rafael","jerarquia":5},"geometry":{"type":"LineString","coordinates":[[-70.75604,-34.16167],[-70.75596,-34.16145]]}},{"type":"Feature","properties":{"nombre":"Florencia","jerarquia":5},"geometry":{"type":"LineString","coordinates":[[-70.76944,-34.18165],[-70.76936,-34.18174]]}},{"type":"Feature","properties":{"nombre":"Florencia","jerarquia":5},"geometry":{"type":"LineString","coordinates":[[-70.76936,-34.18174],[-70.76929,-34.18178]]}},{"type":"Feature","properties":{"nombre":"Los Mirlos","jerarquia":5},"geometry":{"type":"LineString","coordinates":[[-70.75929,-34.1622],[-70.75925,-34.16197]]}},{"type":"Feature","properties":{"nombre":"Los Mirlos","jerarquia":5},"geometry":{"type":"LineString","coordinates":[[-70.75925,-34.16197],[-70.75922,-34.16182]]}},{"type":"Feature","properties":{"nombre":"Los Mirlos","jerarquia":5},"geometry":{"type":"LineString","coordinates":[[-70.75922,-34.16182],[-70.75918,-34.16162]]}},{"type":"Feature","properties":{"nombre":"Los Mirlos","jerarquia":5},"geometry":{"type":"LineString","coordinates":[[-70.75918,-34.16162],[-70.75916,-34.16152]]}},{"type":"Feature","properties":{"nombre":"Los Mirlos","jerarquia":5},"geometry":{"type":"LineString","coordinates":[[-70.75916,-34.16152],[-70.7591,-34.16125]]}},{"type":"Feature","properties":{"nombre":"Los Mirlos","jerarquia":5},"geometry":{"type":"LineString","coordinates":[[-70.7591,-34.16125],[-70.75909,-34.1612]]}},{"type":"Feature","properties":{"nombre":"Los Mirlos","jerarquia":5},"geometry":{"type":"LineString","coordinates":[[-70.75909,-34.1612],[-70.75902,-34.16085]]}},{"type":"Feature","properties":{"nombre":"Los Mirlos","jerarquia":5},"geometry":{"type":"LineString","coordinates":[[-70.75902,-34.16085],[-70.75891,-34.16037]]}},{"type":"Feature","properties":{"nombre":"Avenida Provincial","jerarquia":5},"geometry":{"type":"LineString","coordinates":[[-70.75923,-34.16739],[-70.75907,-34.16689]]}},{"type":"Feature","properties":{"nombre":"Avenida Provincial","jerarquia":5},"geometry":{"type":"LineString","coordinates":[[-70.75907,-34.16689],[-70.75896,-34.16651]]}},{"type":"Feature","properties":{"nombre":"Avenida Provincial","jerarquia":5},"geometry":{"type":"LineString","coordinates":[[-70.75896,-34.16651],[-70.75884,-34.16611]]}},{"type":"Feature","properties":{"nombre":"Avenida Provincial","jerarquia":5},"geometry":{"type":"LineString","coordinates":[[-70.75884,-34.16611],[-70.75871,-34.16573]]}},{"type":"Feature","properties":{"nombre":"Avenida Provincial","jerarquia":5},"geometry":{"type":"LineString","coordinates":[[-70.75871,-34.16573],[-70.75858,-34.16524]]}},{"type":"Feature","properties":{"nombre":"Avenida Circunvalación Poniente","jerarquia":5},"geometry":{"type":"LineString","coordinates":[[-70.76828,-34.17153],[-70.7679,-34.17105]]}},{"type":"Feature","properties":{"nombre":"Avenida Circunvalación Poniente","jerarquia":5},"geometry":{"type":"LineString","coordinates":[[-70.7679,-34.17105],[-70.76766,-34.17075]]}},{"type":"Feature","properties":{"nombre":"Avenida Circunvalación Poniente","jerarquia":5},"geometry":{"type":"LineString","coordinates":[[-70.76766,-34.17075],[-70.7674,-34.17043]]}},{"type":"Feature","properties":{"nombre":"Avenida España","jerarquia":3},"geometry":{"type":"LineString","coordinates":[[-70.74511,-34.16346],[-70.74531,-34.16439]]}},{"type":"Feature","properties":{"nombre":"Avenida España","jerarquia":3},"geometry":{"type":"LineString","coordinates":[[-70.74531,-34.16439],[-70.74533,-34.1645]]}},{"type":"Feature","properties":{"nombre":"","jerarquia":5},"geometry":{"type":"LineString","coordinates":[[-70.74558,-34.15397],[-70.74567,-34.15406],[-70.74564,-34.15415]]}},{"type":"Feature","properties":{"nombre":"Avenida República de Chile","jerarquia":5},"geometry":{"type":"LineString","coordinates":[[-70.74388,-34.15421],[-70.74393,-34.15421]]}},{"type":"Feature","properties":{"nombre":"Avenida República de Chile","jerarquia":5},"geometry":{"type":"LineString","coordinates":[[-70.74393,-34.15421],[-70.74462,-34.15411]]}},{"type":"Feature","properties":{"nombre":"Avenida Circunvalación Poniente","jerarquia":5},"geometry":{"type":"LineString","coordinates":[[-70.77449,-34.17901],[-70.77397,-34.17838]]}},{"type":"Feature","properties":{"nombre":"Avenida Circunvalación Poniente","jerarquia":5},"geometry":{"type":"LineString","coordinates":[[-70.77397,-34.17838],[-70.77367,-34.17801]]}},{"type":"Feature","properties":{"nombre":"Avenida Circunvalación Poniente","jerarquia":5},"geometry":{"type":"LineString","coordinates":[[-70.77389,-34.17791],[-70.77473,-34.17892]]}},{"type":"Feature","properties":{"nombre":"Avenida Circunvalación Poniente","jerarquia":5},"geometry":{"type":"LineString","coordinates":[[-70.7718,-34.17528],[-70.77068,-34.17403]]}},{"type":"Feature","properties":{"nombre":"Avenida Circunvalación Poniente","jerarquia":5},"geometry":{"type":"LineString","coordinates":[[-70.77068,-34.17403],[-70.77063,-34.17397]]}},{"type":"Feature","properties":{"nombre":"Avenida Bolivia","jerarquia":5},"geometry":{"type":"LineString","coordinates":[[-70.76104,-34.182],[-70.76053,-34.18118]]}},{"type":"Feature","properties":{"nombre":"Avenida Bolivia","jerarquia":5},"geometry":{"type":"LineString","coordinates":[[-70.76039,-34.18078],[-70.76062,-34.18115]]}},{"type":"Feature","properties":{"nombre":"Avenida España","jerarquia":3},"geometry":{"type":"LineString","coordinates":[[-70.74328,-34.15429],[-70.74331,-34.15445]]}},{"type":"Feature","properties":{"nombre":"Avenida República de Chile","jerarquia":5},"geometry":{"type":"LineString","coordinates":[[-70.74328,-34.15429],[-70.74342,-34.15427]]}},{"type":"Feature","properties":{"nombre":"","jerarquia":3},"geometry":{"type":"LineString","coordinates":[[-70.73319,-34.16071],[-70.73312,-34.16085],[-70.73304,-34.16089]]}},{"type":"Feature","properties":{"nombre":"Avenida España","jerarquia":3},"geometry":{"type":"LineString","coordinates":[[-70.74498,-34.16291],[-70.74499,-34.16298]]}},{"type":"Feature","properties":{"nombre":"Avenida Illanes","jerarquia":3},"geometry":{"type":"LineString","coordinates":[[-70.73326,-34.16106],[-70.73335,-34.16145]]}},{"type":"Feature","properties":{"nombre":"Avenida Illanes","jerarquia":3},"geometry":{"type":"LineString","coordinates":[[-70.73335,-34.16145],[-70.73339,-34.16165]]}},{"type":"Feature","properties":{"nombre":"Avenida Illanes","jerarquia":3},"geometry":{"type":"LineString","coordinates":[[-70.73367,-34.16343],[-70.73351,-34.16281]]}},{"type":"Feature","properties":{"nombre":"Avenida Illanes","jerarquia":3},"geometry":{"type":"LineString","coordinates":[[-70.73351,-34.16281],[-70.73336,-34.16219]]}},{"type":"Feature","properties":{"nombre":"Avenida Illanes","jerarquia":3},"geometry":{"type":"LineString","coordinates":[[-70.73336,-34.16219],[-70.73321,-34.16157]]}},{"type":"Feature","properties":{"nombre":"Avenida Illanes","jerarquia":3},"geometry":{"type":"LineString","coordinates":[[-70.73391,-34.16405],[-70.73411,-34.1649]]}},{"type":"Feature","properties":{"nombre":"Avenida Illanes","jerarquia":3},"geometry":{"type":"LineString","coordinates":[[-70.73411,-34.1649],[-70.73421,-34.16531]]}},{"type":"Feature","properties":{"nombre":"Avenida Illanes","jerarquia":3},"geometry":{"type":"LineString","coordinates":[[-70.73421,-34.16531],[-70.73437,-34.16604]]}},{"type":"Feature","properties":{"nombre":"Avenida Illanes","jerarquia":3},"geometry":{"type":"LineString","coordinates":[[-70.73437,-34.16604],[-70.73438,-34.1661]]}},{"type":"Feature","properties":{"nombre":"Avenida Illanes","jerarquia":3},"geometry":{"type":"LineString","coordinates":[[-70.73429,-34.16611],[-70.73396,-34.16468]]}},{"type":"Feature","properties":{"nombre":"Avenida Capitán Ramón Freire","jerarquia":3},"geometry":{"type":"LineString","coordinates":[[-70.73445,-34.16647],[-70.73466,-34.1676]]}},{"type":"Feature","properties":{"nombre":"Avenida Capitán Ramón Freire","jerarquia":3},"geometry":{"type":"LineString","coordinates":[[-70.73466,-34.1676],[-70.73467,-34.16766]]}},{"type":"Feature","properties":{"nombre":"Avenida Libertador Bernardo O'Higgins","jerarquia":3},"geometry":{"type":"LineString","coordinates":[[-70.73435,-34.16648],[-70.73317,-34.16663]]}},{"type":"Feature","properties":{"nombre":"Avenida Libertador Bernardo O'Higgins","jerarquia":3},"geometry":{"type":"LineString","coordinates":[[-70.73317,-34.16663],[-70.73214,-34.16677]]}},{"type":"Feature","properties":{"nombre":"Avenida Libertador Bernardo O'Higgins","jerarquia":3},"geometry":{"type":"LineString","coordinates":[[-70.73214,-34.16677],[-70.73164,-34.16683]]}},{"type":"Feature","properties":{"nombre":"Avenida Libertador Bernardo O'Higgins","jerarquia":3},"geometry":{"type":"LineString","coordinates":[[-70.73164,-34.16683],[-70.73102,-34.16691]]}},{"type":"Feature","properties":{"nombre":"Avenida Libertador Bernardo O'Higgins","jerarquia":3},"geometry":{"type":"LineString","coordinates":[[-70.73102,-34.16691],[-70.73041,-34.16699]]}},{"type":"Feature","properties":{"nombre":"Avenida Libertador Bernardo O'Higgins","jerarquia":3},"geometry":{"type":"LineString","coordinates":[[-70.73041,-34.16699],[-70.73028,-34.16701]]}},{"type":"Feature","properties":{"nombre":"Avenida Libertador Bernardo O'Higgins","jerarquia":3},"geometry":{"type":"LineString","coordinates":[[-70.73022,-34.16666],[-70.73158,-34.16648]]}},{"type":"Feature","properties":{"nombre":"Avenida Libertador Bernardo O'Higgins","jerarquia":3},"geometry":{"type":"LineString","coordinates":[[-70.73158,-34.16648],[-70.73303,-34.16628]]}},{"type":"Feature","properties":{"nombre":"Avenida Libertador Bernardo O'Higgins","jerarquia":3},"geometry":{"type":"LineString","coordinates":[[-70.73303,-34.16628],[-70.73423,-34.16612]]}},{"type":"Feature","properties":{"nombre":"Avenida Libertador Bernardo O'Higgins","jerarquia":3},"geometry":{"type":"LineString","coordinates":[[-70.73423,-34.16612],[-70.73429,-34.16611]]}},{"type":"Feature","properties":{"nombre":"Camino La Cruz","jerarquia":5},"geometry":{"type":"LineString","coordinates":[[-70.72965,-34.16389],[-70.72952,-34.16327]]}},{"type":"Feature","properties":{"nombre":"Camino La Cruz","jerarquia":5},"geometry":{"type":"LineString","coordinates":[[-70.72952,-34.16327],[-70.72922,-34.16186]]}},{"type":"Feature","properties":{"nombre":"Avenida Illanes","jerarquia":3},"geometry":{"type":"LineString","coordinates":[[-70.73213,-34.15584],[-70.73226,-34.15644]]}},{"type":"Feature","properties":{"nombre":"Avenida Illanes","jerarquia":3},"geometry":{"type":"LineString","coordinates":[[-70.73226,-34.15644],[-70.73253,-34.15761]]}},{"type":"Feature","properties":{"nombre":"Avenida Illanes","jerarquia":3},"geometry":{"type":"LineString","coordinates":[[-70.73253,-34.15761],[-70.73262,-34.15805]]}},{"type":"Feature","properties":{"nombre":"Avenida República de Chile","jerarquia":3},"geometry":{"type":"LineString","coordinates":[[-70.74258,-34.15454],[-70.74238,-34.15456]]}},{"type":"Feature","properties":{"nombre":"Avenida República de Chile","jerarquia":3},"geometry":{"type":"LineString","coordinates":[[-70.74238,-34.15456],[-70.74085,-34.15475]]}},{"type":"Feature","properties":{"nombre":"Avenida República de Chile","jerarquia":3},"geometry":{"type":"LineString","coordinates":[[-70.74085,-34.15475],[-70.74062,-34.15478]]}},{"type":"Feature","properties":{"nombre":"Avenida República de Chile","jerarquia":3},"geometry":{"type":"LineString","coordinates":[[-70.74062,-34.15478],[-70.73996,-34.15486]]}},{"type":"Feature","properties":{"nombre":"Avenida República de Chile","jerarquia":3},"geometry":{"type":"LineString","coordinates":[[-70.73223,-34.15561],[-70.73278,-34.15554]]}},{"type":"Feature","properties":{"nombre":"Avenida República de Chile","jerarquia":3},"geometry":{"type":"LineString","coordinates":[[-70.73278,-34.15554],[-70.73325,-34.15549]]}},{"type":"Feature","properties":{"nombre":"Avenida República de Chile","jerarquia":3},"geometry":{"type":"LineString","coordinates":[[-70.73325,-34.15549],[-70.73348,-34.15546]]}},{"type":"Feature","properties":{"nombre":"Avenida República de Chile","jerarquia":3},"geometry":{"type":"LineString","coordinates":[[-70.73348,-34.15546],[-70.7349,-34.15529]]}},{"type":"Feature","properties":{"nombre":"Avenida República de Chile","jerarquia":3},"geometry":{"type":"LineString","coordinates":[[-70.7349,-34.15529],[-70.73581,-34.15519]]}},{"type":"Feature","properties":{"nombre":"Avenida República de Chile","jerarquia":3},"geometry":{"type":"LineString","coordinates":[[-70.73581,-34.15519],[-70.73658,-34.1551]]}},{"type":"Feature","properties":{"nombre":"Avenida República de Chile","jerarquia":3},"geometry":{"type":"LineString","coordinates":[[-70.7319,-34.15582],[-70.73154,-34.15586]]}},{"type":"Feature","properties":{"nombre":"Avenida República de Chile","jerarquia":3},"geometry":{"type":"LineString","coordinates":[[-70.73154,-34.15586],[-70.73119,-34.1559]]}},{"type":"Feature","properties":{"nombre":"Avenida República de Chile","jerarquia":3},"geometry":{"type":"LineString","coordinates":[[-70.73119,-34.1559],[-70.73066,-34.15596]]}},{"type":"Feature","properties":{"nombre":"Avenida República de Chile","jerarquia":3},"geometry":{"type":"LineString","coordinates":[[-70.73066,-34.15596],[-70.72921,-34.15613]]}},{"type":"Feature","properties":{"nombre":"Avenida República de Chile","jerarquia":3},"geometry":{"type":"LineString","coordinates":[[-70.72921,-34.15613],[-70.72905,-34.15615]]}},{"type":"Feature","properties":{"nombre":"Avenida República de Chile","jerarquia":3},"geometry":{"type":"LineString","coordinates":[[-70.72905,-34.15615],[-70.72892,-34.15616]]}},{"type":"Feature","properties":{"nombre":"Avenida República de Chile","jerarquia":3},"geometry":{"type":"LineString","coordinates":[[-70.73996,-34.15486],[-70.73941,-34.15492]]}},{"type":"Feature","properties":{"nombre":"Avenida República de Chile","jerarquia":3},"geometry":{"type":"LineString","coordinates":[[-70.73941,-34.15492],[-70.73932,-34.15493]]}},{"type":"Feature","properties":{"nombre":"Avenida República de Chile","jerarquia":3},"geometry":{"type":"LineString","coordinates":[[-70.73932,-34.15493],[-70.73792,-34.15509]]}},{"type":"Feature","properties":{"nombre":"Avenida Illanes","jerarquia":3},"geometry":{"type":"LineString","coordinates":[[-70.73245,-34.15808],[-70.73227,-34.15718]]}},{"type":"Feature","properties":{"nombre":"Avenida Illanes","jerarquia":3},"geometry":{"type":"LineString","coordinates":[[-70.73227,-34.15718],[-70.73209,-34.15638]]}},{"type":"Feature","properties":{"nombre":"Avenida Illanes","jerarquia":3},"geometry":{"type":"LineString","coordinates":[[-70.73209,-34.15638],[-70.73199,-34.1559]]}},{"type":"Feature","properties":{"nombre":"Avenida Illanes","jerarquia":3},"geometry":{"type":"LineString","coordinates":[[-70.73199,-34.1559],[-70.73198,-34.15586]]}},{"type":"Feature","properties":{"nombre":"Avenida Camino del Recreo","jerarquia":5},"geometry":{"type":"LineString","coordinates":[[-70.73772,-34.15496],[-70.73775,-34.15511]]}},{"type":"Feature","properties":{"nombre":"Avenida República de Chile","jerarquia":3},"geometry":{"type":"LineString","coordinates":[[-70.73194,-34.15565],[-70.73209,-34.15563]]}},{"type":"Feature","properties":{"nombre":"Volcán Villarrica","jerarquia":5},"geometry":{"type":"LineString","coordinates":[[-70.74321,-34.13931],[-70.74321,-34.13916]]}},{"type":"Feature","properties":{"nombre":"Nelson Pereira","jerarquia":5},"geometry":{"type":"LineString","coordinates":[[-70.74321,-34.13916],[-70.74328,-34.13922]]}},{"type":"Feature","properties":{"nombre":"Nelson Pereira","jerarquia":5},"geometry":{"type":"LineString","coordinates":[[-70.74328,-34.13922],[-70.74376,-34.1396]]}},{"type":"Feature","properties":{"nombre":"Samuel Román Rojas","jerarquia":5},"geometry":{"type":"LineString","coordinates":[[-70.74019,-34.13671],[-70.74005,-34.1368]]}},{"type":"Feature","properties":{"nombre":"Nelson Pereira","jerarquia":5},"geometry":{"type":"LineString","coordinates":[[-70.73955,-34.13638],[-70.73935,-34.13622]]}},{"type":"Feature","properties":{"nombre":"Nelson Pereira","jerarquia":5},"geometry":{"type":"LineString","coordinates":[[-70.73935,-34.13622],[-70.73902,-34.13591]]}},{"type":"Feature","properties":{"nombre":"Nelson Pereira","jerarquia":5},"geometry":{"type":"LineString","coordinates":[[-70.73902,-34.13591],[-70.73857,-34.13551]]}},{"type":"Feature","properties":{"nombre":"Nelson Pereira","jerarquia":5},"geometry":{"type":"LineString","coordinates":[[-70.73857,-34.13551],[-70.73913,-34.13583]]}},{"type":"Feature","properties":{"nombre":"Avenida Bolivia","jerarquia":5},"geometry":{"type":"LineString","coordinates":[[-70.76318,-34.18522],[-70.76336,-34.18549]]}},{"type":"Feature","properties":{"nombre":"Avenida Bolivia","jerarquia":5},"geometry":{"type":"LineString","coordinates":[[-70.76336,-34.18549],[-70.76382,-34.18622]]}},{"type":"Feature","properties":{"nombre":"Avenida Bolivia","jerarquia":5},"geometry":{"type":"LineString","coordinates":[[-70.76382,-34.18622],[-70.764,-34.18652]]}},{"type":"Feature","properties":{"nombre":"Avenida Bolivia","jerarquia":5},"geometry":{"type":"LineString","coordinates":[[-70.764,-34.18652],[-70.76407,-34.18665]]}},{"type":"Feature","properties":{"nombre":"Río Loco","jerarquia":5},"geometry":{"type":"LineString","coordinates":[[-70.76413,-34.18161],[-70.76429,-34.18154]]}},{"type":"Feature","properties":{"nombre":"Río Loco","jerarquia":5},"geometry":{"type":"LineString","coordinates":[[-70.76429,-34.18154],[-70.76434,-34.18151]]}},{"type":"Feature","properties":{"nombre":"Río Loco","jerarquia":5},"geometry":{"type":"LineString","coordinates":[[-70.76144,-34.18261],[-70.76151,-34.18258]]}},{"type":"Feature","properties":{"nombre":"Avenida Bolivia","jerarquia":5},"geometry":{"type":"LineString","coordinates":[[-70.7631,-34.18525],[-70.76276,-34.18471]]}},{"type":"Feature","properties":{"nombre":"Avenida Bolivia","jerarquia":5},"geometry":{"type":"LineString","coordinates":[[-70.76151,-34.18258],[-70.76157,-34.18266]]}},{"type":"Feature","properties":{"nombre":"Avenida Bolivia","jerarquia":5},"geometry":{"type":"LineString","coordinates":[[-70.76112,-34.18195],[-70.76143,-34.18245]]}},{"type":"Feature","properties":{"nombre":"Avenida República de Chile","jerarquia":3},"geometry":{"type":"LineString","coordinates":[[-70.74331,-34.15445],[-70.74315,-34.15447]]}},{"type":"Feature","properties":{"nombre":"Avenida Circunvalación Arturo Gatica Silva","jerarquia":4},"geometry":{"type":"LineString","coordinates":[[-70.74003,-34.14541],[-70.73959,-34.14555]]}},{"type":"Feature","properties":{"nombre":"Avenida Circunvalación Arturo Gatica Silva","jerarquia":4},"geometry":{"type":"LineString","coordinates":[[-70.73959,-34.14555],[-70.73852,-34.14592]]}},{"type":"Feature","properties":{"nombre":"Avenida Circunvalación Arturo Gatica Silva","jerarquia":4},"geometry":{"type":"LineString","coordinates":[[-70.73852,-34.14592],[-70.73785,-34.14609]]}},{"type":"Feature","properties":{"nombre":"Avenida Circunvalación Arturo Gatica Silva","jerarquia":4},"geometry":{"type":"LineString","coordinates":[[-70.73785,-34.14609],[-70.73661,-34.14626]]}},{"type":"Feature","properties":{"nombre":"Avenida Circunvalación Arturo Gatica Silva","jerarquia":4},"geometry":{"type":"LineString","coordinates":[[-70.73603,-34.14621],[-70.73731,-34.14603]]}},{"type":"Feature","properties":{"nombre":"Avenida Circunvalación Arturo Gatica Silva","jerarquia":4},"geometry":{"type":"LineString","coordinates":[[-70.73731,-34.14603],[-70.73804,-34.14593],[-70.73848,-34.14579]]}},{"type":"Feature","properties":{"nombre":"Avenida Circunvalación Arturo Gatica Silva","jerarquia":4},"geometry":{"type":"LineString","coordinates":[[-70.73848,-34.14579],[-70.73953,-34.14543]]}},{"type":"Feature","properties":{"nombre":"Avenida Circunvalación Arturo Gatica Silva","jerarquia":4},"geometry":{"type":"LineString","coordinates":[[-70.73953,-34.14543],[-70.73991,-34.14531]]}},{"type":"Feature","properties":{"nombre":"Avenida Circunvalación Arturo Gatica Silva","jerarquia":4},"geometry":{"type":"LineString","coordinates":[[-70.73991,-34.14531],[-70.73996,-34.14529]]}},{"type":"Feature","properties":{"nombre":"Avenida Illanes","jerarquia":4},"geometry":{"type":"LineString","coordinates":[[-70.72906,-34.14682],[-70.729,-34.14665],[-70.72903,-34.14642],[-70.7291,-34.14632]]}},{"type":"Feature","properties":{"nombre":"Diego de Almagro","jerarquia":4},"geometry":{"type":"LineString","coordinates":[[-70.72907,-34.14493],[-70.72905,-34.14542]]}},{"type":"Feature","properties":{"nombre":"Diego de Almagro","jerarquia":4},"geometry":{"type":"LineString","coordinates":[[-70.72914,-34.14403],[-70.72907,-34.14493]]}},{"type":"Feature","properties":{"nombre":"Diagonal La Capilla","jerarquia":5},"geometry":{"type":"LineString","coordinates":[[-70.73082,-34.13979],[-70.72947,-34.13973]]}},{"type":"Feature","properties":{"nombre":"Diego de Almagro","jerarquia":4},"geometry":{"type":"LineString","coordinates":[[-70.72966,-34.13739],[-70.72961,-34.13795]]}},{"type":"Feature","properties":{"nombre":"Diego de Almagro","jerarquia":4},"geometry":{"type":"LineString","coordinates":[[-70.72961,-34.13795],[-70.72959,-34.13824]]}},{"type":"Feature","properties":{"nombre":"Avenida Kennedy","jerarquia":3},"geometry":{"type":"LineString","coordinates":[[-70.74105,-34.14652],[-70.74085,-34.14628]]}},{"type":"Feature","properties":{"nombre":"Avenida Kennedy","jerarquia":3},"geometry":{"type":"LineString","coordinates":[[-70.74105,-34.14652],[-70.74174,-34.14752]]}},{"type":"Feature","properties":{"nombre":"Avenida Kennedy","jerarquia":3},"geometry":{"type":"LineString","coordinates":[[-70.74174,-34.14752],[-70.74213,-34.14808]]}},{"type":"Feature","properties":{"nombre":"Avenida Kennedy","jerarquia":3},"geometry":{"type":"LineString","coordinates":[[-70.74213,-34.14808],[-70.74233,-34.14868]]}},{"type":"Feature","properties":{"nombre":"Avenida Kennedy","jerarquia":3},"geometry":{"type":"LineString","coordinates":[[-70.73878,-34.14281],[-70.7391,-34.1434]]}},{"type":"Feature","properties":{"nombre":"Avenida Kennedy","jerarquia":3},"geometry":{"type":"LineString","coordinates":[[-70.7391,-34.1434],[-70.73972,-34.1443]]}},{"type":"Feature","properties":{"nombre":"Avenida Kennedy","jerarquia":3},"geometry":{"type":"LineString","coordinates":[[-70.73972,-34.1443],[-70.74004,-34.14483]]}},{"type":"Feature","properties":{"nombre":"Avenida Kennedy","jerarquia":3},"geometry":{"type":"LineString","coordinates":[[-70.74004,-34.14483],[-70.74016,-34.14504]]}},{"type":"Feature","properties":{"nombre":"Avenida Circunvalación Arturo Gatica Silva","jerarquia":4},"geometry":{"type":"LineString","coordinates":[[-70.7291,-34.14632],[-70.73181,-34.14592]]}},{"type":"Feature","properties":{"nombre":"Avenida Circunvalación Arturo Gatica Silva","jerarquia":4},"geometry":{"type":"LineString","coordinates":[[-70.73181,-34.14592],[-70.73288,-34.14581]]}},{"type":"Feature","properties":{"nombre":"Diagonal La Capilla","jerarquia":5},"geometry":{"type":"LineString","coordinates":[[-70.73448,-34.13995],[-70.73494,-34.13992]]}},{"type":"Feature","properties":{"nombre":"Avenida Kennedy","jerarquia":3},"geometry":{"type":"LineString","coordinates":[[-70.73569,-34.13936],[-70.73578,-34.13946]]}},{"type":"Feature","properties":{"nombre":"Samuel Román Rojas","jerarquia":5},"geometry":{"type":"LineString","coordinates":[[-70.73615,-34.13923],[-70.73582,-34.13943]]}},{"type":"Feature","properties":{"nombre":"Samuel Román Rojas","jerarquia":5},"geometry":{"type":"LineString","coordinates":[[-70.73582,-34.13943],[-70.73578,-34.13946]]}},{"type":"Feature","properties":{"nombre":"Samuel Román Rojas","jerarquia":5},"geometry":{"type":"LineString","coordinates":[[-70.73644,-34.13905],[-70.73615,-34.13923]]}},{"type":"Feature","properties":{"nombre":"Samuel Román Rojas","jerarquia":5},"geometry":{"type":"LineString","coordinates":[[-70.73569,-34.13936],[-70.73573,-34.13933]]}},{"type":"Feature","properties":{"nombre":"Samuel Román Rojas","jerarquia":5},"geometry":{"type":"LineString","coordinates":[[-70.73573,-34.13933],[-70.73634,-34.13896]]}},{"type":"Feature","properties":{"nombre":"Samuel Román Rojas","jerarquia":5},"geometry":{"type":"LineString","coordinates":[[-70.73993,-34.1367],[-70.74007,-34.13661]]}},{"type":"Feature","properties":{"nombre":"Nelson Pereira","jerarquia":5},"geometry":{"type":"LineString","coordinates":[[-70.74005,-34.1368],[-70.73993,-34.1367]]}},{"type":"Feature","properties":{"nombre":"Avenida Illanes","jerarquia":4},"geometry":{"type":"LineString","coordinates":[[-70.7291,-34.14644],[-70.72958,-34.14707]]}},{"type":"Feature","properties":{"nombre":"Avenida Illanes","jerarquia":4},"geometry":{"type":"LineString","coordinates":[[-70.72958,-34.14707],[-70.73007,-34.14774]]}},{"type":"Feature","properties":{"nombre":"Avenida Illanes","jerarquia":4},"geometry":{"type":"LineString","coordinates":[[-70.73007,-34.14774],[-70.73051,-34.14834]]}},{"type":"Feature","properties":{"nombre":"Avenida Illanes","jerarquia":4},"geometry":{"type":"LineString","coordinates":[[-70.73041,-34.1484],[-70.72947,-34.14709]]}},{"type":"Feature","properties":{"nombre":"Avenida Illanes","jerarquia":4},"geometry":{"type":"LineString","coordinates":[[-70.72947,-34.14709],[-70.72928,-34.14684],[-70.72906,-34.14682]]}},{"type":"Feature","properties":{"nombre":"Tal-Tal","jerarquia":5},"geometry":{"type":"LineString","coordinates":[[-70.7416,-34.12847],[-70.74126,-34.12867]]}},{"type":"Feature","properties":{"nombre":"Tal-Tal","jerarquia":5},"geometry":{"type":"LineString","coordinates":[[-70.74126,-34.12867],[-70.74117,-34.12872]]}},{"type":"Feature","properties":{"nombre":"Tal-Tal","jerarquia":5},"geometry":{"type":"LineString","coordinates":[[-70.74117,-34.12872],[-70.74038,-34.1292]]}},{"type":"Feature","properties":{"nombre":"Tal-Tal","jerarquia":5},"geometry":{"type":"LineString","coordinates":[[-70.74038,-34.1292],[-70.74025,-34.12928]]}},{"type":"Feature","properties":{"nombre":"Tal-Tal","jerarquia":5},"geometry":{"type":"LineString","coordinates":[[-70.74025,-34.12928],[-70.74002,-34.12941]]}},{"type":"Feature","properties":{"nombre":"Diagonal Doñihue","jerarquia":5},"geometry":{"type":"LineString","coordinates":[[-70.76272,-34.17854],[-70.76248,-34.1785]]}},{"type":"Feature","properties":{"nombre":"Avenida Diego Portales","jerarquia":5},"geometry":{"type":"LineString","coordinates":[[-70.72052,-34.16843],[-70.72048,-34.16822]]}},{"type":"Feature","properties":{"nombre":"Avenida Diego Portales","jerarquia":5},"geometry":{"type":"LineString","coordinates":[[-70.72048,-34.16822],[-70.72028,-34.16729]]}},{"type":"Feature","properties":{"nombre":"Avenida Diego Portales","jerarquia":5},"geometry":{"type":"LineString","coordinates":[[-70.72028,-34.16729],[-70.72019,-34.16685]]}},{"type":"Feature","properties":{"nombre":"Avenida Diego Portales","jerarquia":5},"geometry":{"type":"LineString","coordinates":[[-70.72019,-34.16685],[-70.71996,-34.16572]]}},{"type":"Feature","properties":{"nombre":"Avenida Diego Portales","jerarquia":5},"geometry":{"type":"LineString","coordinates":[[-70.71996,-34.16572],[-70.71984,-34.16519]]}},{"type":"Feature","properties":{"nombre":"Avenida Diego Portales","jerarquia":5},"geometry":{"type":"LineString","coordinates":[[-70.71984,-34.16519],[-70.71961,-34.16407]]}},{"type":"Feature","properties":{"nombre":"Avenida Diego Portales","jerarquia":5},"geometry":{"type":"LineString","coordinates":[[-70.71961,-34.16407],[-70.71945,-34.16332]]}},{"type":"Feature","properties":{"nombre":"Avenida El Sol","jerarquia":5},"geometry":{"type":"LineString","coordinates":[[-70.70484,-34.16138],[-70.70452,-34.1616]]}},{"type":"Feature","properties":{"nombre":"Avenida El Sol","jerarquia":5},"geometry":{"type":"LineString","coordinates":[[-70.70452,-34.1616],[-70.7042,-34.16182]]}},{"type":"Feature","properties":{"nombre":"Avenida El Sol","jerarquia":5},"geometry":{"type":"LineString","coordinates":[[-70.7042,-34.16182],[-70.70354,-34.16228]]}},{"type":"Feature","properties":{"nombre":"Avenida El Sol","jerarquia":5},"geometry":{"type":"LineString","coordinates":[[-70.70354,-34.16228],[-70.70323,-34.16249]]}},{"type":"Feature","properties":{"nombre":"Avenida El Sol","jerarquia":5},"geometry":{"type":"LineString","coordinates":[[-70.70323,-34.16249],[-70.70293,-34.1627]]}},{"type":"Feature","properties":{"nombre":"Avenida El Sol","jerarquia":5},"geometry":{"type":"LineString","coordinates":[[-70.70293,-34.1627],[-70.70264,-34.1629]]}},{"type":"Feature","properties":{"nombre":"Avenida El Sol","jerarquia":5},"geometry":{"type":"LineString","coordinates":[[-70.70264,-34.1629],[-70.70233,-34.16311]]}},{"type":"Feature","properties":{"nombre":"Avenida El Sol","jerarquia":5},"geometry":{"type":"LineString","coordinates":[[-70.70233,-34.16311],[-70.70202,-34.16334]]}},{"type":"Feature","properties":{"nombre":"Avenida El Sol","jerarquia":5},"geometry":{"type":"LineString","coordinates":[[-70.70202,-34.16334],[-70.70137,-34.16378]]}},{"type":"Feature","properties":{"nombre":"Marte","jerarquia":5},"geometry":{"type":"LineString","coordinates":[[-70.70815,-34.15946],[-70.70799,-34.15929]]}},{"type":"Feature","properties":{"nombre":"Avenida República de Chile","jerarquia":3},"geometry":{"type":"LineString","coordinates":[[-70.70752,-34.16293],[-70.70812,-34.16259],[-70.70912,-34.16222],[-70.71039,-34.16203],[-70.71127,-34.16183]]}},{"type":"Feature","properties":{"nombre":"Avenida San Juan","jerarquia":3},"geometry":{"type":"LineString","coordinates":[[-70.69586,-34.17642],[-70.69573,-34.17639]]}},{"type":"Feature","properties":{"nombre":"Avenida Monseñor Escrivá de Balaguer","jerarquia":4},"geometry":{"type":"LineString","coordinates":[[-70.69586,-34.17642],[-70.69548,-34.17675]]}},{"type":"Feature","properties":{"nombre":"Avenida San Juan","jerarquia":3},"geometry":{"type":"LineString","coordinates":[[-70.69758,-34.1762],[-70.69874,-34.17612],[-70.69998,-34.17595]]}},{"type":"Feature","properties":{"nombre":"Avenida San Juan","jerarquia":3},"geometry":{"type":"LineString","coordinates":[[-70.69998,-34.17595],[-70.7001,-34.17593]]}},{"type":"Feature","properties":{"nombre":"Avenida San Juan","jerarquia":3},"geometry":{"type":"LineString","coordinates":[[-70.7001,-34.17593],[-70.70119,-34.17577]]}},{"type":"Feature","properties":{"nombre":"Avenida San Juan","jerarquia":3},"geometry":{"type":"LineString","coordinates":[[-70.70119,-34.17577],[-70.70142,-34.17572]]}},{"type":"Feature","properties":{"nombre":"Avenida San Juan","jerarquia":3},"geometry":{"type":"LineString","coordinates":[[-70.69411,-34.17578],[-70.69358,-34.17558]]}},{"type":"Feature","properties":{"nombre":"Avenida San Juan","jerarquia":3},"geometry":{"type":"LineString","coordinates":[[-70.69358,-34.17558],[-70.69262,-34.17521]]}},{"type":"Feature","properties":{"nombre":"Avenida San Juan","jerarquia":3},"geometry":{"type":"LineString","coordinates":[[-70.69262,-34.17521],[-70.6918,-34.17489]]}},{"type":"Feature","properties":{"nombre":"Avenida San Juan","jerarquia":3},"geometry":{"type":"LineString","coordinates":[[-70.6918,-34.17489],[-70.69161,-34.17481]]}},{"type":"Feature","properties":{"nombre":"","jerarquia":5},"geometry":{"type":"LineString","coordinates":[[-70.7479,-34.18914],[-70.74773,-34.18909]]}},{"type":"Feature","properties":{"nombre":"","jerarquia":5},"geometry":{"type":"LineString","coordinates":[[-70.74773,-34.18909],[-70.74681,-34.18873]]}},{"type":"Feature","properties":{"nombre":"Bombero Ricardo Ruidíaz","jerarquia":5},"geometry":{"type":"LineString","coordinates":[[-70.7506,-34.16518],[-70.75032,-34.16404]]}},{"type":"Feature","properties":{"nombre":"Avenida Libertador Bernardo O'Higgins","jerarquia":3},"geometry":{"type":"LineString","coordinates":[[-70.75034,-34.16388],[-70.75103,-34.16377]]}},{"type":"Feature","properties":{"nombre":"Avenida Salvador Allende Gossens","jerarquia":3},"geometry":{"type":"LineString","coordinates":[[-70.76804,-34.155],[-70.76824,-34.15532],[-70.76868,-34.15653]]}},{"type":"Feature","properties":{"nombre":"Avenida Salvador Allende Gossens","jerarquia":3},"geometry":{"type":"LineString","coordinates":[[-70.76855,-34.1565],[-70.76831,-34.15583]]}},{"type":"Feature","properties":{"nombre":"Avenida Salvador Allende Gossens","jerarquia":3},"geometry":{"type":"LineString","coordinates":[[-70.76831,-34.15583],[-70.76804,-34.155]]}},{"type":"Feature","properties":{"nombre":"Rotonda Alameda","jerarquia":3},"geometry":{"type":"LineString","coordinates":[[-70.71857,-34.1684],[-70.7186,-34.1686],[-70.71856,-34.16874]]}},{"type":"Feature","properties":{"nombre":"Rotonda Alameda","jerarquia":3},"geometry":{"type":"LineString","coordinates":[[-70.71856,-34.16874],[-70.71846,-34.16886]]}},{"type":"Feature","properties":{"nombre":"Rotonda Alameda","jerarquia":3},"geometry":{"type":"LineString","coordinates":[[-70.71846,-34.16886],[-70.71821,-34.16898]]}},{"type":"Feature","properties":{"nombre":"Rotonda Alameda","jerarquia":3},"geometry":{"type":"LineString","coordinates":[[-70.71821,-34.16898],[-70.71799,-34.16899],[-70.71778,-34.16892]]}},{"type":"Feature","properties":{"nombre":"Rotonda Alameda","jerarquia":3},"geometry":{"type":"LineString","coordinates":[[-70.71778,-34.16892],[-70.71762,-34.16878],[-70.71755,-34.16859]]}},{"type":"Feature","properties":{"nombre":"Rotonda Alameda","jerarquia":3},"geometry":{"type":"LineString","coordinates":[[-70.71755,-34.16859],[-70.71756,-34.16845],[-70.71768,-34.16826]]}},{"type":"Feature","properties":{"nombre":"Rotonda Alameda","jerarquia":3},"geometry":{"type":"LineString","coordinates":[[-70.71768,-34.16826],[-70.7179,-34.16814]]}},{"type":"Feature","properties":{"nombre":"Rotonda Alameda","jerarquia":3},"geometry":{"type":"LineString","coordinates":[[-70.7179,-34.16814],[-70.71827,-34.16815],[-70.71843,-34.16823],[-70.71857,-34.1684]]}},{"type":"Feature","properties":{"nombre":"Avenida Miguel Ramírez","jerarquia":3},"geometry":{"type":"LineString","coordinates":[[-70.70602,-34.1753],[-70.70467,-34.17537]]}},{"type":"Feature","properties":{"nombre":"Avenida Miguel Ramírez","jerarquia":3},"geometry":{"type":"LineString","coordinates":[[-70.70467,-34.17537],[-70.70453,-34.1754]]}},{"type":"Feature","properties":{"nombre":"Avenida Miguel Ramírez","jerarquia":3},"geometry":{"type":"LineString","coordinates":[[-70.70453,-34.1754],[-70.7036,-34.17546],[-70.70226,-34.17566]]}},{"type":"Feature","properties":{"nombre":"Avenida Miguel Ramírez","jerarquia":3},"geometry":{"type":"LineString","coordinates":[[-70.70226,-34.17566],[-70.70146,-34.17579]]}},{"type":"Feature","properties":{"nombre":"Avenida Monseñor Escrivá de Balaguer","jerarquia":4},"geometry":{"type":"LineString","coordinates":[[-70.69548,-34.17675],[-70.69522,-34.1769]]}},{"type":"Feature","properties":{"nombre":"Avenida Monseñor Escrivá de Balaguer","jerarquia":4},"geometry":{"type":"LineString","coordinates":[[-70.68849,-34.18268],[-70.6879,-34.18318]]}},{"type":"Feature","properties":{"nombre":"Avenida Monseñor Escrivá de Balaguer","jerarquia":4},"geometry":{"type":"LineString","coordinates":[[-70.6879,-34.18318],[-70.68712,-34.18384]]}},{"type":"Feature","properties":{"nombre":"Avenida Monseñor Escrivá de Balaguer","jerarquia":4},"geometry":{"type":"LineString","coordinates":[[-70.68712,-34.18384],[-70.68699,-34.18395]]}},{"type":"Feature","properties":{"nombre":"Avenida Monseñor Escrivá de Balaguer","jerarquia":4},"geometry":{"type":"LineString","coordinates":[[-70.68699,-34.18395],[-70.68557,-34.18519]]}},{"type":"Feature","properties":{"nombre":"Avenida Monseñor Escrivá de Balaguer","jerarquia":4},"geometry":{"type":"LineString","coordinates":[[-70.68557,-34.18519],[-70.68536,-34.18536]]}},{"type":"Feature","properties":{"nombre":"Avenida San Juan","jerarquia":3},"geometry":{"type":"LineString","coordinates":[[-70.68534,-34.17225],[-70.68638,-34.17264]]}},{"type":"Feature","properties":{"nombre":"Avenida San Juan","jerarquia":3},"geometry":{"type":"LineString","coordinates":[[-70.68638,-34.17264],[-70.68671,-34.1728]]}},{"type":"Feature","properties":{"nombre":"Avenida San Juan","jerarquia":3},"geometry":{"type":"LineString","coordinates":[[-70.68671,-34.1728],[-70.68756,-34.17319]]}},{"type":"Feature","properties":{"nombre":"Avenida San Juan","jerarquia":3},"geometry":{"type":"LineString","coordinates":[[-70.68756,-34.17319],[-70.68768,-34.17324]]}},{"type":"Feature","properties":{"nombre":"Avenida San Juan","jerarquia":3},"geometry":{"type":"LineString","coordinates":[[-70.68768,-34.17324],[-70.68857,-34.17358]]}},{"type":"Feature","properties":{"nombre":"Avenida San Juan","jerarquia":3},"geometry":{"type":"LineString","coordinates":[[-70.68857,-34.17358],[-70.68929,-34.17381]]}},{"type":"Feature","properties":{"nombre":"Avenida San Juan","jerarquia":3},"geometry":{"type":"LineString","coordinates":[[-70.68929,-34.17381],[-70.68985,-34.17401]]}},{"type":"Feature","properties":{"nombre":"Avenida San Juan","jerarquia":3},"geometry":{"type":"LineString","coordinates":[[-70.68985,-34.17401],[-70.68993,-34.17404]]}},{"type":"Feature","properties":{"nombre":"Avenida San Juan","jerarquia":3},"geometry":{"type":"LineString","coordinates":[[-70.68993,-34.17404],[-70.69087,-34.17438]]}},{"type":"Feature","properties":{"nombre":"Avenida Libertador Bernardo O'Higgins","jerarquia":3},"geometry":{"type":"LineString","coordinates":[[-70.72805,-34.16706],[-70.72845,-34.16698]]}},{"type":"Feature","properties":{"nombre":"Avenida Libertador Bernardo O'Higgins","jerarquia":3},"geometry":{"type":"LineString","coordinates":[[-70.72845,-34.16698],[-70.72886,-34.16689]]}},{"type":"Feature","properties":{"nombre":"Avenida Libertador Bernardo O'Higgins","jerarquia":3},"geometry":{"type":"LineString","coordinates":[[-70.75308,-34.16294],[-70.75423,-34.16235]]}},{"type":"Feature","properties":{"nombre":"Avenida Libertador Bernardo O'Higgins","jerarquia":3},"geometry":{"type":"LineString","coordinates":[[-70.75423,-34.16235],[-70.75488,-34.16201]]}},{"type":"Feature","properties":{"nombre":"Avenida Libertador Bernardo O'Higgins","jerarquia":3},"geometry":{"type":"LineString","coordinates":[[-70.75488,-34.16201],[-70.75596,-34.16145]]}},{"type":"Feature","properties":{"nombre":"Avenida Libertador Bernardo O'Higgins","jerarquia":3},"geometry":{"type":"LineString","coordinates":[[-70.75596,-34.16145],[-70.75714,-34.16102],[-70.75855,-34.1604]]}},{"type":"Feature","properties":{"nombre":"Avenida Libertador Bernardo O'Higgins","jerarquia":3},"geometry":{"type":"LineString","coordinates":[[-70.75855,-34.1604],[-70.75928,-34.16008]]}},{"type":"Feature","properties":{"nombre":"Avenida Viña del Mar","jerarquia":5},"geometry":{"type":"LineString","coordinates":[[-70.75181,-34.16667],[-70.75195,-34.16729],[-70.75172,-34.16786],[-70.75189,-34.16871]]}},{"type":"Feature","properties":{"nombre":"Avenida Viña del Mar","jerarquia":5},"geometry":{"type":"LineString","coordinates":[[-70.75189,-34.16871],[-70.75209,-34.16908]]}},{"type":"Feature","properties":{"nombre":"Avenida Las Torres","jerarquia":4},"geometry":{"type":"LineString","coordinates":[[-70.74046,-34.18422],[-70.74015,-34.18443]]}},{"type":"Feature","properties":{"nombre":"","jerarquia":2},"geometry":{"type":"LineString","coordinates":[[-70.72973,-34.13302],[-70.73021,-34.13345]]}},{"type":"Feature","properties":{"nombre":"Diego de Almagro","jerarquia":5},"geometry":{"type":"LineString","coordinates":[[-70.72764,-34.17397],[-70.72753,-34.17415],[-70.72753,-34.17435],[-70.72791,-34.17479]]}},{"type":"Feature","properties":{"nombre":"Diego de Almagro","jerarquia":4},"geometry":{"type":"LineString","coordinates":[[-70.73416,-34.17946],[-70.7358,-34.18065]]}},{"type":"Feature","properties":{"nombre":"Diego de Almagro","jerarquia":4},"geometry":{"type":"LineString","coordinates":[[-70.7358,-34.18065],[-70.73628,-34.18102]]}},{"type":"Feature","properties":{"nombre":"Diego de Almagro","jerarquia":4},"geometry":{"type":"LineString","coordinates":[[-70.73628,-34.18102],[-70.73692,-34.18151]]}},{"type":"Feature","properties":{"nombre":"Diego de Almagro","jerarquia":4},"geometry":{"type":"LineString","coordinates":[[-70.73692,-34.18151],[-70.73751,-34.18196]]}},{"type":"Feature","properties":{"nombre":"Diego de Almagro","jerarquia":4},"geometry":{"type":"LineString","coordinates":[[-70.73751,-34.18196],[-70.73786,-34.18222]]}},{"type":"Feature","properties":{"nombre":"Diego de Almagro","jerarquia":4},"geometry":{"type":"LineString","coordinates":[[-70.73786,-34.18222],[-70.73822,-34.18249]]}},{"type":"Feature","properties":{"nombre":"Diego de Almagro","jerarquia":4},"geometry":{"type":"LineString","coordinates":[[-70.73822,-34.18249],[-70.73856,-34.18275]]}},{"type":"Feature","properties":{"nombre":"El Trapiche","jerarquia":5},"geometry":{"type":"LineString","coordinates":[[-70.76444,-34.15237],[-70.76436,-34.15248]]}},{"type":"Feature","properties":{"nombre":"El Trapiche","jerarquia":5},"geometry":{"type":"LineString","coordinates":[[-70.76436,-34.15248],[-70.76404,-34.1529]]}},{"type":"Feature","properties":{"nombre":"El Trapiche","jerarquia":5},"geometry":{"type":"LineString","coordinates":[[-70.76404,-34.1529],[-70.76399,-34.15297]]}},{"type":"Feature","properties":{"nombre":"El Trapiche","jerarquia":5},"geometry":{"type":"LineString","coordinates":[[-70.76399,-34.15297],[-70.76372,-34.15334]]}},{"type":"Feature","properties":{"nombre":"El Trapiche","jerarquia":5},"geometry":{"type":"LineString","coordinates":[[-70.76372,-34.15334],[-70.7637,-34.15336]]}},{"type":"Feature","properties":{"nombre":"El Trapiche","jerarquia":5},"geometry":{"type":"LineString","coordinates":[[-70.7637,-34.15336],[-70.76361,-34.15348]]}},{"type":"Feature","properties":{"nombre":"El Trapiche","jerarquia":5},"geometry":{"type":"LineString","coordinates":[[-70.76361,-34.15348],[-70.76352,-34.15361]]}},{"type":"Feature","properties":{"nombre":"El Trapiche","jerarquia":5},"geometry":{"type":"LineString","coordinates":[[-70.76352,-34.15361],[-70.76335,-34.15383]]}},{"type":"Feature","properties":{"nombre":"El Trapiche","jerarquia":5},"geometry":{"type":"LineString","coordinates":[[-70.76335,-34.15383],[-70.76325,-34.15396]]}},{"type":"Feature","properties":{"nombre":"Avenida San Juan","jerarquia":3},"geometry":{"type":"LineString","coordinates":[[-70.69069,-34.17446],[-70.68954,-34.17402]]}},{"type":"Feature","properties":{"nombre":"Avenida San Juan","jerarquia":3},"geometry":{"type":"LineString","coordinates":[[-70.68954,-34.17402],[-70.68925,-34.17391]]}},{"type":"Feature","properties":{"nombre":"Avenida San Juan","jerarquia":3},"geometry":{"type":"LineString","coordinates":[[-70.68925,-34.17391],[-70.68838,-34.17357]]}},{"type":"Feature","properties":{"nombre":"Avenida San Juan","jerarquia":3},"geometry":{"type":"LineString","coordinates":[[-70.68838,-34.17357],[-70.68685,-34.173]]}},{"type":"Feature","properties":{"nombre":"Avenida San Juan","jerarquia":3},"geometry":{"type":"LineString","coordinates":[[-70.68685,-34.173],[-70.68559,-34.17248]]}},{"type":"Feature","properties":{"nombre":"Avenida Libertador Bernardo O'Higgins","jerarquia":3},"geometry":{"type":"LineString","coordinates":[[-70.76642,-34.15729],[-70.76726,-34.15697]]}},{"type":"Feature","properties":{"nombre":"Avenida San Juan","jerarquia":3},"geometry":{"type":"LineString","coordinates":[[-70.68527,-34.17236],[-70.68515,-34.17232]]}},{"type":"Feature","properties":{"nombre":"Avenida San Juan","jerarquia":3},"geometry":{"type":"LineString","coordinates":[[-70.68515,-34.17232],[-70.68477,-34.17219]]}},{"type":"Feature","properties":{"nombre":"Avenida San Juan","jerarquia":3},"geometry":{"type":"LineString","coordinates":[[-70.68477,-34.17219],[-70.68448,-34.17208]]}},{"type":"Feature","properties":{"nombre":"Avenida San Juan","jerarquia":3},"geometry":{"type":"LineString","coordinates":[[-70.68448,-34.17208],[-70.68333,-34.17164]]}},{"type":"Feature","properties":{"nombre":"Avenida San Juan","jerarquia":3},"geometry":{"type":"LineString","coordinates":[[-70.68333,-34.17164],[-70.68202,-34.17111]]}},{"type":"Feature","properties":{"nombre":"Avenida San Juan","jerarquia":3},"geometry":{"type":"LineString","coordinates":[[-70.68202,-34.17111],[-70.6811,-34.17076]]}},{"type":"Feature","properties":{"nombre":"Avenida San Juan","jerarquia":3},"geometry":{"type":"LineString","coordinates":[[-70.6811,-34.17076],[-70.68048,-34.17052]]}},{"type":"Feature","properties":{"nombre":"Avenida San Juan","jerarquia":3},"geometry":{"type":"LineString","coordinates":[[-70.68048,-34.17052],[-70.67938,-34.17009]]}},{"type":"Feature","properties":{"nombre":"Avenida San Juan","jerarquia":3},"geometry":{"type":"LineString","coordinates":[[-70.67938,-34.17009],[-70.67835,-34.16968]]}},{"type":"Feature","properties":{"nombre":"Avenida San Juan","jerarquia":3},"geometry":{"type":"LineString","coordinates":[[-70.67835,-34.16968],[-70.67762,-34.16939]]}},{"type":"Feature","properties":{"nombre":"Avenida San Juan","jerarquia":3},"geometry":{"type":"LineString","coordinates":[[-70.67762,-34.16939],[-70.67678,-34.16907]]}},{"type":"Feature","properties":{"nombre":"Avenida San Juan","jerarquia":3},"geometry":{"type":"LineString","coordinates":[[-70.67678,-34.16907],[-70.67648,-34.16896]]}},{"type":"Feature","properties":{"nombre":"Avenida San Juan","jerarquia":3},"geometry":{"type":"LineString","coordinates":[[-70.67648,-34.16896],[-70.67612,-34.16882]]}},{"type":"Feature","properties":{"nombre":"Avenida San Juan","jerarquia":3},"geometry":{"type":"LineString","coordinates":[[-70.67612,-34.16882],[-70.67498,-34.16838]]}},{"type":"Feature","properties":{"nombre":"Avenida San Juan","jerarquia":3},"geometry":{"type":"LineString","coordinates":[[-70.67498,-34.16838],[-70.67399,-34.168]]}},{"type":"Feature","properties":{"nombre":"Avenida San Juan","jerarquia":3},"geometry":{"type":"LineString","coordinates":[[-70.67399,-34.168],[-70.67388,-34.16796]]}},{"type":"Feature","properties":{"nombre":"Avenida San Juan","jerarquia":3},"geometry":{"type":"LineString","coordinates":[[-70.67388,-34.16796],[-70.67379,-34.16792]]}},{"type":"Feature","properties":{"nombre":"Avenida San Juan","jerarquia":3},"geometry":{"type":"LineString","coordinates":[[-70.67379,-34.16792],[-70.6731,-34.16765]]}},{"type":"Feature","properties":{"nombre":"Avenida San Juan","jerarquia":3},"geometry":{"type":"LineString","coordinates":[[-70.6731,-34.16765],[-70.67239,-34.16737]]}},{"type":"Feature","properties":{"nombre":"Avenida San Juan","jerarquia":3},"geometry":{"type":"LineString","coordinates":[[-70.67239,-34.16737],[-70.67211,-34.16727]]}},{"type":"Feature","properties":{"nombre":"","jerarquia":3},"geometry":{"type":"LineString","coordinates":[[-70.77068,-34.16506],[-70.77038,-34.16481]]}},{"type":"Feature","properties":{"nombre":"Avenida General Manuel Baquedano","jerarquia":4},"geometry":{"type":"LineString","coordinates":[[-70.77172,-34.1645],[-70.77159,-34.16453]]}},{"type":"Feature","properties":{"nombre":"Avenida General Manuel Baquedano","jerarquia":4},"geometry":{"type":"LineString","coordinates":[[-70.77159,-34.16453],[-70.77038,-34.16481]]}},{"type":"Feature","properties":{"nombre":"Diego de Almagro","jerarquia":4},"geometry":{"type":"LineString","coordinates":[[-70.7291,-34.14632],[-70.7291,-34.14644]]}},{"type":"Feature","properties":{"nombre":"Diego de Almagro","jerarquia":4},"geometry":{"type":"LineString","coordinates":[[-70.72906,-34.14682],[-70.72902,-34.14722]]}},{"type":"Feature","properties":{"nombre":"Diego de Almagro","jerarquia":4},"geometry":{"type":"LineString","coordinates":[[-70.73006,-34.13417],[-70.73002,-34.1349],[-70.72979,-34.13561],[-70.7297,-34.13676]]}},{"type":"Feature","properties":{"nombre":"","jerarquia":2},"geometry":{"type":"LineString","coordinates":[[-70.72941,-34.13791],[-70.72928,-34.13777]]}},{"type":"Feature","properties":{"nombre":"Punta del Sol","jerarquia":3},"geometry":{"type":"LineString","coordinates":[[-70.72997,-34.13815],[-70.72988,-34.13821]]}},{"type":"Feature","properties":{"nombre":"Nelson Pereira","jerarquia":5},"geometry":{"type":"LineString","coordinates":[[-70.73913,-34.13583],[-70.73968,-34.13628]]}},{"type":"Feature","properties":{"nombre":"Nelson Pereira","jerarquia":5},"geometry":{"type":"LineString","coordinates":[[-70.73968,-34.13628],[-70.73999,-34.13653]]}},{"type":"Feature","properties":{"nombre":"Nelson Pereira","jerarquia":5},"geometry":{"type":"LineString","coordinates":[[-70.73999,-34.13653],[-70.74007,-34.13661]]}},{"type":"Feature","properties":{"nombre":"Nelson Pereira","jerarquia":5},"geometry":{"type":"LineString","coordinates":[[-70.7421,-34.13828],[-70.74191,-34.13826]]}},{"type":"Feature","properties":{"nombre":"Nelson Pereira","jerarquia":5},"geometry":{"type":"LineString","coordinates":[[-70.74191,-34.13826],[-70.74183,-34.13824]]}},{"type":"Feature","properties":{"nombre":"","jerarquia":5},"geometry":{"type":"LineString","coordinates":[[-70.74192,-34.13813],[-70.74191,-34.13826]]}},{"type":"Feature","properties":{"nombre":"Avenida Viña del Mar","jerarquia":5},"geometry":{"type":"LineString","coordinates":[[-70.7416,-34.12847],[-70.74197,-34.1299]]}},{"type":"Feature","properties":{"nombre":"Avenida Viña del Mar","jerarquia":5},"geometry":{"type":"LineString","coordinates":[[-70.74197,-34.1299],[-70.74206,-34.13023]]}},{"type":"Feature","properties":{"nombre":"Avenida Viña del Mar","jerarquia":5},"geometry":{"type":"LineString","coordinates":[[-70.74206,-34.13023],[-70.74225,-34.13094]]}},{"type":"Feature","properties":{"nombre":"Avenida Viña del Mar","jerarquia":5},"geometry":{"type":"LineString","coordinates":[[-70.74225,-34.13094],[-70.74245,-34.13169]]}},{"type":"Feature","properties":{"nombre":"Avenida Viña del Mar","jerarquia":5},"geometry":{"type":"LineString","coordinates":[[-70.74245,-34.13169],[-70.74256,-34.1321]]}},{"type":"Feature","properties":{"nombre":"Avenida Viña del Mar","jerarquia":5},"geometry":{"type":"LineString","coordinates":[[-70.74256,-34.1321],[-70.74276,-34.13285]]}},{"type":"Feature","properties":{"nombre":"Avenida Viña del Mar","jerarquia":5},"geometry":{"type":"LineString","coordinates":[[-70.74276,-34.13285],[-70.74286,-34.13323]]}},{"type":"Feature","properties":{"nombre":"Avenida Viña del Mar","jerarquia":5},"geometry":{"type":"LineString","coordinates":[[-70.74286,-34.13323],[-70.74296,-34.13361]]}},{"type":"Feature","properties":{"nombre":"Avenida Viña del Mar","jerarquia":5},"geometry":{"type":"LineString","coordinates":[[-70.74296,-34.13361],[-70.74307,-34.134]]}},{"type":"Feature","properties":{"nombre":"Avenida Viña del Mar","jerarquia":5},"geometry":{"type":"LineString","coordinates":[[-70.74307,-34.134],[-70.74318,-34.13442]]}},{"type":"Feature","properties":{"nombre":"Camino Los Fresnos","jerarquia":5},"geometry":{"type":"LineString","coordinates":[[-70.74002,-34.1266],[-70.74116,-34.12779]]}},{"type":"Feature","properties":{"nombre":"Los Arcángeles","jerarquia":5},"geometry":{"type":"LineString","coordinates":[[-70.74002,-34.1266],[-70.73927,-34.12741]]}},{"type":"Feature","properties":{"nombre":"Los Arcángeles","jerarquia":5},"geometry":{"type":"LineString","coordinates":[[-70.73927,-34.12741],[-70.73849,-34.12827]]}},{"type":"Feature","properties":{"nombre":"Los Arcángeles","jerarquia":5},"geometry":{"type":"LineString","coordinates":[[-70.73849,-34.12827],[-70.73817,-34.12862]]}},{"type":"Feature","properties":{"nombre":"Los Arcángeles","jerarquia":5},"geometry":{"type":"LineString","coordinates":[[-70.73817,-34.12862],[-70.73785,-34.12898]]}},{"type":"Feature","properties":{"nombre":"Río Loco","jerarquia":5},"geometry":{"type":"LineString","coordinates":[[-70.76441,-34.18161],[-70.76403,-34.18176]]}},{"type":"Feature","properties":{"nombre":"Río Loco","jerarquia":5},"geometry":{"type":"LineString","coordinates":[[-70.76403,-34.18176],[-70.76318,-34.18206]]}},{"type":"Feature","properties":{"nombre":"Río Loco","jerarquia":5},"geometry":{"type":"LineString","coordinates":[[-70.76318,-34.18206],[-70.76287,-34.18217]]}},{"type":"Feature","properties":{"nombre":"Río Loco","jerarquia":5},"geometry":{"type":"LineString","coordinates":[[-70.76287,-34.18217],[-70.76193,-34.18253]]}},{"type":"Feature","properties":{"nombre":"Río Loco","jerarquia":5},"geometry":{"type":"LineString","coordinates":[[-70.76193,-34.18253],[-70.76167,-34.18263]]}},{"type":"Feature","properties":{"nombre":"San Rafael","jerarquia":5},"geometry":{"type":"LineString","coordinates":[[-70.75591,-34.161],[-70.75567,-34.16075]]}},{"type":"Feature","properties":{"nombre":"San Rafael","jerarquia":5},"geometry":{"type":"LineString","coordinates":[[-70.75567,-34.16075],[-70.75537,-34.16043]]}},{"type":"Feature","properties":{"nombre":"San Rafael","jerarquia":5},"geometry":{"type":"LineString","coordinates":[[-70.75537,-34.16043],[-70.75485,-34.15988]]}},{"type":"Feature","properties":{"nombre":"San Rafael","jerarquia":5},"geometry":{"type":"LineString","coordinates":[[-70.75485,-34.15988],[-70.75297,-34.15784]]}},{"type":"Feature","properties":{"nombre":"San Rafael","jerarquia":5},"geometry":{"type":"LineString","coordinates":[[-70.75297,-34.15784],[-70.75213,-34.15697]]}},{"type":"Feature","properties":{"nombre":"San Rafael","jerarquia":5},"geometry":{"type":"LineString","coordinates":[[-70.75213,-34.15697],[-70.75191,-34.15674]]}},{"type":"Feature","properties":{"nombre":"San Rafael","jerarquia":5},"geometry":{"type":"LineString","coordinates":[[-70.75191,-34.15674],[-70.75161,-34.15642]]}},{"type":"Feature","properties":{"nombre":"San Rafael","jerarquia":5},"geometry":{"type":"LineString","coordinates":[[-70.75161,-34.15642],[-70.75139,-34.15619]]}},{"type":"Feature","properties":{"nombre":"San Rafael","jerarquia":5},"geometry":{"type":"LineString","coordinates":[[-70.75139,-34.15619],[-70.7512,-34.15599]]}},{"type":"Feature","properties":{"nombre":"San Rafael","jerarquia":5},"geometry":{"type":"LineString","coordinates":[[-70.7512,-34.15599],[-70.75109,-34.15587]]}},{"type":"Feature","properties":{"nombre":"San Rafael","jerarquia":5},"geometry":{"type":"LineString","coordinates":[[-70.75109,-34.15587],[-70.7505,-34.15523]]}},{"type":"Feature","properties":{"nombre":"San Rafael","jerarquia":5},"geometry":{"type":"LineString","coordinates":[[-70.7505,-34.15523],[-70.75037,-34.15508]]}},{"type":"Feature","properties":{"nombre":"El Trapiche","jerarquia":5},"geometry":{"type":"LineString","coordinates":[[-70.76303,-34.15434],[-70.76297,-34.15459]]}},{"type":"Feature","properties":{"nombre":"El Trapiche","jerarquia":5},"geometry":{"type":"LineString","coordinates":[[-70.76297,-34.15459],[-70.7629,-34.15494]]}},{"type":"Feature","properties":{"nombre":"El Trapiche","jerarquia":5},"geometry":{"type":"LineString","coordinates":[[-70.7629,-34.15494],[-70.76278,-34.15539]]}},{"type":"Feature","properties":{"nombre":"Avenida General Manuel Baquedano","jerarquia":4},"geometry":{"type":"LineString","coordinates":[[-70.77038,-34.16481],[-70.76795,-34.16535]]}},{"type":"Feature","properties":{"nombre":"Avenida General Manuel Baquedano","jerarquia":4},"geometry":{"type":"LineString","coordinates":[[-70.76795,-34.16535],[-70.76682,-34.1656],[-70.76649,-34.16573]]}},{"type":"Feature","properties":{"nombre":"Avenida Libertador Bernardo O'Higgins","jerarquia":3},"geometry":{"type":"LineString","coordinates":[[-70.74946,-34.16417],[-70.74839,-34.16437]]}},{"type":"Feature","properties":{"nombre":"Avenida Libertador Bernardo O'Higgins","jerarquia":3},"geometry":{"type":"LineString","coordinates":[[-70.74839,-34.16437],[-70.74654,-34.1647]]}},{"type":"Feature","properties":{"nombre":"Avenida Libertador Bernardo O'Higgins","jerarquia":3},"geometry":{"type":"LineString","coordinates":[[-70.74654,-34.1647],[-70.74535,-34.16492]]}},{"type":"Feature","properties":{"nombre":"","jerarquia":5},"geometry":{"type":"LineString","coordinates":[[-70.75032,-34.16402],[-70.75034,-34.16388]]}},{"type":"Feature","properties":{"nombre":"Avenida España","jerarquia":3},"geometry":{"type":"LineString","coordinates":[[-70.74532,-34.16478],[-70.74527,-34.16459]]}},{"type":"Feature","properties":{"nombre":"Avenida España","jerarquia":3},"geometry":{"type":"LineString","coordinates":[[-70.74527,-34.16459],[-70.74526,-34.16451]]}},{"type":"Feature","properties":{"nombre":"Avenida Libertador Bernardo O'Higgins","jerarquia":3},"geometry":{"type":"LineString","coordinates":[[-70.74251,-34.1649],[-70.74388,-34.16471]]}},{"type":"Feature","properties":{"nombre":"Oficial Carlos María O'Carrol","jerarquia":4},"geometry":{"type":"LineString","coordinates":[[-70.74878,-34.17039],[-70.74661,-34.17066]]}},{"type":"Feature","properties":{"nombre":"Oficial Carlos María O'Carrol","jerarquia":4},"geometry":{"type":"LineString","coordinates":[[-70.74661,-34.17066],[-70.74651,-34.17068]]}},{"type":"Feature","properties":{"nombre":"El Palqui","jerarquia":5},"geometry":{"type":"LineString","coordinates":[[-70.76305,-34.15693],[-70.76213,-34.15753]]}},{"type":"Feature","properties":{"nombre":"El Palqui","jerarquia":5},"geometry":{"type":"LineString","coordinates":[[-70.76213,-34.15753],[-70.76185,-34.15773]]}},{"type":"Feature","properties":{"nombre":"El Palqui","jerarquia":5},"geometry":{"type":"LineString","coordinates":[[-70.76185,-34.15773],[-70.76144,-34.158]]}},{"type":"Feature","properties":{"nombre":"El Palqui","jerarquia":5},"geometry":{"type":"LineString","coordinates":[[-70.76144,-34.158],[-70.76117,-34.15818]]}},{"type":"Feature","properties":{"nombre":"El Palqui","jerarquia":5},"geometry":{"type":"LineString","coordinates":[[-70.76117,-34.15818],[-70.7607,-34.15847]]}},{"type":"Feature","properties":{"nombre":"El Palqui","jerarquia":5},"geometry":{"type":"LineString","coordinates":[[-70.7607,-34.15847],[-70.7603,-34.15873]]}},{"type":"Feature","properties":{"nombre":"El Palqui","jerarquia":5},"geometry":{"type":"LineString","coordinates":[[-70.7603,-34.15873],[-70.76004,-34.15892]]}},{"type":"Feature","properties":{"nombre":"El Palqui","jerarquia":5},"geometry":{"type":"LineString","coordinates":[[-70.76004,-34.15892],[-70.75977,-34.15911]]}},{"type":"Feature","properties":{"nombre":"El Palqui","jerarquia":5},"geometry":{"type":"LineString","coordinates":[[-70.75977,-34.15911],[-70.75942,-34.15926]]}},{"type":"Feature","properties":{"nombre":"Santa Filomena","jerarquia":5},"geometry":{"type":"LineString","coordinates":[[-70.76321,-34.17383],[-70.7636,-34.17365]]}},{"type":"Feature","properties":{"nombre":"Santa Filomena","jerarquia":5},"geometry":{"type":"LineString","coordinates":[[-70.7636,-34.17365],[-70.76381,-34.17356]]}},{"type":"Feature","properties":{"nombre":"Santa Filomena","jerarquia":5},"geometry":{"type":"LineString","coordinates":[[-70.76381,-34.17356],[-70.76419,-34.17338]]}},{"type":"Feature","properties":{"nombre":"Santa Filomena","jerarquia":5},"geometry":{"type":"LineString","coordinates":[[-70.76419,-34.17338],[-70.76524,-34.17291]]}},{"type":"Feature","properties":{"nombre":"Circunvalación","jerarquia":5},"geometry":{"type":"LineString","coordinates":[[-70.76166,-34.16389],[-70.76145,-34.16353]]}},{"type":"Feature","properties":{"nombre":"Circunvalación","jerarquia":5},"geometry":{"type":"LineString","coordinates":[[-70.76145,-34.16353],[-70.76128,-34.16322]]}},{"type":"Feature","properties":{"nombre":"Circunvalación","jerarquia":5},"geometry":{"type":"LineString","coordinates":[[-70.76128,-34.16322],[-70.76109,-34.16292]]}},{"type":"Feature","properties":{"nombre":"Circunvalación","jerarquia":5},"geometry":{"type":"LineString","coordinates":[[-70.76109,-34.16292],[-70.76089,-34.16257]]}},{"type":"Feature","properties":{"nombre":"Circunvalación","jerarquia":5},"geometry":{"type":"LineString","coordinates":[[-70.76089,-34.16257],[-70.76072,-34.16228]]}},{"type":"Feature","properties":{"nombre":"Circunvalación","jerarquia":5},"geometry":{"type":"LineString","coordinates":[[-70.76072,-34.16228],[-70.76054,-34.16197]]}},{"type":"Feature","properties":{"nombre":"Circunvalación","jerarquia":5},"geometry":{"type":"LineString","coordinates":[[-70.76054,-34.16197],[-70.76034,-34.16162]]}},{"type":"Feature","properties":{"nombre":"Circunvalación","jerarquia":5},"geometry":{"type":"LineString","coordinates":[[-70.76034,-34.16162],[-70.76016,-34.16133]]}},{"type":"Feature","properties":{"nombre":"Circunvalación","jerarquia":5},"geometry":{"type":"LineString","coordinates":[[-70.76016,-34.16133],[-70.75999,-34.16102]]}},{"type":"Feature","properties":{"nombre":"Circunvalación","jerarquia":5},"geometry":{"type":"LineString","coordinates":[[-70.75999,-34.16102],[-70.7598,-34.1607]]}},{"type":"Feature","properties":{"nombre":"Circunvalación","jerarquia":5},"geometry":{"type":"LineString","coordinates":[[-70.7598,-34.1607],[-70.75946,-34.16013]]}},{"type":"Feature","properties":{"nombre":"Santa Filomena","jerarquia":5},"geometry":{"type":"LineString","coordinates":[[-70.76524,-34.17291],[-70.76572,-34.17269]]}},{"type":"Feature","properties":{"nombre":"Santa Filomena","jerarquia":5},"geometry":{"type":"LineString","coordinates":[[-70.76572,-34.17269],[-70.76617,-34.17249]]}},{"type":"Feature","properties":{"nombre":"Santa Filomena","jerarquia":5},"geometry":{"type":"LineString","coordinates":[[-70.76617,-34.17249],[-70.76712,-34.17206]]}},{"type":"Feature","properties":{"nombre":"Santa Filomena","jerarquia":5},"geometry":{"type":"LineString","coordinates":[[-70.76712,-34.17206],[-70.76828,-34.17153]]}},{"type":"Feature","properties":{"nombre":"Avenida Bolivia","jerarquia":5},"geometry":{"type":"LineString","coordinates":[[-70.75831,-34.17763],[-70.75828,-34.17751]]}},{"type":"Feature","properties":{"nombre":"La Araucana","jerarquia":5},"geometry":{"type":"LineString","coordinates":[[-70.72071,-34.17342],[-70.72085,-34.17382]]}},{"type":"Feature","properties":{"nombre":"La Araucana","jerarquia":5},"geometry":{"type":"LineString","coordinates":[[-70.72069,-34.17335],[-70.72071,-34.17342]]}},{"type":"Feature","properties":{"nombre":"","jerarquia":3},"geometry":{"type":"LineString","coordinates":[[-70.70729,-34.16308],[-70.70739,-34.16294],[-70.70737,-34.16277]]}},{"type":"Feature","properties":{"nombre":"Avenida Grecia","jerarquia":5},"geometry":{"type":"LineString","coordinates":[[-70.74117,-34.15943],[-70.74019,-34.15955]]}},{"type":"Feature","properties":{"nombre":"Avenida Grecia","jerarquia":5},"geometry":{"type":"LineString","coordinates":[[-70.74019,-34.15955],[-70.73975,-34.15961]]}},{"type":"Feature","properties":{"nombre":"Avenida Grecia","jerarquia":5},"geometry":{"type":"LineString","coordinates":[[-70.73975,-34.15961],[-70.7397,-34.15961]]}},{"type":"Feature","properties":{"nombre":"Avenida Grecia","jerarquia":5},"geometry":{"type":"LineString","coordinates":[[-70.7397,-34.15961],[-70.73924,-34.15967]]}},{"type":"Feature","properties":{"nombre":"Avenida Grecia","jerarquia":5},"geometry":{"type":"LineString","coordinates":[[-70.73924,-34.15967],[-70.73866,-34.15975]]}},{"type":"Feature","properties":{"nombre":"Avenida Brasil","jerarquia":4},"geometry":{"type":"LineString","coordinates":[[-70.75019,-34.16895],[-70.75135,-34.1688]]}},{"type":"Feature","properties":{"nombre":"Vicente Calvo","jerarquia":4},"geometry":{"type":"LineString","coordinates":[[-70.75168,-34.16994],[-70.75151,-34.16922],[-70.75135,-34.1688]]}},{"type":"Feature","properties":{"nombre":"","jerarquia":3},"geometry":{"type":"LineString","coordinates":[[-70.72359,-34.16773],[-70.72369,-34.16782],[-70.72368,-34.16792]]}},{"type":"Feature","properties":{"nombre":"","jerarquia":3},"geometry":{"type":"LineString","coordinates":[[-70.72368,-34.16792],[-70.72364,-34.16796]]}},{"type":"Feature","properties":{"nombre":"Avenida El Parque","jerarquia":5},"geometry":{"type":"LineString","coordinates":[[-70.70398,-34.17967],[-70.70472,-34.18039]]}},{"type":"Feature","properties":{"nombre":"Avenida El Parque","jerarquia":5},"geometry":{"type":"LineString","coordinates":[[-70.70472,-34.18039],[-70.70563,-34.18126]]}},{"type":"Feature","properties":{"nombre":"Avenida El Parque","jerarquia":5},"geometry":{"type":"LineString","coordinates":[[-70.70563,-34.18126],[-70.70603,-34.18162]]}},{"type":"Feature","properties":{"nombre":"Avenida El Parque","jerarquia":5},"geometry":{"type":"LineString","coordinates":[[-70.70603,-34.18162],[-70.70634,-34.18193]]}},{"type":"Feature","properties":{"nombre":"Avenida El Parque","jerarquia":5},"geometry":{"type":"LineString","coordinates":[[-70.70634,-34.18193],[-70.70664,-34.18225]]}},{"type":"Feature","properties":{"nombre":"Avenida El Parque","jerarquia":5},"geometry":{"type":"LineString","coordinates":[[-70.70664,-34.18225],[-70.70729,-34.18289]]}},{"type":"Feature","properties":{"nombre":"Leopoldo de Asís","jerarquia":5},"geometry":{"type":"LineString","coordinates":[[-70.70463,-34.17546],[-70.70291,-34.17569]]}},{"type":"Feature","properties":{"nombre":"San Joaquín","jerarquia":5},"geometry":{"type":"LineString","coordinates":[[-70.70929,-34.18001],[-70.70956,-34.18034],[-70.71005,-34.1808]]}},{"type":"Feature","properties":{"nombre":"San Joaquín","jerarquia":5},"geometry":{"type":"LineString","coordinates":[[-70.70479,-34.17546],[-70.70595,-34.17665]]}},{"type":"Feature","properties":{"nombre":"San Joaquín","jerarquia":5},"geometry":{"type":"LineString","coordinates":[[-70.70595,-34.17665],[-70.70625,-34.17694]]}},{"type":"Feature","properties":{"nombre":"San Joaquín","jerarquia":5},"geometry":{"type":"LineString","coordinates":[[-70.70625,-34.17694],[-70.70654,-34.17721]]}},{"type":"Feature","properties":{"nombre":"San Joaquín","jerarquia":5},"geometry":{"type":"LineString","coordinates":[[-70.70654,-34.17721],[-70.70683,-34.1775]]}},{"type":"Feature","properties":{"nombre":"San Joaquín","jerarquia":5},"geometry":{"type":"LineString","coordinates":[[-70.70683,-34.1775],[-70.70712,-34.17779]]}},{"type":"Feature","properties":{"nombre":"San Joaquín","jerarquia":5},"geometry":{"type":"LineString","coordinates":[[-70.70712,-34.17779],[-70.7074,-34.17807]]}},{"type":"Feature","properties":{"nombre":"San Joaquín","jerarquia":5},"geometry":{"type":"LineString","coordinates":[[-70.7074,-34.17807],[-70.70767,-34.17834]]}},{"type":"Feature","properties":{"nombre":"San Joaquín","jerarquia":5},"geometry":{"type":"LineString","coordinates":[[-70.70767,-34.17834],[-70.708,-34.17866]]}},{"type":"Feature","properties":{"nombre":"San Joaquín","jerarquia":5},"geometry":{"type":"LineString","coordinates":[[-70.708,-34.17866],[-70.70834,-34.17899]]}},{"type":"Feature","properties":{"nombre":"San Joaquín","jerarquia":5},"geometry":{"type":"LineString","coordinates":[[-70.70834,-34.17899],[-70.70842,-34.17907]]}},{"type":"Feature","properties":{"nombre":"San Joaquín","jerarquia":5},"geometry":{"type":"LineString","coordinates":[[-70.70842,-34.17907],[-70.70902,-34.17969]]}},{"type":"Feature","properties":{"nombre":"San Joaquín","jerarquia":5},"geometry":{"type":"LineString","coordinates":[[-70.70902,-34.17969],[-70.70913,-34.17982]]}},{"type":"Feature","properties":{"nombre":"San Joaquín","jerarquia":5},"geometry":{"type":"LineString","coordinates":[[-70.70913,-34.17982],[-70.70929,-34.18001]]}},{"type":"Feature","properties":{"nombre":"Leopoldo de Asís","jerarquia":5},"geometry":{"type":"LineString","coordinates":[[-70.70479,-34.17546],[-70.70463,-34.17546]]}},{"type":"Feature","properties":{"nombre":"Avenida Grecia","jerarquia":5},"geometry":{"type":"LineString","coordinates":[[-70.73597,-34.16072],[-70.73531,-34.1608]]}},{"type":"Feature","properties":{"nombre":"Avenida Grecia","jerarquia":5},"geometry":{"type":"LineString","coordinates":[[-70.73531,-34.1608],[-70.73468,-34.16089]]}},{"type":"Feature","properties":{"nombre":"Avenida Grecia","jerarquia":5},"geometry":{"type":"LineString","coordinates":[[-70.73468,-34.16089],[-70.73333,-34.16105]]}},{"type":"Feature","properties":{"nombre":"Avenida Grecia","jerarquia":5},"geometry":{"type":"LineString","coordinates":[[-70.73333,-34.16105],[-70.73326,-34.16106]]}},{"type":"Feature","properties":{"nombre":"Avenida Camino del Recreo","jerarquia":5},"geometry":{"type":"LineString","coordinates":[[-70.73672,-34.15024],[-70.73683,-34.15074]]}},{"type":"Feature","properties":{"nombre":"Avenida Camino del Recreo","jerarquia":5},"geometry":{"type":"LineString","coordinates":[[-70.73683,-34.15074],[-70.73697,-34.15142]]}},{"type":"Feature","properties":{"nombre":"Avenida Camino del Recreo","jerarquia":5},"geometry":{"type":"LineString","coordinates":[[-70.73697,-34.15142],[-70.73705,-34.15181]]}},{"type":"Feature","properties":{"nombre":"Avenida Camino del Recreo","jerarquia":5},"geometry":{"type":"LineString","coordinates":[[-70.73705,-34.15181],[-70.73724,-34.1527]]}},{"type":"Feature","properties":{"nombre":"Avenida Camino del Recreo","jerarquia":5},"geometry":{"type":"LineString","coordinates":[[-70.73724,-34.1527],[-70.73735,-34.15318]]}},{"type":"Feature","properties":{"nombre":"Avenida Camino del Recreo","jerarquia":5},"geometry":{"type":"LineString","coordinates":[[-70.73735,-34.15318],[-70.73759,-34.15437]]}},{"type":"Feature","properties":{"nombre":"Avenida Camino del Recreo","jerarquia":5},"geometry":{"type":"LineString","coordinates":[[-70.73759,-34.15437],[-70.73769,-34.1548]]}},{"type":"Feature","properties":{"nombre":"Avenida Los Alpes","jerarquia":5},"geometry":{"type":"LineString","coordinates":[[-70.73672,-34.15024],[-70.73618,-34.15039]]}},{"type":"Feature","properties":{"nombre":"Avenida Los Alpes","jerarquia":5},"geometry":{"type":"LineString","coordinates":[[-70.73618,-34.15039],[-70.73516,-34.15068]]}},{"type":"Feature","properties":{"nombre":"Avenida Los Alpes","jerarquia":5},"geometry":{"type":"LineString","coordinates":[[-70.73516,-34.15068],[-70.73473,-34.1508]]}},{"type":"Feature","properties":{"nombre":"Avenida Los Alpes","jerarquia":5},"geometry":{"type":"LineString","coordinates":[[-70.73473,-34.1508],[-70.73467,-34.15082]]}},{"type":"Feature","properties":{"nombre":"Avenida Los Alpes","jerarquia":5},"geometry":{"type":"LineString","coordinates":[[-70.73467,-34.15082],[-70.73429,-34.15092]]}},{"type":"Feature","properties":{"nombre":"Avenida Los Alpes","jerarquia":5},"geometry":{"type":"LineString","coordinates":[[-70.73429,-34.15092],[-70.73414,-34.15097]]}},{"type":"Feature","properties":{"nombre":"Avenida Los Alpes","jerarquia":5},"geometry":{"type":"LineString","coordinates":[[-70.73414,-34.15097],[-70.7339,-34.15103]]}},{"type":"Feature","properties":{"nombre":"Avenida Los Alpes","jerarquia":5},"geometry":{"type":"LineString","coordinates":[[-70.7339,-34.15103],[-70.73361,-34.15112]]}},{"type":"Feature","properties":{"nombre":"Avenida Los Alpes","jerarquia":5},"geometry":{"type":"LineString","coordinates":[[-70.73361,-34.15112],[-70.73274,-34.15136]]}},{"type":"Feature","properties":{"nombre":"Avenida Los Alpes","jerarquia":5},"geometry":{"type":"LineString","coordinates":[[-70.73274,-34.15136],[-70.73129,-34.15177]]}},{"type":"Feature","properties":{"nombre":"Avenida Illanes","jerarquia":4},"geometry":{"type":"LineString","coordinates":[[-70.73115,-34.1518],[-70.73105,-34.15131]]}},{"type":"Feature","properties":{"nombre":"Avenida Illanes","jerarquia":4},"geometry":{"type":"LineString","coordinates":[[-70.73105,-34.15131],[-70.73095,-34.15085]]}},{"type":"Feature","properties":{"nombre":"Avenida Illanes","jerarquia":4},"geometry":{"type":"LineString","coordinates":[[-70.73095,-34.15085],[-70.73087,-34.15048]]}},{"type":"Feature","properties":{"nombre":"Avenida Illanes","jerarquia":4},"geometry":{"type":"LineString","coordinates":[[-70.73087,-34.15048],[-70.73075,-34.14989]]}},{"type":"Feature","properties":{"nombre":"Avenida Los Alpes","jerarquia":5},"geometry":{"type":"LineString","coordinates":[[-70.73115,-34.1518],[-70.73006,-34.15196]]}},{"type":"Feature","properties":{"nombre":"Avenida Los Alpes","jerarquia":5},"geometry":{"type":"LineString","coordinates":[[-70.73006,-34.15196],[-70.72984,-34.15195]]}},{"type":"Feature","properties":{"nombre":"Avenida Los Alpes","jerarquia":5},"geometry":{"type":"LineString","coordinates":[[-70.72984,-34.15195],[-70.72936,-34.15192]]}},{"type":"Feature","properties":{"nombre":"Avenida Los Alpes","jerarquia":5},"geometry":{"type":"LineString","coordinates":[[-70.72936,-34.15192],[-70.72878,-34.15189]]}},{"type":"Feature","properties":{"nombre":"Avenida Camino del Recreo","jerarquia":5},"geometry":{"type":"LineString","coordinates":[[-70.73524,-34.14289],[-70.73519,-34.14265]]}},{"type":"Feature","properties":{"nombre":"Avenida Camino del Recreo","jerarquia":5},"geometry":{"type":"LineString","coordinates":[[-70.73519,-34.14265],[-70.73501,-34.1418]]}},{"type":"Feature","properties":{"nombre":"Avenida Camino del Recreo","jerarquia":5},"geometry":{"type":"LineString","coordinates":[[-70.73501,-34.1418],[-70.735,-34.14173]]}},{"type":"Feature","properties":{"nombre":"Avenida Camino del Recreo","jerarquia":5},"geometry":{"type":"LineString","coordinates":[[-70.735,-34.14173],[-70.73492,-34.14135]]}},{"type":"Feature","properties":{"nombre":"Avenida Camino del Recreo","jerarquia":5},"geometry":{"type":"LineString","coordinates":[[-70.73492,-34.14135],[-70.73464,-34.14011]]}},{"type":"Feature","properties":{"nombre":"San Miguel Arcángel","jerarquia":5},"geometry":{"type":"LineString","coordinates":[[-70.73424,-34.1294],[-70.7345,-34.12907]]}},{"type":"Feature","properties":{"nombre":"San Miguel Arcángel","jerarquia":5},"geometry":{"type":"LineString","coordinates":[[-70.7345,-34.12907],[-70.73468,-34.12878]]}},{"type":"Feature","properties":{"nombre":"San Miguel Arcángel","jerarquia":5},"geometry":{"type":"LineString","coordinates":[[-70.73468,-34.12878],[-70.73475,-34.12867]]}},{"type":"Feature","properties":{"nombre":"San Miguel Arcángel","jerarquia":5},"geometry":{"type":"LineString","coordinates":[[-70.73475,-34.12867],[-70.73482,-34.12846]]}},{"type":"Feature","properties":{"nombre":"1 y 2 de Octubre","jerarquia":5},"geometry":{"type":"LineString","coordinates":[[-70.73391,-34.16405],[-70.73519,-34.1639]]}},{"type":"Feature","properties":{"nombre":"Avenida Grecia","jerarquia":5},"geometry":{"type":"LineString","coordinates":[[-70.73677,-34.15999],[-70.7366,-34.16011],[-70.73643,-34.16036]]}},{"type":"Feature","properties":{"nombre":"Avenida Grecia","jerarquia":5},"geometry":{"type":"LineString","coordinates":[[-70.73643,-34.16036],[-70.73624,-34.16063]]}},{"type":"Feature","properties":{"nombre":"Avenida Grecia","jerarquia":5},"geometry":{"type":"LineString","coordinates":[[-70.73624,-34.16063],[-70.73597,-34.16072]]}},{"type":"Feature","properties":{"nombre":"Nelson Pereira","jerarquia":5},"geometry":{"type":"LineString","coordinates":[[-70.73802,-34.13508],[-70.73716,-34.13439]]}},{"type":"Feature","properties":{"nombre":"Nelson Pereira","jerarquia":5},"geometry":{"type":"LineString","coordinates":[[-70.73716,-34.13439],[-70.73605,-34.13338]]}},{"type":"Feature","properties":{"nombre":"Samuel Román Rojas","jerarquia":5},"geometry":{"type":"LineString","coordinates":[[-70.74174,-34.13542],[-70.74208,-34.13518]]}},{"type":"Feature","properties":{"nombre":"Samuel Román Rojas","jerarquia":5},"geometry":{"type":"LineString","coordinates":[[-70.74208,-34.13518],[-70.74241,-34.13495]]}},{"type":"Feature","properties":{"nombre":"Samuel Román Rojas","jerarquia":5},"geometry":{"type":"LineString","coordinates":[[-70.74241,-34.13495],[-70.74318,-34.13442]]}},{"type":"Feature","properties":{"nombre":"Tal-Tal","jerarquia":5},"geometry":{"type":"LineString","coordinates":[[-70.74002,-34.12941],[-70.73965,-34.12965]]}},{"type":"Feature","properties":{"nombre":"Tal-Tal","jerarquia":5},"geometry":{"type":"LineString","coordinates":[[-70.73965,-34.12965],[-70.7393,-34.12987]]}},{"type":"Feature","properties":{"nombre":"Tal-Tal","jerarquia":5},"geometry":{"type":"LineString","coordinates":[[-70.7393,-34.12987],[-70.73895,-34.13009]]}},{"type":"Feature","properties":{"nombre":"Tal-Tal","jerarquia":5},"geometry":{"type":"LineString","coordinates":[[-70.73895,-34.13009],[-70.73855,-34.13034]]}},{"type":"Feature","properties":{"nombre":"Tal-Tal","jerarquia":5},"geometry":{"type":"LineString","coordinates":[[-70.73855,-34.13034],[-70.73847,-34.13039]]}},{"type":"Feature","properties":{"nombre":"Tal-Tal","jerarquia":5},"geometry":{"type":"LineString","coordinates":[[-70.73847,-34.13039],[-70.73805,-34.13065]]}},{"type":"Feature","properties":{"nombre":"Tal-Tal","jerarquia":5},"geometry":{"type":"LineString","coordinates":[[-70.73805,-34.13065],[-70.73775,-34.13085]]}},{"type":"Feature","properties":{"nombre":"Tal-Tal","jerarquia":5},"geometry":{"type":"LineString","coordinates":[[-70.73775,-34.13085],[-70.7377,-34.13087]]}},{"type":"Feature","properties":{"nombre":"Tal-Tal","jerarquia":5},"geometry":{"type":"LineString","coordinates":[[-70.7377,-34.13087],[-70.73735,-34.13109]]}},{"type":"Feature","properties":{"nombre":"Tal-Tal","jerarquia":5},"geometry":{"type":"LineString","coordinates":[[-70.73735,-34.13109],[-70.73702,-34.1313]]}},{"type":"Feature","properties":{"nombre":"Tal-Tal","jerarquia":5},"geometry":{"type":"LineString","coordinates":[[-70.73702,-34.1313],[-70.73698,-34.13132]]}},{"type":"Feature","properties":{"nombre":"Tal-Tal","jerarquia":5},"geometry":{"type":"LineString","coordinates":[[-70.73698,-34.13132],[-70.73663,-34.13155]]}},{"type":"Feature","properties":{"nombre":"San Miguel Arcángel","jerarquia":5},"geometry":{"type":"LineString","coordinates":[[-70.73482,-34.12846],[-70.73516,-34.12796]]}},{"type":"Feature","properties":{"nombre":"San Miguel Arcángel","jerarquia":5},"geometry":{"type":"LineString","coordinates":[[-70.73516,-34.12796],[-70.73527,-34.12779]]}},{"type":"Feature","properties":{"nombre":"San Miguel Arcángel","jerarquia":5},"geometry":{"type":"LineString","coordinates":[[-70.73527,-34.12779],[-70.73538,-34.12761]]}},{"type":"Feature","properties":{"nombre":"San Miguel Arcángel","jerarquia":5},"geometry":{"type":"LineString","coordinates":[[-70.73538,-34.12761],[-70.73549,-34.12744]]}},{"type":"Feature","properties":{"nombre":"San Miguel Arcángel","jerarquia":5},"geometry":{"type":"LineString","coordinates":[[-70.73549,-34.12744],[-70.7356,-34.12727]]}},{"type":"Feature","properties":{"nombre":"San Miguel Arcángel","jerarquia":5},"geometry":{"type":"LineString","coordinates":[[-70.7356,-34.12727],[-70.73579,-34.12695]]}},{"type":"Feature","properties":{"nombre":"San Miguel Arcángel","jerarquia":5},"geometry":{"type":"LineString","coordinates":[[-70.73579,-34.12695],[-70.73606,-34.12655]]}},{"type":"Feature","properties":{"nombre":"San Miguel Arcángel","jerarquia":5},"geometry":{"type":"LineString","coordinates":[[-70.73606,-34.12655],[-70.73612,-34.12646]]}},{"type":"Feature","properties":{"nombre":"San Miguel Arcángel","jerarquia":5},"geometry":{"type":"LineString","coordinates":[[-70.73612,-34.12646],[-70.73629,-34.1262]]}},{"type":"Feature","properties":{"nombre":"San Miguel Arcángel","jerarquia":5},"geometry":{"type":"LineString","coordinates":[[-70.73629,-34.1262],[-70.73646,-34.12594]]}},{"type":"Feature","properties":{"nombre":"San Miguel Arcángel","jerarquia":5},"geometry":{"type":"LineString","coordinates":[[-70.73646,-34.12594],[-70.73662,-34.12569]]}},{"type":"Feature","properties":{"nombre":"San Miguel Arcángel","jerarquia":5},"geometry":{"type":"LineString","coordinates":[[-70.73662,-34.12569],[-70.73663,-34.12567]]}},{"type":"Feature","properties":{"nombre":"San Miguel Arcángel","jerarquia":5},"geometry":{"type":"LineString","coordinates":[[-70.73663,-34.12567],[-70.73679,-34.12544]]}},{"type":"Feature","properties":{"nombre":"San Miguel Arcángel","jerarquia":5},"geometry":{"type":"LineString","coordinates":[[-70.73679,-34.12544],[-70.73714,-34.12488]]}},{"type":"Feature","properties":{"nombre":"San Miguel Arcángel","jerarquia":5},"geometry":{"type":"LineString","coordinates":[[-70.73714,-34.12488],[-70.73753,-34.12429]]}},{"type":"Feature","properties":{"nombre":"Avenida República de Chile","jerarquia":5},"geometry":{"type":"LineString","coordinates":[[-70.74462,-34.15411],[-70.74558,-34.15397]]}},{"type":"Feature","properties":{"nombre":"Avenida República de Chile","jerarquia":5},"geometry":{"type":"LineString","coordinates":[[-70.74558,-34.15397],[-70.74643,-34.15384]]}},{"type":"Feature","properties":{"nombre":"Camino a Tuniche","jerarquia":3},"geometry":{"type":"LineString","coordinates":[[-70.75053,-34.13156],[-70.7501,-34.13212]]}},{"type":"Feature","properties":{"nombre":"Camino a Tuniche","jerarquia":3},"geometry":{"type":"LineString","coordinates":[[-70.7501,-34.13212],[-70.74884,-34.13384]]}},{"type":"Feature","properties":{"nombre":"Camino a Tuniche","jerarquia":3},"geometry":{"type":"LineString","coordinates":[[-70.74884,-34.13384],[-70.74804,-34.1349]]}},{"type":"Feature","properties":{"nombre":"Avenida Circunvalación Poniente","jerarquia":5},"geometry":{"type":"LineString","coordinates":[[-70.77189,-34.17537],[-70.7718,-34.17528]]}},{"type":"Feature","properties":{"nombre":"Camino a Nogales","jerarquia":5},"geometry":{"type":"LineString","coordinates":[[-70.66799,-34.20019],[-70.66671,-34.20129]]}},{"type":"Feature","properties":{"nombre":"Nelson Pereira","jerarquia":5},"geometry":{"type":"LineString","coordinates":[[-70.73993,-34.1367],[-70.73955,-34.13638]]}},{"type":"Feature","properties":{"nombre":"Nelson Pereira","jerarquia":5},"geometry":{"type":"LineString","coordinates":[[-70.74007,-34.13661],[-70.74019,-34.13671]]}},{"type":"Feature","properties":{"nombre":"Andrés de Alcázar","jerarquia":5},"geometry":{"type":"LineString","coordinates":[[-70.7385,-34.16548],[-70.73849,-34.16589]]}},{"type":"Feature","properties":{"nombre":"Avenida Libertador Bernardo O'Higgins","jerarquia":3},"geometry":{"type":"LineString","coordinates":[[-70.74388,-34.16471],[-70.74514,-34.16452]]}},{"type":"Feature","properties":{"nombre":"Avenida Libertador Bernardo O'Higgins","jerarquia":3},"geometry":{"type":"LineString","coordinates":[[-70.74514,-34.16452],[-70.74526,-34.16451]]}},{"type":"Feature","properties":{"nombre":"Avenida Pedro de Valdivia","jerarquia":4},"geometry":{"type":"LineString","coordinates":[[-70.73904,-34.17568],[-70.73658,-34.17648]]}},{"type":"Feature","properties":{"nombre":"Avenida Pedro de Valdivia","jerarquia":4},"geometry":{"type":"LineString","coordinates":[[-70.73658,-34.17648],[-70.73655,-34.17649]]}},{"type":"Feature","properties":{"nombre":"Avenida Pedro de Valdivia","jerarquia":4},"geometry":{"type":"LineString","coordinates":[[-70.73651,-34.17641],[-70.73892,-34.17565]]}},{"type":"Feature","properties":{"nombre":"Avenida Pedro de Valdivia","jerarquia":4},"geometry":{"type":"LineString","coordinates":[[-70.73892,-34.17565],[-70.73903,-34.17561]]}},{"type":"Feature","properties":{"nombre":"Avenida Bolivia","jerarquia":5},"geometry":{"type":"LineString","coordinates":[[-70.76325,-34.18548],[-70.7631,-34.18525]]}},{"type":"Feature","properties":{"nombre":"Tauro","jerarquia":5},"geometry":{"type":"LineString","coordinates":[[-70.70448,-34.16698],[-70.70517,-34.16653]]}},{"type":"Feature","properties":{"nombre":"Avenida Las Torres","jerarquia":5},"geometry":{"type":"LineString","coordinates":[[-70.73082,-34.19044],[-70.73182,-34.18975]]}},{"type":"Feature","properties":{"nombre":"Avenida Las Torres","jerarquia":5},"geometry":{"type":"LineString","coordinates":[[-70.73182,-34.18975],[-70.73304,-34.18892]]}},{"type":"Feature","properties":{"nombre":"Avenida Las Torres","jerarquia":5},"geometry":{"type":"LineString","coordinates":[[-70.73304,-34.18892],[-70.73426,-34.18812]]}},{"type":"Feature","properties":{"nombre":"Avenida Einstein","jerarquia":5},"geometry":{"type":"LineString","coordinates":[[-70.72802,-34.18622],[-70.72752,-34.18567]]}},{"type":"Feature","properties":{"nombre":"Avenida Einstein","jerarquia":5},"geometry":{"type":"LineString","coordinates":[[-70.72752,-34.18567],[-70.72743,-34.18559]]}},{"type":"Feature","properties":{"nombre":"Avenida Las Torres","jerarquia":5},"geometry":{"type":"LineString","coordinates":[[-70.73918,-34.18488],[-70.73974,-34.18451]]}},{"type":"Feature","properties":{"nombre":"Avenida Las Torres","jerarquia":5},"geometry":{"type":"LineString","coordinates":[[-70.73974,-34.18451],[-70.73984,-34.18445]]}},{"type":"Feature","properties":{"nombre":"","jerarquia":2},"geometry":{"type":"LineString","coordinates":[[-70.7282,-34.15301],[-70.72809,-34.15291]]}},{"type":"Feature","properties":{"nombre":"Diego de Almagro","jerarquia":4},"geometry":{"type":"LineString","coordinates":[[-70.74362,-34.18649],[-70.74441,-34.18706],[-70.74506,-34.18742],[-70.74543,-34.18755],[-70.74597,-34.18763],[-70.74656,-34.18784]]}},{"type":"Feature","properties":{"nombre":"San Lorenzo","jerarquia":5},"geometry":{"type":"LineString","coordinates":[[-70.73605,-34.13338],[-70.73586,-34.1335]]}},{"type":"Feature","properties":{"nombre":"San Lorenzo","jerarquia":5},"geometry":{"type":"LineString","coordinates":[[-70.73586,-34.1335],[-70.73564,-34.13363]]}},{"type":"Feature","properties":{"nombre":"San Lorenzo","jerarquia":5},"geometry":{"type":"LineString","coordinates":[[-70.73564,-34.13363],[-70.73549,-34.13373]]}},{"type":"Feature","properties":{"nombre":"San Lorenzo","jerarquia":5},"geometry":{"type":"LineString","coordinates":[[-70.73549,-34.13373],[-70.73528,-34.13386]]}},{"type":"Feature","properties":{"nombre":"San Lorenzo","jerarquia":5},"geometry":{"type":"LineString","coordinates":[[-70.73528,-34.13386],[-70.73511,-34.13397]]}},{"type":"Feature","properties":{"nombre":"San Lorenzo","jerarquia":5},"geometry":{"type":"LineString","coordinates":[[-70.73511,-34.13397],[-70.73489,-34.13411]]}},{"type":"Feature","properties":{"nombre":"San Lorenzo","jerarquia":5},"geometry":{"type":"LineString","coordinates":[[-70.73489,-34.13411],[-70.73469,-34.13423]]}},{"type":"Feature","properties":{"nombre":"San Lorenzo","jerarquia":5},"geometry":{"type":"LineString","coordinates":[[-70.73469,-34.13423],[-70.73448,-34.13437]]}},{"type":"Feature","properties":{"nombre":"San Lorenzo","jerarquia":5},"geometry":{"type":"LineString","coordinates":[[-70.73448,-34.13437],[-70.73433,-34.13446]]}},{"type":"Feature","properties":{"nombre":"San Lorenzo","jerarquia":5},"geometry":{"type":"LineString","coordinates":[[-70.73433,-34.13446],[-70.73407,-34.13462]]}},{"type":"Feature","properties":{"nombre":"San Lorenzo","jerarquia":5},"geometry":{"type":"LineString","coordinates":[[-70.73407,-34.13462],[-70.73393,-34.13471]]}},{"type":"Feature","properties":{"nombre":"San Lorenzo","jerarquia":5},"geometry":{"type":"LineString","coordinates":[[-70.73393,-34.13471],[-70.73366,-34.13488]]}},{"type":"Feature","properties":{"nombre":"San Lorenzo","jerarquia":5},"geometry":{"type":"LineString","coordinates":[[-70.73366,-34.13488],[-70.73356,-34.13495]]}},{"type":"Feature","properties":{"nombre":"San Lorenzo","jerarquia":5},"geometry":{"type":"LineString","coordinates":[[-70.73356,-34.13495],[-70.73331,-34.13511]]}},{"type":"Feature","properties":{"nombre":"San Lorenzo","jerarquia":5},"geometry":{"type":"LineString","coordinates":[[-70.73331,-34.13511],[-70.73316,-34.1352]]}},{"type":"Feature","properties":{"nombre":"San Lorenzo","jerarquia":5},"geometry":{"type":"LineString","coordinates":[[-70.73316,-34.1352],[-70.73293,-34.13534]]}},{"type":"Feature","properties":{"nombre":"San Lorenzo","jerarquia":5},"geometry":{"type":"LineString","coordinates":[[-70.73293,-34.13534],[-70.73278,-34.13544]]}},{"type":"Feature","properties":{"nombre":"San Lorenzo","jerarquia":5},"geometry":{"type":"LineString","coordinates":[[-70.73278,-34.13544],[-70.73235,-34.13571]]}},{"type":"Feature","properties":{"nombre":"La Gonzalina","jerarquia":5},"geometry":{"type":"LineString","coordinates":[[-70.83009,-34.1187],[-70.83512,-34.11703],[-70.83697,-34.11634]]}},{"type":"Feature","properties":{"nombre":"Avenida Illanes","jerarquia":3},"geometry":{"type":"LineString","coordinates":[[-70.73304,-34.16089],[-70.73296,-34.1605]]}},{"type":"Feature","properties":{"nombre":"1 y 2 de Octubre","jerarquia":5},"geometry":{"type":"LineString","coordinates":[[-70.73381,-34.16407],[-70.73391,-34.16405]]}},{"type":"Feature","properties":{"nombre":"Manuel Montt","jerarquia":5},"geometry":{"type":"LineString","coordinates":[[-70.73984,-34.18445],[-70.73967,-34.18428]]}},{"type":"Feature","properties":{"nombre":"Avenida Las Torres","jerarquia":4},"geometry":{"type":"LineString","coordinates":[[-70.73989,-34.18442],[-70.74001,-34.18434]]}},{"type":"Feature","properties":{"nombre":"Manuel Montt","jerarquia":5},"geometry":{"type":"LineString","coordinates":[[-70.74669,-34.18869],[-70.74615,-34.18849]]}},{"type":"Feature","properties":{"nombre":"Ruta Travesía","jerarquia":2},"geometry":{"type":"LineString","coordinates":[[-70.75453,-34.19292],[-70.75385,-34.19201]]}},{"type":"Feature","properties":{"nombre":"","jerarquia":2},"geometry":{"type":"LineString","coordinates":[[-70.75323,-34.19134],[-70.7529,-34.191],[-70.75256,-34.19074]]}},{"type":"Feature","properties":{"nombre":"","jerarquia":5},"geometry":{"type":"LineString","coordinates":[[-70.75256,-34.19074],[-70.75177,-34.19032],[-70.75078,-34.18994]]}},{"type":"Feature","properties":{"nombre":"","jerarquia":5},"geometry":{"type":"LineString","coordinates":[[-70.75078,-34.18994],[-70.74885,-34.18925],[-70.7479,-34.18914]]}},{"type":"Feature","properties":{"nombre":"Ruta Travesía","jerarquia":2},"geometry":{"type":"LineString","coordinates":[[-70.72952,-34.17623],[-70.73286,-34.17872]]}},{"type":"Feature","properties":{"nombre":"Diego de Almagro","jerarquia":4},"geometry":{"type":"LineString","coordinates":[[-70.73881,-34.18293],[-70.73892,-34.18301]]}},{"type":"Feature","properties":{"nombre":"Diego de Almagro","jerarquia":4},"geometry":{"type":"LineString","coordinates":[[-70.73892,-34.18301],[-70.73931,-34.1833]]}},{"type":"Feature","properties":{"nombre":"Diego de Almagro","jerarquia":4},"geometry":{"type":"LineString","coordinates":[[-70.73931,-34.1833],[-70.73966,-34.18355]]}},{"type":"Feature","properties":{"nombre":"Diego de Almagro","jerarquia":4},"geometry":{"type":"LineString","coordinates":[[-70.73966,-34.18355],[-70.74001,-34.18381]]}},{"type":"Feature","properties":{"nombre":"Diego de Almagro","jerarquia":4},"geometry":{"type":"LineString","coordinates":[[-70.74001,-34.18381],[-70.7403,-34.18402]]}},{"type":"Feature","properties":{"nombre":"Diego de Almagro","jerarquia":4},"geometry":{"type":"LineString","coordinates":[[-70.7403,-34.18402],[-70.74039,-34.18408]]}},{"type":"Feature","properties":{"nombre":"Ruta Travesía","jerarquia":2},"geometry":{"type":"LineString","coordinates":[[-70.74275,-34.18618],[-70.73684,-34.1818]]}},{"type":"Feature","properties":{"nombre":"Avenida Las Torres","jerarquia":5},"geometry":{"type":"LineString","coordinates":[[-70.74003,-34.18451],[-70.73997,-34.18455]]}},{"type":"Feature","properties":{"nombre":"Manuel Montt","jerarquia":4},"geometry":{"type":"LineString","coordinates":[[-70.74003,-34.18451],[-70.73989,-34.18442]]}},{"type":"Feature","properties":{"nombre":"Manuel Montt","jerarquia":4},"geometry":{"type":"LineString","coordinates":[[-70.73989,-34.18442],[-70.73967,-34.18428]]}},{"type":"Feature","properties":{"nombre":"Ruta Travesía","jerarquia":2},"geometry":{"type":"LineString","coordinates":[[-70.73684,-34.1818],[-70.73444,-34.18001]]}},{"type":"Feature","properties":{"nombre":"Avenida Pedro de Valdivia","jerarquia":3},"geometry":{"type":"LineString","coordinates":[[-70.73327,-34.17868],[-70.73302,-34.17887]]}},{"type":"Feature","properties":{"nombre":"Ruta Travesía","jerarquia":2},"geometry":{"type":"LineString","coordinates":[[-70.73519,-34.18044],[-70.73674,-34.1816]]}},{"type":"Feature","properties":{"nombre":"Ruta Travesía","jerarquia":2},"geometry":{"type":"LineString","coordinates":[[-70.73444,-34.18001],[-70.73382,-34.17955]]}},{"type":"Feature","properties":{"nombre":"Avenida Pedro de Valdivia","jerarquia":3},"geometry":{"type":"LineString","coordinates":[[-70.73294,-34.17882],[-70.73394,-34.17808]]}},{"type":"Feature","properties":{"nombre":"Carretera Presidente Eduardo Frei Montalva","jerarquia":3},"geometry":{"type":"LineString","coordinates":[[-70.73212,-34.17942],[-70.73294,-34.17882]]}},{"type":"Feature","properties":{"nombre":"Carretera Presidente Eduardo Frei Montalva","jerarquia":3},"geometry":{"type":"LineString","coordinates":[[-70.73302,-34.17887],[-70.7324,-34.17933]]}},{"type":"Feature","properties":{"nombre":"Carretera Presidente Eduardo Frei Montalva","jerarquia":3},"geometry":{"type":"LineString","coordinates":[[-70.73164,-34.17976],[-70.73212,-34.17942]]}},{"type":"Feature","properties":{"nombre":"Ruta Travesía","jerarquia":2},"geometry":{"type":"LineString","coordinates":[[-70.7328,-34.17878],[-70.7308,-34.17731]]}},{"type":"Feature","properties":{"nombre":"Ruta Travesía","jerarquia":2},"geometry":{"type":"LineString","coordinates":[[-70.72928,-34.13777],[-70.72933,-34.13721]]}},{"type":"Feature","properties":{"nombre":"Ruta Travesía","jerarquia":2},"geometry":{"type":"LineString","coordinates":[[-70.7292,-34.13882],[-70.72928,-34.13777]]}},{"type":"Feature","properties":{"nombre":"Ruta Travesía","jerarquia":2},"geometry":{"type":"LineString","coordinates":[[-70.72941,-34.13791],[-70.72936,-34.13851]]}},{"type":"Feature","properties":{"nombre":"","jerarquia":2},"geometry":{"type":"LineString","coordinates":[[-70.72936,-34.13851],[-70.72958,-34.13838]]}},{"type":"Feature","properties":{"nombre":"Ruta Travesía","jerarquia":2},"geometry":{"type":"LineString","coordinates":[[-70.72936,-34.13851],[-70.72864,-34.1485]]}},{"type":"Feature","properties":{"nombre":"","jerarquia":2},"geometry":{"type":"LineString","coordinates":[[-70.72961,-34.13795],[-70.72941,-34.13791]]}},{"type":"Feature","properties":{"nombre":"Ruta Travesía","jerarquia":2},"geometry":{"type":"LineString","coordinates":[[-70.72864,-34.1485],[-70.72858,-34.14933]]}},{"type":"Feature","properties":{"nombre":"","jerarquia":2},"geometry":{"type":"LineString","coordinates":[[-70.72871,-34.14609],[-70.72852,-34.14584]]}},{"type":"Feature","properties":{"nombre":"","jerarquia":2},"geometry":{"type":"LineString","coordinates":[[-70.72852,-34.14584],[-70.72866,-34.14582],[-70.72874,-34.14574]]}},{"type":"Feature","properties":{"nombre":"Diego de Almagro","jerarquia":4},"geometry":{"type":"LineString","coordinates":[[-70.72851,-34.15684],[-70.7284,-34.15705],[-70.72837,-34.15729]]}},{"type":"Feature","properties":{"nombre":"Diego de Almagro","jerarquia":4},"geometry":{"type":"LineString","coordinates":[[-70.72891,-34.15601],[-70.72892,-34.15616]]}},{"type":"Feature","properties":{"nombre":"Ruta Travesía","jerarquia":2},"geometry":{"type":"LineString","coordinates":[[-70.7272,-34.16691],[-70.72726,-34.1661]]}},{"type":"Feature","properties":{"nombre":"","jerarquia":2},"geometry":{"type":"LineString","coordinates":[[-70.72729,-34.16574],[-70.72714,-34.16545],[-70.72694,-34.16528]]}},{"type":"Feature","properties":{"nombre":"Ruta Travesía","jerarquia":2},"geometry":{"type":"LineString","coordinates":[[-70.72695,-34.17049],[-70.72697,-34.17019]]}},{"type":"Feature","properties":{"nombre":"Ruta Travesía","jerarquia":2},"geometry":{"type":"LineString","coordinates":[[-70.72697,-34.17019],[-70.72698,-34.17001]]}},{"type":"Feature","properties":{"nombre":"Ruta Travesía","jerarquia":2},"geometry":{"type":"LineString","coordinates":[[-70.72698,-34.17001],[-70.72705,-34.16907]]}},{"type":"Feature","properties":{"nombre":"Ruta Travesía","jerarquia":2},"geometry":{"type":"LineString","coordinates":[[-70.72686,-34.17206],[-70.72695,-34.17049]]}},{"type":"Feature","properties":{"nombre":"Ruta H-30","jerarquia":3},"geometry":{"type":"LineString","coordinates":[[-70.79389,-34.18263],[-70.79447,-34.18259]]}},{"type":"Feature","properties":{"nombre":"Ruta H-30","jerarquia":3},"geometry":{"type":"LineString","coordinates":[[-70.79343,-34.18266],[-70.79389,-34.18263]]}},{"type":"Feature","properties":{"nombre":"Ruta 5 Sur","jerarquia":1},"geometry":{"type":"LineString","coordinates":[[-70.79085,-34.17842],[-70.79062,-34.17926]]}},{"type":"Feature","properties":{"nombre":"Ruta H-30","jerarquia":3},"geometry":{"type":"LineString","coordinates":[[-70.79067,-34.1829],[-70.78927,-34.18296]]}},{"type":"Feature","properties":{"nombre":"Ruta H-30","jerarquia":3},"geometry":{"type":"LineString","coordinates":[[-70.78793,-34.18276],[-70.78831,-34.18283]]}},{"type":"Feature","properties":{"nombre":"Ruta H-30","jerarquia":3},"geometry":{"type":"LineString","coordinates":[[-70.78752,-34.18256],[-70.78793,-34.18276]]}},{"type":"Feature","properties":{"nombre":"Ruta H-30","jerarquia":3},"geometry":{"type":"LineString","coordinates":[[-70.78927,-34.18296],[-70.78981,-34.18288],[-70.79035,-34.18272]]}},{"type":"Feature","properties":{"nombre":"Ruta H-30","jerarquia":3},"geometry":{"type":"LineString","coordinates":[[-70.78831,-34.18283],[-70.78927,-34.18296]]}},{"type":"Feature","properties":{"nombre":"Ruta H-30","jerarquia":3},"geometry":{"type":"LineString","coordinates":[[-70.78793,-34.18276],[-70.78765,-34.18278]]}},{"type":"Feature","properties":{"nombre":"Ruta H-30","jerarquia":3},"geometry":{"type":"LineString","coordinates":[[-70.78765,-34.18278],[-70.78747,-34.18284]]}},{"type":"Feature","properties":{"nombre":"Ruta 5 Sur","jerarquia":1},"geometry":{"type":"LineString","coordinates":[[-70.78986,-34.18118],[-70.79037,-34.17935]]}},{"type":"Feature","properties":{"nombre":"Ruta 5 Sur","jerarquia":1},"geometry":{"type":"LineString","coordinates":[[-70.78943,-34.18273],[-70.78986,-34.18118]]}},{"type":"Feature","properties":{"nombre":"Ruta 5 Sur","jerarquia":1},"geometry":{"type":"LineString","coordinates":[[-70.78928,-34.18325],[-70.78931,-34.18315]]}},{"type":"Feature","properties":{"nombre":"Ruta 5 Sur","jerarquia":1},"geometry":{"type":"LineString","coordinates":[[-70.78921,-34.18431],[-70.78888,-34.18547]]}},{"type":"Feature","properties":{"nombre":"","jerarquia":1},"geometry":{"type":"LineString","coordinates":[[-70.78842,-34.18391],[-70.78748,-34.18296]]}},{"type":"Feature","properties":{"nombre":"","jerarquia":1},"geometry":{"type":"LineString","coordinates":[[-70.78748,-34.18296],[-70.78735,-34.18289]]}},{"type":"Feature","properties":{"nombre":"","jerarquia":1},"geometry":{"type":"LineString","coordinates":[[-70.78845,-34.18395],[-70.78842,-34.18391]]}},{"type":"Feature","properties":{"nombre":"Ruta 5 Sur","jerarquia":1},"geometry":{"type":"LineString","coordinates":[[-70.78848,-34.18623],[-70.78869,-34.18543]]}},{"type":"Feature","properties":{"nombre":"Ruta 5 Sur","jerarquia":1},"geometry":{"type":"LineString","coordinates":[[-70.78841,-34.18708],[-70.78811,-34.18813]]}},{"type":"Feature","properties":{"nombre":"Ruta H-30","jerarquia":3},"geometry":{"type":"LineString","coordinates":[[-70.79035,-34.18272],[-70.79133,-34.18248]]}},{"type":"Feature","properties":{"nombre":"Ruta 5 Sur","jerarquia":1},"geometry":{"type":"LineString","coordinates":[[-70.78798,-34.18811],[-70.78848,-34.18623]]}},{"type":"Feature","properties":{"nombre":"Ruta 5 Sur","jerarquia":1},"geometry":{"type":"LineString","coordinates":[[-70.78888,-34.18547],[-70.78841,-34.18708]]}},{"type":"Feature","properties":{"nombre":"Ruta 5 Sur","jerarquia":1},"geometry":{"type":"LineString","coordinates":[[-70.78973,-34.18247],[-70.78966,-34.18271]]}},{"type":"Feature","properties":{"nombre":"","jerarquia":1},"geometry":{"type":"LineString","coordinates":[[-70.79066,-34.18095],[-70.79094,-34.18145],[-70.79135,-34.18189]]}},{"type":"Feature","properties":{"nombre":"","jerarquia":1},"geometry":{"type":"LineString","coordinates":[[-70.79064,-34.1809],[-70.79066,-34.18095]]}},{"type":"Feature","properties":{"nombre":"","jerarquia":1},"geometry":{"type":"LineString","coordinates":[[-70.79135,-34.18189],[-70.79183,-34.18222],[-70.7924,-34.18245],[-70.79307,-34.18258],[-70.79389,-34.18263]]}},{"type":"Feature","properties":{"nombre":"Ruta 5 Sur","jerarquia":1},"geometry":{"type":"LineString","coordinates":[[-70.79062,-34.17926],[-70.78973,-34.18247]]}},{"type":"Feature","properties":{"nombre":"Camino La Hacienda","jerarquia":5},"geometry":{"type":"LineString","coordinates":[[-70.65625,-34.17953],[-70.65626,-34.17961],[-70.65643,-34.17983],[-70.65659,-34.17992]]}},{"type":"Feature","properties":{"nombre":"","jerarquia":3},"geometry":{"type":"LineString","coordinates":[[-70.72971,-34.1383],[-70.72977,-34.13809]]}},{"type":"Feature","properties":{"nombre":"","jerarquia":2},"geometry":{"type":"LineString","coordinates":[[-70.72873,-34.17577],[-70.72834,-34.17559],[-70.72787,-34.17528],[-70.72702,-34.17455],[-70.72679,-34.17429],[-70.72662,-34.17399],[-70.72652,-34.1737],[-70.72651,-34.17249],[-70.72633,-34.17235]]}},{"type":"Feature","properties":{"nombre":"","jerarquia":2},"geometry":{"type":"LineString","coordinates":[[-70.72693,-34.17332],[-70.72713,-34.17368],[-70.72733,-34.17382],[-70.72762,-34.17382],[-70.72784,-34.17366]]}},{"type":"Feature","properties":{"nombre":"","jerarquia":2},"geometry":{"type":"LineString","coordinates":[[-70.72764,-34.17397],[-70.72743,-34.17423],[-70.72746,-34.17456]]}},{"type":"Feature","properties":{"nombre":"Diego de Almagro","jerarquia":4},"geometry":{"type":"LineString","coordinates":[[-70.72784,-34.17366],[-70.72784,-34.17337],[-70.72754,-34.17218]]}},{"type":"Feature","properties":{"nombre":"Diego de Almagro","jerarquia":5},"geometry":{"type":"LineString","coordinates":[[-70.72791,-34.17479],[-70.72911,-34.17573]]}},{"type":"Feature","properties":{"nombre":"Diego de Almagro","jerarquia":5},"geometry":{"type":"LineString","coordinates":[[-70.72911,-34.17573],[-70.73076,-34.17692]]}},{"type":"Feature","properties":{"nombre":"César Jiménez","jerarquia":5},"geometry":{"type":"LineString","coordinates":[[-70.71691,-34.18361],[-70.71681,-34.18364]]}},{"type":"Feature","properties":{"nombre":"Avenida Central","jerarquia":5},"geometry":{"type":"LineString","coordinates":[[-70.71692,-34.18375],[-70.71681,-34.18364]]}},{"type":"Feature","properties":{"nombre":"Avenida Central","jerarquia":5},"geometry":{"type":"LineString","coordinates":[[-70.71681,-34.18364],[-70.7168,-34.18356]]}},{"type":"Feature","properties":{"nombre":"Avenida Central","jerarquia":5},"geometry":{"type":"LineString","coordinates":[[-70.7168,-34.18356],[-70.71687,-34.1832]]}},{"type":"Feature","properties":{"nombre":"Avenida Central","jerarquia":5},"geometry":{"type":"LineString","coordinates":[[-70.71687,-34.1832],[-70.71677,-34.18288]]}},{"type":"Feature","properties":{"nombre":"César Jiménez","jerarquia":5},"geometry":{"type":"LineString","coordinates":[[-70.71723,-34.18342],[-70.71691,-34.18361]]}},{"type":"Feature","properties":{"nombre":"César Jiménez","jerarquia":5},"geometry":{"type":"LineString","coordinates":[[-70.71691,-34.18361],[-70.71688,-34.18369],[-70.71692,-34.18375]]}},{"type":"Feature","properties":{"nombre":"Avenida Kennedy","jerarquia":3},"geometry":{"type":"LineString","coordinates":[[-70.73578,-34.13946],[-70.73732,-34.14116]]}},{"type":"Feature","properties":{"nombre":"Avenida Kennedy","jerarquia":3},"geometry":{"type":"LineString","coordinates":[[-70.73732,-34.14116],[-70.73838,-34.14233]]}},{"type":"Feature","properties":{"nombre":"Avenida Kennedy","jerarquia":3},"geometry":{"type":"LineString","coordinates":[[-70.73838,-34.14233],[-70.73875,-34.14276]]}},{"type":"Feature","properties":{"nombre":"Avenida Kennedy","jerarquia":3},"geometry":{"type":"LineString","coordinates":[[-70.73875,-34.14276],[-70.73878,-34.14281]]}},{"type":"Feature","properties":{"nombre":"Manuel Montt","jerarquia":4},"geometry":{"type":"LineString","coordinates":[[-70.72647,-34.17012],[-70.72648,-34.16979]]}},{"type":"Feature","properties":{"nombre":"","jerarquia":2},"geometry":{"type":"LineString","coordinates":[[-70.72648,-34.16979],[-70.72662,-34.16956]]}},{"type":"Feature","properties":{"nombre":"","jerarquia":4},"geometry":{"type":"LineString","coordinates":[[-70.72738,-34.17211],[-70.72754,-34.17218]]}},{"type":"Feature","properties":{"nombre":"Circunvalación","jerarquia":5},"geometry":{"type":"LineString","coordinates":[[-70.76178,-34.16427],[-70.76166,-34.16389]]}},{"type":"Feature","properties":{"nombre":"Avenida Provincial","jerarquia":5},"geometry":{"type":"LineString","coordinates":[[-70.75872,-34.16516],[-70.75888,-34.16565]]}},{"type":"Feature","properties":{"nombre":"Avenida Provincial","jerarquia":5},"geometry":{"type":"LineString","coordinates":[[-70.75888,-34.16565],[-70.75901,-34.16606]]}},{"type":"Feature","properties":{"nombre":"Avenida Provincial","jerarquia":5},"geometry":{"type":"LineString","coordinates":[[-70.75901,-34.16606],[-70.75939,-34.16735]]}},{"type":"Feature","properties":{"nombre":"Avenida Bolivia","jerarquia":5},"geometry":{"type":"LineString","coordinates":[[-70.76053,-34.18118],[-70.7603,-34.18081]]}},{"type":"Feature","properties":{"nombre":"Avenida Bolivia","jerarquia":5},"geometry":{"type":"LineString","coordinates":[[-70.7603,-34.18081],[-70.76039,-34.18078]]}},{"type":"Feature","properties":{"nombre":"Camino El Recreo","jerarquia":4},"geometry":{"type":"LineString","coordinates":[[-70.66503,-34.16822],[-70.66483,-34.16821]]}},{"type":"Feature","properties":{"nombre":"Camino El Recreo","jerarquia":4},"geometry":{"type":"LineString","coordinates":[[-70.66483,-34.16821],[-70.66434,-34.1681]]}},{"type":"Feature","properties":{"nombre":"Camino El Recreo","jerarquia":4},"geometry":{"type":"LineString","coordinates":[[-70.66531,-34.16808],[-70.66515,-34.1682],[-70.66503,-34.16822]]}},{"type":"Feature","properties":{"nombre":"Arturo Prat","jerarquia":4},"geometry":{"type":"LineString","coordinates":[[-70.64747,-34.16974],[-70.64735,-34.16985]]}},{"type":"Feature","properties":{"nombre":"Arturo Prat","jerarquia":4},"geometry":{"type":"LineString","coordinates":[[-70.64731,-34.16975],[-70.64747,-34.16974]]}},{"type":"Feature","properties":{"nombre":"Arturo Prat","jerarquia":4},"geometry":{"type":"LineString","coordinates":[[-70.64733,-34.1699],[-70.64719,-34.17]]}},{"type":"Feature","properties":{"nombre":"","jerarquia":3},"geometry":{"type":"LineString","coordinates":[[-70.76792,-34.18631],[-70.76812,-34.1864]]}},{"type":"Feature","properties":{"nombre":"","jerarquia":3},"geometry":{"type":"LineString","coordinates":[[-70.76812,-34.1864],[-70.7682,-34.18643]]}},{"type":"Feature","properties":{"nombre":"","jerarquia":3},"geometry":{"type":"LineString","coordinates":[[-70.7678,-34.18646],[-70.76792,-34.18631]]}},{"type":"Feature","properties":{"nombre":"Lourdes","jerarquia":5},"geometry":{"type":"LineString","coordinates":[[-70.76792,-34.18631],[-70.76763,-34.18588]]}},{"type":"Feature","properties":{"nombre":"Diagonal Doñihue","jerarquia":5},"geometry":{"type":"LineString","coordinates":[[-70.76128,-34.17811],[-70.76195,-34.17823]]}},{"type":"Feature","properties":{"nombre":"","jerarquia":5},"geometry":{"type":"LineString","coordinates":[[-70.7651,-34.17888],[-70.76506,-34.17903]]}},{"type":"Feature","properties":{"nombre":"Diagonal Doñihue","jerarquia":5},"geometry":{"type":"LineString","coordinates":[[-70.76189,-34.17838],[-70.76128,-34.17811]]}},{"type":"Feature","properties":{"nombre":"","jerarquia":3},"geometry":{"type":"LineString","coordinates":[[-70.73276,-34.13616],[-70.73275,-34.1364],[-70.7326,-34.13652]]}},{"type":"Feature","properties":{"nombre":"Eusebio Lillo","jerarquia":5},"geometry":{"type":"LineString","coordinates":[[-70.74128,-34.19297],[-70.74148,-34.19316]]}},{"type":"Feature","properties":{"nombre":"Eusebio Lillo","jerarquia":5},"geometry":{"type":"LineString","coordinates":[[-70.74148,-34.19316],[-70.74192,-34.19359]]}},{"type":"Feature","properties":{"nombre":"Eusebio Lillo","jerarquia":5},"geometry":{"type":"LineString","coordinates":[[-70.74192,-34.19359],[-70.7421,-34.19375]]}},{"type":"Feature","properties":{"nombre":"Eusebio Lillo","jerarquia":5},"geometry":{"type":"LineString","coordinates":[[-70.7421,-34.19375],[-70.7422,-34.19385]]}},{"type":"Feature","properties":{"nombre":"Eusebio Lillo","jerarquia":5},"geometry":{"type":"LineString","coordinates":[[-70.74114,-34.19272],[-70.74128,-34.19297]]}},{"type":"Feature","properties":{"nombre":"Avenida General José de San Martín","jerarquia":5},"geometry":{"type":"LineString","coordinates":[[-70.74956,-34.17868],[-70.74903,-34.17793]]}},{"type":"Feature","properties":{"nombre":"Avenida General José de San Martín","jerarquia":5},"geometry":{"type":"LineString","coordinates":[[-70.74903,-34.17793],[-70.74859,-34.17732]]}},{"type":"Feature","properties":{"nombre":"Avenida General José de San Martín","jerarquia":5},"geometry":{"type":"LineString","coordinates":[[-70.74859,-34.17732],[-70.74845,-34.17712]]}},{"type":"Feature","properties":{"nombre":"Avenida General José de San Martín","jerarquia":5},"geometry":{"type":"LineString","coordinates":[[-70.74845,-34.17712],[-70.74818,-34.17675],[-70.74807,-34.1765]]}},{"type":"Feature","properties":{"nombre":"Avenida Kennedy","jerarquia":3},"geometry":{"type":"LineString","coordinates":[[-70.73456,-34.13872],[-70.73379,-34.13792]]}},{"type":"Feature","properties":{"nombre":"Avenida Kennedy","jerarquia":3},"geometry":{"type":"LineString","coordinates":[[-70.73379,-34.13792],[-70.73307,-34.13715]]}},{"type":"Feature","properties":{"nombre":"Avenida Kennedy","jerarquia":3},"geometry":{"type":"LineString","coordinates":[[-70.73307,-34.13715],[-70.7326,-34.13652]]}},{"type":"Feature","properties":{"nombre":"Punta del Sol","jerarquia":3},"geometry":{"type":"LineString","coordinates":[[-70.7326,-34.13652],[-70.73093,-34.1376]]}},{"type":"Feature","properties":{"nombre":"Punta del Sol","jerarquia":3},"geometry":{"type":"LineString","coordinates":[[-70.73093,-34.1376],[-70.73027,-34.13798]]}},{"type":"Feature","properties":{"nombre":"Avenida La Victoria","jerarquia":4},"geometry":{"type":"LineString","coordinates":[[-70.71708,-34.15341],[-70.71728,-34.15412]]}},{"type":"Feature","properties":{"nombre":"Avenida La Victoria","jerarquia":4},"geometry":{"type":"LineString","coordinates":[[-70.71728,-34.15412],[-70.71866,-34.15653]]}},{"type":"Feature","properties":{"nombre":"Avenida La Victoria","jerarquia":4},"geometry":{"type":"LineString","coordinates":[[-70.71866,-34.15653],[-70.71882,-34.15679]]}},{"type":"Feature","properties":{"nombre":"Avenida República de Chile","jerarquia":3},"geometry":{"type":"LineString","coordinates":[[-70.72,-34.15886],[-70.71907,-34.15912],[-70.71841,-34.15935]]}},{"type":"Feature","properties":{"nombre":"Avenida República de Chile","jerarquia":3},"geometry":{"type":"LineString","coordinates":[[-70.71841,-34.15935],[-70.71755,-34.15969]]}},{"type":"Feature","properties":{"nombre":"Avenida República de Chile","jerarquia":3},"geometry":{"type":"LineString","coordinates":[[-70.71755,-34.15969],[-70.71728,-34.15978]]}},{"type":"Feature","properties":{"nombre":"Avenida República de Chile","jerarquia":3},"geometry":{"type":"LineString","coordinates":[[-70.71728,-34.15978],[-70.71638,-34.16012]]}},{"type":"Feature","properties":{"nombre":"Avenida República de Chile","jerarquia":3},"geometry":{"type":"LineString","coordinates":[[-70.71638,-34.16012],[-70.7157,-34.16036]]}},{"type":"Feature","properties":{"nombre":"Avenida República de Chile","jerarquia":3},"geometry":{"type":"LineString","coordinates":[[-70.7157,-34.16036],[-70.71508,-34.16058]]}},{"type":"Feature","properties":{"nombre":"Avenida La Victoria","jerarquia":4},"geometry":{"type":"LineString","coordinates":[[-70.71872,-34.15683],[-70.71717,-34.15418],[-70.71697,-34.15346]]}},{"type":"Feature","properties":{"nombre":"1 y 2 de Octubre","jerarquia":5},"geometry":{"type":"LineString","coordinates":[[-70.73553,-34.16388],[-70.73649,-34.16373]]}},{"type":"Feature","properties":{"nombre":"1 y 2 de Octubre","jerarquia":5},"geometry":{"type":"LineString","coordinates":[[-70.73649,-34.16373],[-70.73799,-34.16353]]}},{"type":"Feature","properties":{"nombre":"1 y 2 de Octubre","jerarquia":5},"geometry":{"type":"LineString","coordinates":[[-70.73553,-34.16388],[-70.73534,-34.16402]]}},{"type":"Feature","properties":{"nombre":"1 y 2 de Octubre","jerarquia":5},"geometry":{"type":"LineString","coordinates":[[-70.73519,-34.1639],[-70.73553,-34.16388]]}},{"type":"Feature","properties":{"nombre":"Ruta Travesía","jerarquia":2},"geometry":{"type":"LineString","coordinates":[[-70.72711,-34.16974],[-70.72696,-34.17205]]}},{"type":"Feature","properties":{"nombre":"Ruta Travesía","jerarquia":2},"geometry":{"type":"LineString","coordinates":[[-70.7308,-34.17731],[-70.72962,-34.17642]]}},{"type":"Feature","properties":{"nombre":"Ruta Travesía","jerarquia":2},"geometry":{"type":"LineString","coordinates":[[-70.72746,-34.17456],[-70.72792,-34.17503],[-70.72952,-34.17623]]}},{"type":"Feature","properties":{"nombre":"Ruta Travesía","jerarquia":2},"geometry":{"type":"LineString","coordinates":[[-70.72695,-34.17234],[-70.72693,-34.17332]]}},{"type":"Feature","properties":{"nombre":"Avenida Miguel Ramírez","jerarquia":4},"geometry":{"type":"LineString","coordinates":[[-70.72638,-34.17224],[-70.72691,-34.17218]]}},{"type":"Feature","properties":{"nombre":"Avenida Membrillar","jerarquia":4},"geometry":{"type":"LineString","coordinates":[[-70.72754,-34.17218],[-70.7269,-34.17227]]}},{"type":"Feature","properties":{"nombre":"Diego de Almagro","jerarquia":4},"geometry":{"type":"LineString","coordinates":[[-70.72784,-34.17366],[-70.72764,-34.17397]]}},{"type":"Feature","properties":{"nombre":"La Araucana","jerarquia":5},"geometry":{"type":"LineString","coordinates":[[-70.7227,-34.17602],[-70.72234,-34.1756]]}},{"type":"Feature","properties":{"nombre":"La Araucana","jerarquia":5},"geometry":{"type":"LineString","coordinates":[[-70.72234,-34.1756],[-70.72164,-34.17478]]}},{"type":"Feature","properties":{"nombre":"La Araucana","jerarquia":5},"geometry":{"type":"LineString","coordinates":[[-70.72164,-34.17478],[-70.72159,-34.17472]]}},{"type":"Feature","properties":{"nombre":"La Araucana","jerarquia":5},"geometry":{"type":"LineString","coordinates":[[-70.72159,-34.17472],[-70.72124,-34.17431]]}},{"type":"Feature","properties":{"nombre":"Avenida Pedro de Valdivia","jerarquia":3},"geometry":{"type":"LineString","coordinates":[[-70.73394,-34.17808],[-70.73548,-34.17688]]}},{"type":"Feature","properties":{"nombre":"Avenida Capitán Antonio Millán","jerarquia":5},"geometry":{"type":"LineString","coordinates":[[-70.73621,-34.17585],[-70.73629,-34.17584]]}},{"type":"Feature","properties":{"nombre":"Avenida Capitán Ramón Freire","jerarquia":3},"geometry":{"type":"LineString","coordinates":[[-70.73626,-34.17606],[-70.73621,-34.17585]]}},{"type":"Feature","properties":{"nombre":"Avenida Capitán Ramón Freire","jerarquia":3},"geometry":{"type":"LineString","coordinates":[[-70.73633,-34.17605],[-70.7364,-34.17638]]}},{"type":"Feature","properties":{"nombre":"Avenida Capitán Ramón Freire","jerarquia":3},"geometry":{"type":"LineString","coordinates":[[-70.7364,-34.17638],[-70.73641,-34.1764]]}},{"type":"Feature","properties":{"nombre":"Avenida Capitán Ramón Freire","jerarquia":3},"geometry":{"type":"LineString","coordinates":[[-70.73642,-34.17644],[-70.73643,-34.17652]]}},{"type":"Feature","properties":{"nombre":"Avenida Capitán Ramón Freire","jerarquia":3},"geometry":{"type":"LineString","coordinates":[[-70.73633,-34.17642],[-70.73627,-34.17613]]}},{"type":"Feature","properties":{"nombre":"Avenida Capitán Ramón Freire","jerarquia":3},"geometry":{"type":"LineString","coordinates":[[-70.73627,-34.17613],[-70.73626,-34.17606]]}},{"type":"Feature","properties":{"nombre":"Avenida Capitán Ramón Freire","jerarquia":3},"geometry":{"type":"LineString","coordinates":[[-70.73636,-34.17655],[-70.73634,-34.17646]]}},{"type":"Feature","properties":{"nombre":"Avenida Pedro de Valdivia","jerarquia":3},"geometry":{"type":"LineString","coordinates":[[-70.73626,-34.17606],[-70.73633,-34.17605]]}},{"type":"Feature","properties":{"nombre":"Ruta Travesía","jerarquia":2},"geometry":{"type":"LineString","coordinates":[[-70.72724,-34.1679],[-70.72711,-34.16974]]}},{"type":"Feature","properties":{"nombre":"Ruta Travesía","jerarquia":2},"geometry":{"type":"LineString","coordinates":[[-70.72753,-34.1624],[-70.7278,-34.15856]]}},{"type":"Feature","properties":{"nombre":"Manuel Montt","jerarquia":4},"geometry":{"type":"LineString","coordinates":[[-70.7272,-34.16321],[-70.72768,-34.15707]]}},{"type":"Feature","properties":{"nombre":"","jerarquia":2},"geometry":{"type":"LineString","coordinates":[[-70.7272,-34.16321],[-70.72753,-34.1624]]}},{"type":"Feature","properties":{"nombre":"Ruta Travesía","jerarquia":2},"geometry":{"type":"LineString","coordinates":[[-70.72744,-34.16518],[-70.72741,-34.1656]]}},{"type":"Feature","properties":{"nombre":"","jerarquia":2},"geometry":{"type":"LineString","coordinates":[[-70.72767,-34.16468],[-70.72744,-34.16518]]}},{"type":"Feature","properties":{"nombre":"Ruta Travesía","jerarquia":2},"geometry":{"type":"LineString","coordinates":[[-70.72758,-34.16313],[-70.72744,-34.16518]]}},{"type":"Feature","properties":{"nombre":"","jerarquia":2},"geometry":{"type":"LineString","coordinates":[[-70.72758,-34.16313],[-70.72769,-34.16433]]}},{"type":"Feature","properties":{"nombre":"Ruta Travesía","jerarquia":2},"geometry":{"type":"LineString","coordinates":[[-70.72741,-34.1656],[-70.72731,-34.16689]]}},{"type":"Feature","properties":{"nombre":"Ruta Travesía","jerarquia":2},"geometry":{"type":"LineString","coordinates":[[-70.72726,-34.1661],[-70.72729,-34.16574]]}},{"type":"Feature","properties":{"nombre":"Ruta Travesía","jerarquia":2},"geometry":{"type":"LineString","coordinates":[[-70.72729,-34.16574],[-70.72753,-34.1624]]}},{"type":"Feature","properties":{"nombre":"Manuel Montt","jerarquia":4},"geometry":{"type":"LineString","coordinates":[[-70.72694,-34.16528],[-70.72697,-34.16468],[-70.72713,-34.16407],[-70.7272,-34.16321]]}},{"type":"Feature","properties":{"nombre":"","jerarquia":2},"geometry":{"type":"LineString","coordinates":[[-70.72726,-34.1661],[-70.72721,-34.16595],[-70.72709,-34.16582],[-70.72681,-34.16574]]}},{"type":"Feature","properties":{"nombre":"Teniente Coronel José Bernardo Cuevas","jerarquia":4},"geometry":{"type":"LineString","coordinates":[[-70.74604,-34.16839],[-70.74717,-34.16823]]}},{"type":"Feature","properties":{"nombre":"Pedro Emilio Cuadra","jerarquia":5},"geometry":{"type":"LineString","coordinates":[[-70.73813,-34.16363],[-70.73821,-34.16349]]}},{"type":"Feature","properties":{"nombre":"1 y 2 de Octubre","jerarquia":5},"geometry":{"type":"LineString","coordinates":[[-70.73799,-34.16353],[-70.73821,-34.16349]]}},{"type":"Feature","properties":{"nombre":"Huáscar","jerarquia":5},"geometry":{"type":"LineString","coordinates":[[-70.65421,-34.17836],[-70.65457,-34.1794]]}},{"type":"Feature","properties":{"nombre":"Avenida Kennedy","jerarquia":3},"geometry":{"type":"LineString","coordinates":[[-70.73255,-34.13644],[-70.73231,-34.13607]]}},{"type":"Feature","properties":{"nombre":"Avenida Kennedy","jerarquia":3},"geometry":{"type":"LineString","coordinates":[[-70.73137,-34.13502],[-70.73059,-34.13418],[-70.73032,-34.13407]]}},{"type":"Feature","properties":{"nombre":"","jerarquia":3},"geometry":{"type":"LineString","coordinates":[[-70.73013,-34.13366],[-70.73038,-34.1336]]}},{"type":"Feature","properties":{"nombre":"","jerarquia":3},"geometry":{"type":"LineString","coordinates":[[-70.73137,-34.13502],[-70.73137,-34.13487],[-70.73149,-34.13477]]}},{"type":"Feature","properties":{"nombre":"Avenida Kennedy","jerarquia":3},"geometry":{"type":"LineString","coordinates":[[-70.73069,-34.1339],[-70.73149,-34.13477]]}},{"type":"Feature","properties":{"nombre":"","jerarquia":3},"geometry":{"type":"LineString","coordinates":[[-70.72977,-34.13809],[-70.72981,-34.13818],[-70.72988,-34.13821]]}},{"type":"Feature","properties":{"nombre":"","jerarquia":3},"geometry":{"type":"LineString","coordinates":[[-70.72959,-34.13824],[-70.72962,-34.13829]]}},{"type":"Feature","properties":{"nombre":"","jerarquia":3},"geometry":{"type":"LineString","coordinates":[[-70.72962,-34.13829],[-70.72968,-34.13832]]}},{"type":"Feature","properties":{"nombre":"","jerarquia":3},"geometry":{"type":"LineString","coordinates":[[-70.76255,-34.18743],[-70.76335,-34.18697],[-70.76397,-34.18669]]}},{"type":"Feature","properties":{"nombre":"Avenida Camino del Recreo","jerarquia":5},"geometry":{"type":"LineString","coordinates":[[-70.73578,-34.13946],[-70.73558,-34.13958]]}},{"type":"Feature","properties":{"nombre":"Avenida Camino del Recreo","jerarquia":5},"geometry":{"type":"LineString","coordinates":[[-70.73558,-34.13958],[-70.73541,-34.13962]]}},{"type":"Feature","properties":{"nombre":"Avenida Camino del Recreo","jerarquia":5},"geometry":{"type":"LineString","coordinates":[[-70.73541,-34.13962],[-70.73549,-34.13948]]}},{"type":"Feature","properties":{"nombre":"Avenida Camino del Recreo","jerarquia":5},"geometry":{"type":"LineString","coordinates":[[-70.73549,-34.13948],[-70.73569,-34.13936]]}},{"type":"Feature","properties":{"nombre":"Avenida Camino del Recreo","jerarquia":5},"geometry":{"type":"LineString","coordinates":[[-70.73541,-34.13962],[-70.73494,-34.13992]]}},{"type":"Feature","properties":{"nombre":"","jerarquia":3},"geometry":{"type":"LineString","coordinates":[[-70.69598,-34.17045],[-70.69587,-34.17044],[-70.69586,-34.17035]]}},{"type":"Feature","properties":{"nombre":"","jerarquia":3},"geometry":{"type":"LineString","coordinates":[[-70.69572,-34.17049],[-70.69581,-34.1705],[-70.69584,-34.17058]]}},{"type":"Feature","properties":{"nombre":"Camino La Hacienda","jerarquia":5},"geometry":{"type":"LineString","coordinates":[[-70.65659,-34.17992],[-70.6568,-34.17998]]}},{"type":"Feature","properties":{"nombre":"Camino La Hacienda","jerarquia":5},"geometry":{"type":"LineString","coordinates":[[-70.6568,-34.17998],[-70.65705,-34.18003]]}},{"type":"Feature","properties":{"nombre":"Camino La Hacienda","jerarquia":5},"geometry":{"type":"LineString","coordinates":[[-70.65705,-34.18003],[-70.65831,-34.1804],[-70.65861,-34.18057]]}},{"type":"Feature","properties":{"nombre":"Camino La Hacienda","jerarquia":5},"geometry":{"type":"LineString","coordinates":[[-70.65861,-34.18057],[-70.65992,-34.18273],[-70.66005,-34.1828],[-70.66028,-34.18275]]}},{"type":"Feature","properties":{"nombre":"","jerarquia":3},"geometry":{"type":"LineString","coordinates":[[-70.73032,-34.13407],[-70.73017,-34.13407],[-70.73006,-34.13417]]}},{"type":"Feature","properties":{"nombre":"Puerto Bertrano","jerarquia":5},"geometry":{"type":"LineString","coordinates":[[-70.76397,-34.18669],[-70.76407,-34.18665]]}},{"type":"Feature","properties":{"nombre":"Avenida República de Chile","jerarquia":3},"geometry":{"type":"LineString","coordinates":[[-70.73212,-34.15579],[-70.73197,-34.15581]]}},{"type":"Feature","properties":{"nombre":"Avenida Illanes","jerarquia":3},"geometry":{"type":"LineString","coordinates":[[-70.73209,-34.15563],[-70.73212,-34.15579]]}},{"type":"Feature","properties":{"nombre":"Avenida Illanes","jerarquia":3},"geometry":{"type":"LineString","coordinates":[[-70.73197,-34.15581],[-70.73194,-34.15565]]}},{"type":"Feature","properties":{"nombre":"Avenida Illanes","jerarquia":3},"geometry":{"type":"LineString","coordinates":[[-70.73365,-34.16282],[-70.73391,-34.16405]]}},{"type":"Feature","properties":{"nombre":"Avenida Illanes","jerarquia":3},"geometry":{"type":"LineString","coordinates":[[-70.73396,-34.16468],[-70.73381,-34.16407]]}},{"type":"Feature","properties":{"nombre":"Avenida Illanes","jerarquia":3},"geometry":{"type":"LineString","coordinates":[[-70.73381,-34.16407],[-70.73367,-34.16343]]}},{"type":"Feature","properties":{"nombre":"","jerarquia":3},"geometry":{"type":"LineString","coordinates":[[-70.76656,-34.15189],[-70.76664,-34.15167],[-70.7667,-34.15163]]}},{"type":"Feature","properties":{"nombre":"Avenida Libertador Bernardo O'Higgins","jerarquia":3},"geometry":{"type":"LineString","coordinates":[[-70.76868,-34.15653],[-70.7686,-34.15662]]}},{"type":"Feature","properties":{"nombre":"Avenida Libertador Bernardo O'Higgins","jerarquia":3},"geometry":{"type":"LineString","coordinates":[[-70.76855,-34.1565],[-70.76868,-34.15653]]}},{"type":"Feature","properties":{"nombre":"Avenida Salvador Allende Gossens","jerarquia":3},"geometry":{"type":"LineString","coordinates":[[-70.7686,-34.15662],[-70.76855,-34.1565]]}},{"type":"Feature","properties":{"nombre":"Avenida Viña del Mar","jerarquia":5},"geometry":{"type":"LineString","coordinates":[[-70.75106,-34.16389],[-70.75108,-34.16393]]}},{"type":"Feature","properties":{"nombre":"Avenida España","jerarquia":3},"geometry":{"type":"LineString","coordinates":[[-70.74526,-34.16451],[-70.74501,-34.16348]]}},{"type":"Feature","properties":{"nombre":"Avenida España","jerarquia":3},"geometry":{"type":"LineString","coordinates":[[-70.74535,-34.16492],[-70.74532,-34.16478]]}},{"type":"Feature","properties":{"nombre":"Avenida Libertador Bernardo O'Higgins","jerarquia":3},"geometry":{"type":"LineString","coordinates":[[-70.74526,-34.16451],[-70.74533,-34.1645]]}},{"type":"Feature","properties":{"nombre":"Avenida Libertador Bernardo O'Higgins","jerarquia":3},"geometry":{"type":"LineString","coordinates":[[-70.74533,-34.1645],[-70.74541,-34.1645]]}},{"type":"Feature","properties":{"nombre":"Avenida Libertador Bernardo O'Higgins","jerarquia":3},"geometry":{"type":"LineString","coordinates":[[-70.73429,-34.16611],[-70.73438,-34.1661]]}},{"type":"Feature","properties":{"nombre":"Avenida Libertador Bernardo O'Higgins","jerarquia":3},"geometry":{"type":"LineString","coordinates":[[-70.73445,-34.16647],[-70.73435,-34.16648]]}},{"type":"Feature","properties":{"nombre":"Avenida Capitán Ramón Freire","jerarquia":3},"geometry":{"type":"LineString","coordinates":[[-70.73457,-34.16767],[-70.73437,-34.16655]]}},{"type":"Feature","properties":{"nombre":"Avenida Capitán Ramón Freire","jerarquia":3},"geometry":{"type":"LineString","coordinates":[[-70.73437,-34.16655],[-70.73435,-34.16648]]}},{"type":"Feature","properties":{"nombre":"Avenida Kennedy","jerarquia":3},"geometry":{"type":"LineString","coordinates":[[-70.74085,-34.14628],[-70.74054,-34.14582]]}},{"type":"Feature","properties":{"nombre":"Avenida Kennedy","jerarquia":3},"geometry":{"type":"LineString","coordinates":[[-70.74054,-34.14582],[-70.74028,-34.14566]]}},{"type":"Feature","properties":{"nombre":"Avenida Kennedy","jerarquia":3},"geometry":{"type":"LineString","coordinates":[[-70.74028,-34.14566],[-70.74017,-34.14547]]}},{"type":"Feature","properties":{"nombre":"Avenida Kennedy","jerarquia":3},"geometry":{"type":"LineString","coordinates":[[-70.74017,-34.14547],[-70.74014,-34.14543]]}},{"type":"Feature","properties":{"nombre":"Avenida Kennedy","jerarquia":3},"geometry":{"type":"LineString","coordinates":[[-70.74091,-34.14626],[-70.74105,-34.14652]]}},{"type":"Feature","properties":{"nombre":"Avenida Kennedy","jerarquia":3},"geometry":{"type":"LineString","coordinates":[[-70.74033,-34.14534],[-70.74061,-34.1458]]}},{"type":"Feature","properties":{"nombre":"Avenida Kennedy","jerarquia":3},"geometry":{"type":"LineString","coordinates":[[-70.74061,-34.1458],[-70.74091,-34.14626]]}},{"type":"Feature","properties":{"nombre":"Avenida Camino del Recreo","jerarquia":5},"geometry":{"type":"LineString","coordinates":[[-70.73588,-34.14623],[-70.7359,-34.14634]]}},{"type":"Feature","properties":{"nombre":"Avenida Circunvalación Arturo Gatica Silva","jerarquia":4},"geometry":{"type":"LineString","coordinates":[[-70.73483,-34.14611],[-70.73571,-34.14623]]}},{"type":"Feature","properties":{"nombre":"Avenida Circunvalación Arturo Gatica Silva","jerarquia":4},"geometry":{"type":"LineString","coordinates":[[-70.73571,-34.14623],[-70.73576,-34.14623]]}},{"type":"Feature","properties":{"nombre":"Avenida Circunvalación Arturo Gatica Silva","jerarquia":4},"geometry":{"type":"LineString","coordinates":[[-70.73661,-34.14626],[-70.73609,-34.14632]]}},{"type":"Feature","properties":{"nombre":"Avenida Circunvalación Arturo Gatica Silva","jerarquia":4},"geometry":{"type":"LineString","coordinates":[[-70.73609,-34.14632],[-70.73604,-34.14632]]}},{"type":"Feature","properties":{"nombre":"Carretera Presidente Eduardo Frei Montalva","jerarquia":3},"geometry":{"type":"LineString","coordinates":[[-70.67269,-34.19582],[-70.67166,-34.19577]]}},{"type":"Feature","properties":{"nombre":"Carretera Presidente Eduardo Frei Montalva","jerarquia":3},"geometry":{"type":"LineString","coordinates":[[-70.67307,-34.19584],[-70.67269,-34.19582]]}},{"type":"Feature","properties":{"nombre":"Carretera Presidente Eduardo Frei Montalva","jerarquia":3},"geometry":{"type":"LineString","coordinates":[[-70.67378,-34.19565],[-70.67476,-34.19567]]}},{"type":"Feature","properties":{"nombre":"Carretera Presidente Eduardo Frei Montalva","jerarquia":3},"geometry":{"type":"LineString","coordinates":[[-70.67333,-34.19563],[-70.67378,-34.19565]]}},{"type":"Feature","properties":{"nombre":"Camino a Nogales","jerarquia":5},"geometry":{"type":"LineString","coordinates":[[-70.67307,-34.19584],[-70.67275,-34.1961]]}},{"type":"Feature","properties":{"nombre":"Avenida Monseñor Escrivá de Balaguer","jerarquia":4},"geometry":{"type":"LineString","coordinates":[[-70.67368,-34.19534],[-70.67333,-34.19563]]}},{"type":"Feature","properties":{"nombre":"Avenida Monseñor Escrivá de Balaguer","jerarquia":4},"geometry":{"type":"LineString","coordinates":[[-70.67786,-34.19179],[-70.67368,-34.19534]]}},{"type":"Feature","properties":{"nombre":"Carretera Presidente Eduardo Frei Montalva","jerarquia":3},"geometry":{"type":"LineString","coordinates":[[-70.67166,-34.19577],[-70.67032,-34.1957]]}},{"type":"Feature","properties":{"nombre":"Carretera Presidente Eduardo Frei Montalva","jerarquia":3},"geometry":{"type":"LineString","coordinates":[[-70.67174,-34.19556],[-70.67333,-34.19563]]}},{"type":"Feature","properties":{"nombre":"Carretera Presidente Eduardo Frei Montalva","jerarquia":3},"geometry":{"type":"LineString","coordinates":[[-70.67615,-34.1958],[-70.67475,-34.1959]]}},{"type":"Feature","properties":{"nombre":"Carretera Presidente Eduardo Frei Montalva","jerarquia":3},"geometry":{"type":"LineString","coordinates":[[-70.67476,-34.19567],[-70.67615,-34.1958]]}},{"type":"Feature","properties":{"nombre":"Río Loco","jerarquia":5},"geometry":{"type":"LineString","coordinates":[[-70.76157,-34.18266],[-70.76149,-34.18269]]}},{"type":"Feature","properties":{"nombre":"Río Loco","jerarquia":5},"geometry":{"type":"LineString","coordinates":[[-70.7616,-34.18254],[-70.76198,-34.18241]]}},{"type":"Feature","properties":{"nombre":"Río Loco","jerarquia":5},"geometry":{"type":"LineString","coordinates":[[-70.76198,-34.18241],[-70.7624,-34.18225]]}},{"type":"Feature","properties":{"nombre":"Río Loco","jerarquia":5},"geometry":{"type":"LineString","coordinates":[[-70.7624,-34.18225],[-70.76304,-34.18201]]}},{"type":"Feature","properties":{"nombre":"Río Loco","jerarquia":5},"geometry":{"type":"LineString","coordinates":[[-70.76304,-34.18201],[-70.76346,-34.18186]]}},{"type":"Feature","properties":{"nombre":"Río Loco","jerarquia":5},"geometry":{"type":"LineString","coordinates":[[-70.76346,-34.18186],[-70.76413,-34.18161]]}},{"type":"Feature","properties":{"nombre":"Avenida Bolivia","jerarquia":5},"geometry":{"type":"LineString","coordinates":[[-70.7622,-34.18383],[-70.76185,-34.18326]]}},{"type":"Feature","properties":{"nombre":"Avenida Bolivia","jerarquia":5},"geometry":{"type":"LineString","coordinates":[[-70.76185,-34.18326],[-70.7615,-34.18271]]}},{"type":"Feature","properties":{"nombre":"Avenida Bolivia","jerarquia":5},"geometry":{"type":"LineString","coordinates":[[-70.76157,-34.18266],[-70.76158,-34.18268]]}},{"type":"Feature","properties":{"nombre":"Avenida Las Torres","jerarquia":4},"geometry":{"type":"LineString","coordinates":[[-70.74052,-34.18418],[-70.74046,-34.18422]]}},{"type":"Feature","properties":{"nombre":"Avenida Las Torres","jerarquia":4},"geometry":{"type":"LineString","coordinates":[[-70.74039,-34.18408],[-70.74103,-34.18366]]}},{"type":"Feature","properties":{"nombre":"Diego de Almagro","jerarquia":4},"geometry":{"type":"LineString","coordinates":[[-70.74039,-34.18408],[-70.74052,-34.18418]]}},{"type":"Feature","properties":{"nombre":"Avenida San Joaquín Sur","jerarquia":5},"geometry":{"type":"LineString","coordinates":[[-70.71685,-34.18834],[-70.71675,-34.18821]]}},{"type":"Feature","properties":{"nombre":"Carretera Presidente Eduardo Frei Montalva","jerarquia":3},"geometry":{"type":"LineString","coordinates":[[-70.71645,-34.18823],[-70.7167,-34.18813]]}},{"type":"Feature","properties":{"nombre":"","jerarquia":5},"geometry":{"type":"LineString","coordinates":[[-70.7167,-34.18813],[-70.71675,-34.18821]]}},{"type":"Feature","properties":{"nombre":"Carretera Presidente Eduardo Frei Montalva","jerarquia":3},"geometry":{"type":"LineString","coordinates":[[-70.71524,-34.18856],[-70.71559,-34.18848]]}},{"type":"Feature","properties":{"nombre":"Carretera Presidente Eduardo Frei Montalva","jerarquia":3},"geometry":{"type":"LineString","coordinates":[[-70.71559,-34.18848],[-70.71645,-34.18823]]}},{"type":"Feature","properties":{"nombre":"Caletera Carretera Presidente Eduardo Frei Montalva","jerarquia":5},"geometry":{"type":"LineString","coordinates":[[-70.72183,-34.18557],[-70.72175,-34.18562]]}},{"type":"Feature","properties":{"nombre":"Avenida Bombero Domingo Villalobos","jerarquia":4},"geometry":{"type":"LineString","coordinates":[[-70.72176,-34.18547],[-70.72183,-34.18557]]}},{"type":"Feature","properties":{"nombre":"Avenida Bombero Domingo Villalobos","jerarquia":4},"geometry":{"type":"LineString","coordinates":[[-70.72175,-34.18562],[-70.72168,-34.18552]]}},{"type":"Feature","properties":{"nombre":"Caletera Carretera Presidente Eduardo Frei Montalva","jerarquia":5},"geometry":{"type":"LineString","coordinates":[[-70.72175,-34.18562],[-70.72162,-34.18569]]}},{"type":"Feature","properties":{"nombre":"Avenida Bombero Domingo Villalobos","jerarquia":3},"geometry":{"type":"LineString","coordinates":[[-70.72168,-34.18552],[-70.72162,-34.18544]]}},{"type":"Feature","properties":{"nombre":"Avenida Bombero Domingo Villalobos","jerarquia":3},"geometry":{"type":"LineString","coordinates":[[-70.7217,-34.18539],[-70.72176,-34.18547]]}},{"type":"Feature","properties":{"nombre":"Carretera Presidente Eduardo Frei Montalva","jerarquia":3},"geometry":{"type":"LineString","coordinates":[[-70.72162,-34.18544],[-70.7217,-34.18539]]}},{"type":"Feature","properties":{"nombre":"Carretera Presidente Eduardo Frei Montalva","jerarquia":3},"geometry":{"type":"LineString","coordinates":[[-70.72149,-34.18551],[-70.72152,-34.18549]]}},{"type":"Feature","properties":{"nombre":"Carretera Presidente Eduardo Frei Montalva","jerarquia":3},"geometry":{"type":"LineString","coordinates":[[-70.72152,-34.18549],[-70.72162,-34.18544]]}},{"type":"Feature","properties":{"nombre":"Carretera Presidente Eduardo Frei Montalva","jerarquia":3},"geometry":{"type":"LineString","coordinates":[[-70.72168,-34.18552],[-70.72155,-34.18559]]}},{"type":"Feature","properties":{"nombre":"Carretera Presidente Eduardo Frei Montalva","jerarquia":3},"geometry":{"type":"LineString","coordinates":[[-70.72176,-34.18547],[-70.72168,-34.18552]]}},{"type":"Feature","properties":{"nombre":"Carretera Presidente Eduardo Frei Montalva","jerarquia":3},"geometry":{"type":"LineString","coordinates":[[-70.72566,-34.18318],[-70.72576,-34.18312]]}},{"type":"Feature","properties":{"nombre":"Carretera Presidente Eduardo Frei Montalva","jerarquia":3},"geometry":{"type":"LineString","coordinates":[[-70.72174,-34.18536],[-70.72188,-34.18528]]}},{"type":"Feature","properties":{"nombre":"Carretera Presidente Eduardo Frei Montalva","jerarquia":3},"geometry":{"type":"LineString","coordinates":[[-70.72188,-34.18528],[-70.72529,-34.18338]]}},{"type":"Feature","properties":{"nombre":"Carretera Presidente Eduardo Frei Montalva","jerarquia":3},"geometry":{"type":"LineString","coordinates":[[-70.72529,-34.18338],[-70.72554,-34.18325]]}},{"type":"Feature","properties":{"nombre":"Carretera Presidente Eduardo Frei Montalva","jerarquia":3},"geometry":{"type":"LineString","coordinates":[[-70.72554,-34.18325],[-70.72566,-34.18318]]}},{"type":"Feature","properties":{"nombre":"Avenida Einstein","jerarquia":5},"geometry":{"type":"LineString","coordinates":[[-70.72572,-34.18326],[-70.72566,-34.18318]]}},{"type":"Feature","properties":{"nombre":"Carretera Presidente Eduardo Frei Montalva","jerarquia":3},"geometry":{"type":"LineString","coordinates":[[-70.72582,-34.1832],[-70.72572,-34.18326]]}},{"type":"Feature","properties":{"nombre":"Avenida Einstein","jerarquia":5},"geometry":{"type":"LineString","coordinates":[[-70.72576,-34.18312],[-70.72582,-34.1832]]}},{"type":"Feature","properties":{"nombre":"Avenida Capitán Antonio Millán","jerarquia":4},"geometry":{"type":"LineString","coordinates":[[-70.74171,-34.17498],[-70.74138,-34.17503]]}},{"type":"Feature","properties":{"nombre":"Avenida Capitán Antonio Millán","jerarquia":4},"geometry":{"type":"LineString","coordinates":[[-70.74181,-34.17496],[-70.74171,-34.17498]]}},{"type":"Feature","properties":{"nombre":"Avenida Cachapoal","jerarquia":4},"geometry":{"type":"LineString","coordinates":[[-70.74171,-34.17498],[-70.74166,-34.1749]]}},{"type":"Feature","properties":{"nombre":"Avenida Cachapoal","jerarquia":4},"geometry":{"type":"LineString","coordinates":[[-70.74177,-34.17488],[-70.74181,-34.17496]]}},{"type":"Feature","properties":{"nombre":"Avenida Capitán Antonio Millán","jerarquia":4},"geometry":{"type":"LineString","coordinates":[[-70.74166,-34.1749],[-70.74177,-34.17488]]}},{"type":"Feature","properties":{"nombre":"Avenida Capitán Antonio Millán","jerarquia":4},"geometry":{"type":"LineString","coordinates":[[-70.74113,-34.17499],[-70.74153,-34.17492]]}},{"type":"Feature","properties":{"nombre":"Avenida Capitán Antonio Millán","jerarquia":4},"geometry":{"type":"LineString","coordinates":[[-70.74153,-34.17492],[-70.74166,-34.1749]]}},{"type":"Feature","properties":{"nombre":"Avenida Capitán Antonio Millán","jerarquia":4},"geometry":{"type":"LineString","coordinates":[[-70.74305,-34.17476],[-70.74204,-34.17492]]}},{"type":"Feature","properties":{"nombre":"Avenida Capitán Antonio Millán","jerarquia":4},"geometry":{"type":"LineString","coordinates":[[-70.74204,-34.17492],[-70.74181,-34.17496]]}},{"type":"Feature","properties":{"nombre":"Avenida Capitán Antonio Millán","jerarquia":4},"geometry":{"type":"LineString","coordinates":[[-70.74177,-34.17488],[-70.74295,-34.17471]]}},{"type":"Feature","properties":{"nombre":"Avenida Capitán Antonio Millán","jerarquia":4},"geometry":{"type":"LineString","coordinates":[[-70.74295,-34.17471],[-70.74303,-34.17469]]}},{"type":"Feature","properties":{"nombre":"Avenida Capitán Antonio Millán","jerarquia":4},"geometry":{"type":"LineString","coordinates":[[-70.7444,-34.17448],[-70.74565,-34.17425]]}},{"type":"Feature","properties":{"nombre":"Avenida Capitán Antonio Millán","jerarquia":4},"geometry":{"type":"LineString","coordinates":[[-70.74565,-34.17425],[-70.74574,-34.17423]]}},{"type":"Feature","properties":{"nombre":"Coronel Santiago Bueras","jerarquia":5},"geometry":{"type":"LineString","coordinates":[[-70.74574,-34.17423],[-70.74575,-34.17432]]}},{"type":"Feature","properties":{"nombre":"Avenida Capitán Antonio Millán","jerarquia":4},"geometry":{"type":"LineString","coordinates":[[-70.74575,-34.17432],[-70.74453,-34.17453]]}},{"type":"Feature","properties":{"nombre":"Avenida Capitán Antonio Millán","jerarquia":4},"geometry":{"type":"LineString","coordinates":[[-70.74453,-34.17453],[-70.74442,-34.17455]]}},{"type":"Feature","properties":{"nombre":"Avenida Capitán Antonio Millán","jerarquia":4},"geometry":{"type":"LineString","coordinates":[[-70.74574,-34.17423],[-70.74713,-34.17395]]}},{"type":"Feature","properties":{"nombre":"Avenida Capitán Antonio Millán","jerarquia":4},"geometry":{"type":"LineString","coordinates":[[-70.74713,-34.17395],[-70.74721,-34.17393]]}},{"type":"Feature","properties":{"nombre":"Avenida Capitán Antonio Millán","jerarquia":4},"geometry":{"type":"LineString","coordinates":[[-70.75294,-34.17317],[-70.75255,-34.17322]]}},{"type":"Feature","properties":{"nombre":"Avenida General José de San Martín","jerarquia":5},"geometry":{"type":"LineString","coordinates":[[-70.74728,-34.17402],[-70.74721,-34.17393]]}},{"type":"Feature","properties":{"nombre":"Carretera Presidente Eduardo Frei Montalva","jerarquia":3},"geometry":{"type":"LineString","coordinates":[[-70.72971,-34.181],[-70.72963,-34.18105]]}},{"type":"Feature","properties":{"nombre":"Eusebio Lillo","jerarquia":5},"geometry":{"type":"LineString","coordinates":[[-70.72957,-34.18097],[-70.72943,-34.18079]]}},{"type":"Feature","properties":{"nombre":"Eusebio Lillo","jerarquia":5},"geometry":{"type":"LineString","coordinates":[[-70.72963,-34.18105],[-70.72957,-34.18097]]}},{"type":"Feature","properties":{"nombre":"Eusebio Lillo","jerarquia":5},"geometry":{"type":"LineString","coordinates":[[-70.72964,-34.18093],[-70.72971,-34.181]]}},{"type":"Feature","properties":{"nombre":"Eusebio Lillo","jerarquia":5},"geometry":{"type":"LineString","coordinates":[[-70.72943,-34.18079],[-70.72959,-34.1809]]}},{"type":"Feature","properties":{"nombre":"Eusebio Lillo","jerarquia":5},"geometry":{"type":"LineString","coordinates":[[-70.72959,-34.1809],[-70.72964,-34.18093]]}},{"type":"Feature","properties":{"nombre":"Carretera Presidente Eduardo Frei Montalva","jerarquia":3},"geometry":{"type":"LineString","coordinates":[[-70.72957,-34.18097],[-70.72964,-34.18093]]}},{"type":"Feature","properties":{"nombre":"Carretera Presidente Eduardo Frei Montalva","jerarquia":3},"geometry":{"type":"LineString","coordinates":[[-70.72576,-34.18312],[-70.72605,-34.18296]]}},{"type":"Feature","properties":{"nombre":"Carretera Presidente Eduardo Frei Montalva","jerarquia":3},"geometry":{"type":"LineString","coordinates":[[-70.72605,-34.18296],[-70.72937,-34.18109]]}},{"type":"Feature","properties":{"nombre":"Carretera Presidente Eduardo Frei Montalva","jerarquia":3},"geometry":{"type":"LineString","coordinates":[[-70.72937,-34.18109],[-70.72953,-34.181]]}},{"type":"Feature","properties":{"nombre":"Carretera Presidente Eduardo Frei Montalva","jerarquia":3},"geometry":{"type":"LineString","coordinates":[[-70.72953,-34.181],[-70.72957,-34.18097]]}},{"type":"Feature","properties":{"nombre":"Avenida Javiera Carrera","jerarquia":4},"geometry":{"type":"LineString","coordinates":[[-70.72755,-34.1855],[-70.72743,-34.18559]]}},{"type":"Feature","properties":{"nombre":"Avenida Bombero Domingo Villalobos","jerarquia":3},"geometry":{"type":"LineString","coordinates":[[-70.71298,-34.17505],[-70.71328,-34.17539]]}},{"type":"Feature","properties":{"nombre":"Avenida Bombero Domingo Villalobos","jerarquia":3},"geometry":{"type":"LineString","coordinates":[[-70.71328,-34.17539],[-70.71403,-34.17627]]}},{"type":"Feature","properties":{"nombre":"Avenida Bombero Domingo Villalobos","jerarquia":3},"geometry":{"type":"LineString","coordinates":[[-70.71403,-34.17627],[-70.71437,-34.17666]]}},{"type":"Feature","properties":{"nombre":"Avenida Bombero Domingo Villalobos","jerarquia":3},"geometry":{"type":"LineString","coordinates":[[-70.71437,-34.17666],[-70.71473,-34.17708]]}},{"type":"Feature","properties":{"nombre":"Avenida Bombero Domingo Villalobos","jerarquia":3},"geometry":{"type":"LineString","coordinates":[[-70.71473,-34.17708],[-70.71546,-34.17794]]}},{"type":"Feature","properties":{"nombre":"Avenida Bombero Domingo Villalobos","jerarquia":3},"geometry":{"type":"LineString","coordinates":[[-70.71532,-34.17802],[-70.71459,-34.17718]]}},{"type":"Feature","properties":{"nombre":"Héctor Zamorano","jerarquia":5},"geometry":{"type":"LineString","coordinates":[[-70.71532,-34.17802],[-70.71546,-34.17794]]}},{"type":"Feature","properties":{"nombre":"Héctor Zamorano","jerarquia":5},"geometry":{"type":"LineString","coordinates":[[-70.71503,-34.17817],[-70.71532,-34.17802]]}},{"type":"Feature","properties":{"nombre":"Avenida Libertador Bernardo O'Higgins","jerarquia":3},"geometry":{"type":"LineString","coordinates":[[-70.71352,-34.17445],[-70.71343,-34.17455]]}},{"type":"Feature","properties":{"nombre":"Avenida Miguel Ramírez","jerarquia":4},"geometry":{"type":"LineString","coordinates":[[-70.71765,-34.1737],[-70.71783,-34.17367]]}},{"type":"Feature","properties":{"nombre":"Avenida Einstein","jerarquia":4},"geometry":{"type":"LineString","coordinates":[[-70.71779,-34.17376],[-70.71765,-34.1737]]}},{"type":"Feature","properties":{"nombre":"Avenida Miguel Ramírez","jerarquia":4},"geometry":{"type":"LineString","coordinates":[[-70.71798,-34.17373],[-70.71779,-34.17376]]}},{"type":"Feature","properties":{"nombre":"Avenida Einstein","jerarquia":4},"geometry":{"type":"LineString","coordinates":[[-70.71783,-34.17367],[-70.71798,-34.17373]]}},{"type":"Feature","properties":{"nombre":"Leopoldo de Asís","jerarquia":5},"geometry":{"type":"LineString","coordinates":[[-70.71256,-34.17481],[-70.71041,-34.175]]}},{"type":"Feature","properties":{"nombre":"Avenida Miguel Ramírez","jerarquia":3},"geometry":{"type":"LineString","coordinates":[[-70.70935,-34.17489],[-70.70998,-34.17484]]}},{"type":"Feature","properties":{"nombre":"","jerarquia":3},"geometry":{"type":"LineString","coordinates":[[-70.73926,-34.15477],[-70.73938,-34.15483],[-70.73941,-34.15492]]}},{"type":"Feature","properties":{"nombre":"Avenida República de Chile","jerarquia":3},"geometry":{"type":"LineString","coordinates":[[-70.72017,-34.15882],[-70.72006,-34.15885]]}},{"type":"Feature","properties":{"nombre":"Avenida La Victoria","jerarquia":4},"geometry":{"type":"LineString","coordinates":[[-70.72006,-34.15867],[-70.72017,-34.15882]]}},{"type":"Feature","properties":{"nombre":"Avenida La Victoria","jerarquia":4},"geometry":{"type":"LineString","coordinates":[[-70.72006,-34.15885],[-70.71995,-34.15869]]}},{"type":"Feature","properties":{"nombre":"Avenida República de Chile","jerarquia":3},"geometry":{"type":"LineString","coordinates":[[-70.71995,-34.15869],[-70.72006,-34.15867]]}},{"type":"Feature","properties":{"nombre":"Avenida España","jerarquia":3},"geometry":{"type":"LineString","coordinates":[[-70.74501,-34.16348],[-70.74491,-34.16299]]}},{"type":"Feature","properties":{"nombre":"Villa Los Olivares Segundo Sector","jerarquia":5},"geometry":{"type":"LineString","coordinates":[[-70.74491,-34.16299],[-70.74499,-34.16298]]}},{"type":"Feature","properties":{"nombre":"Avenida España","jerarquia":3},"geometry":{"type":"LineString","coordinates":[[-70.74499,-34.16298],[-70.74511,-34.16346]]}},{"type":"Feature","properties":{"nombre":"Avenida España","jerarquia":3},"geometry":{"type":"LineString","coordinates":[[-70.74474,-34.16224],[-70.74469,-34.16203]]}},{"type":"Feature","properties":{"nombre":"Avenida España","jerarquia":3},"geometry":{"type":"LineString","coordinates":[[-70.74469,-34.16203],[-70.74461,-34.16166]]}},{"type":"Feature","properties":{"nombre":"Avenida España","jerarquia":3},"geometry":{"type":"LineString","coordinates":[[-70.74461,-34.16166],[-70.74447,-34.16104]]}},{"type":"Feature","properties":{"nombre":"Avenida España","jerarquia":3},"geometry":{"type":"LineString","coordinates":[[-70.74447,-34.16104],[-70.74438,-34.16056]]}},{"type":"Feature","properties":{"nombre":"Avenida España","jerarquia":3},"geometry":{"type":"LineString","coordinates":[[-70.74428,-34.1594],[-70.74447,-34.16054]]}},{"type":"Feature","properties":{"nombre":"Avenida España","jerarquia":3},"geometry":{"type":"LineString","coordinates":[[-70.74447,-34.16054],[-70.74456,-34.16104]]}},{"type":"Feature","properties":{"nombre":"Avenida España","jerarquia":3},"geometry":{"type":"LineString","coordinates":[[-70.74482,-34.16223],[-70.74498,-34.16291]]}},{"type":"Feature","properties":{"nombre":"Avenida España","jerarquia":3},"geometry":{"type":"LineString","coordinates":[[-70.74491,-34.16299],[-70.74489,-34.16293]]}},{"type":"Feature","properties":{"nombre":"Avenida España","jerarquia":3},"geometry":{"type":"LineString","coordinates":[[-70.74489,-34.16293],[-70.74474,-34.16224]]}},{"type":"Feature","properties":{"nombre":"Avenida Membrillar","jerarquia":4},"geometry":{"type":"LineString","coordinates":[[-70.72691,-34.17218],[-70.72738,-34.17211]]}},{"type":"Feature","properties":{"nombre":"Avenida Membrillar","jerarquia":4},"geometry":{"type":"LineString","coordinates":[[-70.72738,-34.17211],[-70.72823,-34.17199]]}},{"type":"Feature","properties":{"nombre":"Avenida Membrillar","jerarquia":4},"geometry":{"type":"LineString","coordinates":[[-70.72829,-34.17209],[-70.72754,-34.17218]]}},{"type":"Feature","properties":{"nombre":"Avenida La Compañía","jerarquia":4},"geometry":{"type":"LineString","coordinates":[[-70.72235,-34.17285],[-70.72242,-34.17293]]}},{"type":"Feature","properties":{"nombre":"Avenida La Compañía","jerarquia":4},"geometry":{"type":"LineString","coordinates":[[-70.72228,-34.17296],[-70.72219,-34.17288]]}},{"type":"Feature","properties":{"nombre":"Avenida Miguel Ramírez","jerarquia":4},"geometry":{"type":"LineString","coordinates":[[-70.72235,-34.17285],[-70.72288,-34.17276]]}},{"type":"Feature","properties":{"nombre":"Avenida Miguel Ramírez","jerarquia":4},"geometry":{"type":"LineString","coordinates":[[-70.72219,-34.17288],[-70.72235,-34.17285]]}},{"type":"Feature","properties":{"nombre":"Avenida Libertador Bernardo O'Higgins","jerarquia":3},"geometry":{"type":"LineString","coordinates":[[-70.71529,-34.17152],[-70.7162,-34.17022]]}},{"type":"Feature","properties":{"nombre":"Avenida Libertador Bernardo O'Higgins","jerarquia":3},"geometry":{"type":"LineString","coordinates":[[-70.7162,-34.17022],[-70.71699,-34.16911]]}},{"type":"Feature","properties":{"nombre":"Avenida Libertador Bernardo O'Higgins","jerarquia":3},"geometry":{"type":"LineString","coordinates":[[-70.71521,-34.17164],[-70.71525,-34.17158]]}},{"type":"Feature","properties":{"nombre":"Avenida Libertador Bernardo O'Higgins","jerarquia":3},"geometry":{"type":"LineString","coordinates":[[-70.71548,-34.17178],[-70.71543,-34.17184]]}},{"type":"Feature","properties":{"nombre":"Avenida Nueva Einstein","jerarquia":4},"geometry":{"type":"LineString","coordinates":[[-70.71525,-34.17158],[-70.71548,-34.17178]]}},{"type":"Feature","properties":{"nombre":"Avenida República de Chile","jerarquia":3},"geometry":{"type":"LineString","coordinates":[[-70.72892,-34.15616],[-70.72829,-34.15622]]}},{"type":"Feature","properties":{"nombre":"Avenida República de Chile","jerarquia":3},"geometry":{"type":"LineString","coordinates":[[-70.72829,-34.15608],[-70.72871,-34.15603]]}},{"type":"Feature","properties":{"nombre":"Avenida República de Chile","jerarquia":3},"geometry":{"type":"LineString","coordinates":[[-70.72871,-34.15603],[-70.72891,-34.15601]]}},{"type":"Feature","properties":{"nombre":"Granada","jerarquia":5},"geometry":{"type":"LineString","coordinates":[[-70.73158,-34.15391],[-70.73173,-34.15389]]}},{"type":"Feature","properties":{"nombre":"Avenida Illanes","jerarquia":4},"geometry":{"type":"LineString","coordinates":[[-70.73158,-34.15391],[-70.73153,-34.15365]]}},{"type":"Feature","properties":{"nombre":"Avenida Illanes","jerarquia":4},"geometry":{"type":"LineString","coordinates":[[-70.73153,-34.15365],[-70.73144,-34.15319]]}},{"type":"Feature","properties":{"nombre":"Avenida Illanes","jerarquia":4},"geometry":{"type":"LineString","coordinates":[[-70.73144,-34.15319],[-70.73115,-34.1518]]}},{"type":"Feature","properties":{"nombre":"Avenida Illanes","jerarquia":4},"geometry":{"type":"LineString","coordinates":[[-70.73173,-34.15389],[-70.73183,-34.15436]]}},{"type":"Feature","properties":{"nombre":"Avenida Illanes","jerarquia":4},"geometry":{"type":"LineString","coordinates":[[-70.73183,-34.15436],[-70.73204,-34.15541]]}},{"type":"Feature","properties":{"nombre":"Avenida Los Alpes","jerarquia":5},"geometry":{"type":"LineString","coordinates":[[-70.73129,-34.15177],[-70.73115,-34.1518]]}},{"type":"Feature","properties":{"nombre":"Diego de Almagro","jerarquia":4},"geometry":{"type":"LineString","coordinates":[[-70.7291,-34.14644],[-70.72906,-34.14682]]}},{"type":"Feature","properties":{"nombre":"Punta del Sol","jerarquia":3},"geometry":{"type":"LineString","coordinates":[[-70.72997,-34.13815],[-70.7301,-34.138]]}},{"type":"Feature","properties":{"nombre":"Punta del Sol","jerarquia":3},"geometry":{"type":"LineString","coordinates":[[-70.73027,-34.13798],[-70.7301,-34.138]]}},{"type":"Feature","properties":{"nombre":"Punta del Sol","jerarquia":3},"geometry":{"type":"LineString","coordinates":[[-70.7301,-34.138],[-70.72978,-34.13797]]}},{"type":"Feature","properties":{"nombre":"Samuel Román Rojas","jerarquia":5},"geometry":{"type":"LineString","coordinates":[[-70.74005,-34.1368],[-70.73964,-34.13705]]}},{"type":"Feature","properties":{"nombre":"Samuel Román Rojas","jerarquia":5},"geometry":{"type":"LineString","coordinates":[[-70.73964,-34.13705],[-70.73788,-34.13817]]}},{"type":"Feature","properties":{"nombre":"Samuel Román Rojas","jerarquia":5},"geometry":{"type":"LineString","coordinates":[[-70.73788,-34.13817],[-70.73781,-34.13821]]}},{"type":"Feature","properties":{"nombre":"Samuel Román Rojas","jerarquia":5},"geometry":{"type":"LineString","coordinates":[[-70.73772,-34.13811],[-70.73954,-34.13695]]}},{"type":"Feature","properties":{"nombre":"Samuel Román Rojas","jerarquia":5},"geometry":{"type":"LineString","coordinates":[[-70.73954,-34.13695],[-70.73984,-34.13676]]}},{"type":"Feature","properties":{"nombre":"Samuel Román Rojas","jerarquia":5},"geometry":{"type":"LineString","coordinates":[[-70.73984,-34.13676],[-70.73993,-34.1367]]}},{"type":"Feature","properties":{"nombre":"Nelson Pereira","jerarquia":5},"geometry":{"type":"LineString","coordinates":[[-70.74429,-34.14018],[-70.74414,-34.14008]]}},{"type":"Feature","properties":{"nombre":"Nelson Pereira","jerarquia":5},"geometry":{"type":"LineString","coordinates":[[-70.74414,-34.14008],[-70.74368,-34.13971]]}},{"type":"Feature","properties":{"nombre":"Nelson Pereira","jerarquia":5},"geometry":{"type":"LineString","coordinates":[[-70.74376,-34.1396],[-70.74422,-34.13996]]}},{"type":"Feature","properties":{"nombre":"Nelson Pereira","jerarquia":5},"geometry":{"type":"LineString","coordinates":[[-70.74422,-34.13996],[-70.74436,-34.14007]]}},{"type":"Feature","properties":{"nombre":"Avenida Pedro de Valdivia","jerarquia":3},"geometry":{"type":"LineString","coordinates":[[-70.73634,-34.17646],[-70.73642,-34.17644]]}},{"type":"Feature","properties":{"nombre":"Avenida Pedro de Valdivia","jerarquia":3},"geometry":{"type":"LineString","coordinates":[[-70.73643,-34.17652],[-70.73636,-34.17655]]}},{"type":"Feature","properties":{"nombre":"Avenida Libertador Bernardo O'Higgins","jerarquia":3},"geometry":{"type":"LineString","coordinates":[[-70.74948,-34.164],[-70.75034,-34.16388]]}},{"type":"Feature","properties":{"nombre":"Avenida Libertador Bernardo O'Higgins","jerarquia":3},"geometry":{"type":"LineString","coordinates":[[-70.7484,-34.16414],[-70.74948,-34.164]]}},{"type":"Feature","properties":{"nombre":"Avenida Libertador Bernardo O'Higgins","jerarquia":3},"geometry":{"type":"LineString","coordinates":[[-70.75026,-34.16403],[-70.74946,-34.16417]]}},{"type":"Feature","properties":{"nombre":"Avenida República de Chile","jerarquia":3},"geometry":{"type":"LineString","coordinates":[[-70.73775,-34.15511],[-70.73759,-34.15513]]}},{"type":"Feature","properties":{"nombre":"Avenida República de Chile","jerarquia":3},"geometry":{"type":"LineString","coordinates":[[-70.7379,-34.15493],[-70.73809,-34.15491]]}},{"type":"Feature","properties":{"nombre":"Avenida República de Chile","jerarquia":3},"geometry":{"type":"LineString","coordinates":[[-70.73809,-34.15491],[-70.73906,-34.15479]]}},{"type":"Feature","properties":{"nombre":"Avenida República de Chile","jerarquia":3},"geometry":{"type":"LineString","coordinates":[[-70.73906,-34.15479],[-70.73926,-34.15477]]}},{"type":"Feature","properties":{"nombre":"Avenida República de Chile","jerarquia":3},"geometry":{"type":"LineString","coordinates":[[-70.73926,-34.15477],[-70.73938,-34.15476]]}},{"type":"Feature","properties":{"nombre":"","jerarquia":4},"geometry":{"type":"LineString","coordinates":[[-70.74301,-34.18234],[-70.74296,-34.1827]]}},{"type":"Feature","properties":{"nombre":"General Bulnes","jerarquia":5},"geometry":{"type":"LineString","coordinates":[[-70.74371,-34.17777],[-70.74205,-34.17849]]}},{"type":"Feature","properties":{"nombre":"General Bulnes","jerarquia":5},"geometry":{"type":"LineString","coordinates":[[-70.74135,-34.17879],[-70.7413,-34.17881]]}},{"type":"Feature","properties":{"nombre":"Avenida Koke","jerarquia":5},"geometry":{"type":"LineString","coordinates":[[-70.75312,-34.16788],[-70.7532,-34.16836]]}},{"type":"Feature","properties":{"nombre":"Avenida Koke","jerarquia":5},"geometry":{"type":"LineString","coordinates":[[-70.75309,-34.16777],[-70.75312,-34.16788]]}},{"type":"Feature","properties":{"nombre":"Carretera Presidente Eduardo Frei Montalva","jerarquia":3},"geometry":{"type":"LineString","coordinates":[[-70.71675,-34.18821],[-70.71616,-34.18842],[-70.71507,-34.18871],[-70.71042,-34.18957]]}},{"type":"Feature","properties":{"nombre":"Carretera Presidente Eduardo Frei Montalva","jerarquia":3},"geometry":{"type":"LineString","coordinates":[[-70.71042,-34.18957],[-70.70938,-34.18978]]}},{"type":"Feature","properties":{"nombre":"Carretera Presidente Eduardo Frei Montalva","jerarquia":3},"geometry":{"type":"LineString","coordinates":[[-70.70938,-34.18978],[-70.7067,-34.19028]]}},{"type":"Feature","properties":{"nombre":"Carretera Presidente Eduardo Frei Montalva","jerarquia":3},"geometry":{"type":"LineString","coordinates":[[-70.7067,-34.19028],[-70.70124,-34.19127],[-70.70014,-34.19138]]}},{"type":"Feature","properties":{"nombre":"Costanera Norte Río Cachapoal","jerarquia":3},"geometry":{"type":"LineString","coordinates":[[-70.78013,-34.18349],[-70.78148,-34.18364],[-70.78258,-34.18362],[-70.78457,-34.18337],[-70.7867,-34.18291]]}},{"type":"Feature","properties":{"nombre":"Costanera Norte Río Cachapoal","jerarquia":3},"geometry":{"type":"LineString","coordinates":[[-70.78001,-34.18347],[-70.78013,-34.18349]]}},{"type":"Feature","properties":{"nombre":"","jerarquia":3},"geometry":{"type":"LineString","coordinates":[[-70.69411,-34.17578],[-70.69412,-34.17564]]}},{"type":"Feature","properties":{"nombre":"","jerarquia":3},"geometry":{"type":"LineString","coordinates":[[-70.69758,-34.1762],[-70.69763,-34.17622],[-70.69767,-34.17634]]}},{"type":"Feature","properties":{"nombre":"Avenida San Juan","jerarquia":3},"geometry":{"type":"LineString","coordinates":[[-70.69573,-34.17639],[-70.69561,-34.17635]]}},{"type":"Feature","properties":{"nombre":"Avenida San Juan","jerarquia":3},"geometry":{"type":"LineString","coordinates":[[-70.69412,-34.17564],[-70.69514,-34.17604]]}},{"type":"Feature","properties":{"nombre":"Avenida San Juan","jerarquia":3},"geometry":{"type":"LineString","coordinates":[[-70.69514,-34.17604],[-70.69568,-34.17622]]}},{"type":"Feature","properties":{"nombre":"Avenida San Juan","jerarquia":3},"geometry":{"type":"LineString","coordinates":[[-70.6961,-34.17632],[-70.69672,-34.17634]]}},{"type":"Feature","properties":{"nombre":"Avenida San Juan","jerarquia":3},"geometry":{"type":"LineString","coordinates":[[-70.69672,-34.17634],[-70.69758,-34.1762]]}},{"type":"Feature","properties":{"nombre":"Avenida Kennedy","jerarquia":3},"geometry":{"type":"LineString","coordinates":[[-70.7326,-34.13652],[-70.73255,-34.13644]]}},{"type":"Feature","properties":{"nombre":"Avenida Circunvalación Arturo Gatica Silva","jerarquia":3},"geometry":{"type":"LineString","coordinates":[[-70.74003,-34.14527],[-70.74023,-34.14515]]}},{"type":"Feature","properties":{"nombre":"Avenida Circunvalación Arturo Gatica Silva","jerarquia":3},"geometry":{"type":"LineString","coordinates":[[-70.74029,-34.14525],[-70.7401,-34.14538]]}},{"type":"Feature","properties":{"nombre":"Juan Martínez de Rozas","jerarquia":5},"geometry":{"type":"LineString","coordinates":[[-70.71726,-34.16363],[-70.71714,-34.16368]]}},{"type":"Feature","properties":{"nombre":"Juan Martínez de Rozas","jerarquia":5},"geometry":{"type":"LineString","coordinates":[[-70.71714,-34.16368],[-70.7167,-34.16393]]}},{"type":"Feature","properties":{"nombre":"Juan Martínez de Rozas","jerarquia":5},"geometry":{"type":"LineString","coordinates":[[-70.7167,-34.16393],[-70.71607,-34.16431]]}},{"type":"Feature","properties":{"nombre":"Juan Martínez de Rozas","jerarquia":5},"geometry":{"type":"LineString","coordinates":[[-70.71607,-34.16431],[-70.71582,-34.16448]]}},{"type":"Feature","properties":{"nombre":"Juan Martínez de Rozas","jerarquia":5},"geometry":{"type":"LineString","coordinates":[[-70.71582,-34.16448],[-70.71531,-34.1648]]}},{"type":"Feature","properties":{"nombre":"Teniente Coronel José Bernardo Cuevas","jerarquia":4},"geometry":{"type":"LineString","coordinates":[[-70.73499,-34.16995],[-70.7351,-34.16993]]}},{"type":"Feature","properties":{"nombre":"Avenida Capitán Ramón Freire","jerarquia":3},"geometry":{"type":"LineString","coordinates":[[-70.73467,-34.16766],[-70.73488,-34.16871]]}},{"type":"Feature","properties":{"nombre":"Avenida Capitán Ramón Freire","jerarquia":3},"geometry":{"type":"LineString","coordinates":[[-70.73488,-34.16871],[-70.73489,-34.16879]]}},{"type":"Feature","properties":{"nombre":"Avenida El Sol","jerarquia":4},"geometry":{"type":"LineString","coordinates":[[-70.7156,-34.15438],[-70.71509,-34.15475]]}},{"type":"Feature","properties":{"nombre":"Avenida El Sol","jerarquia":4},"geometry":{"type":"LineString","coordinates":[[-70.71978,-34.15134],[-70.7186,-34.1522]]}},{"type":"Feature","properties":{"nombre":"Avenida El Sol","jerarquia":4},"geometry":{"type":"LineString","coordinates":[[-70.7186,-34.1522],[-70.71852,-34.15226]]}},{"type":"Feature","properties":{"nombre":"Avenida El Sol","jerarquia":4},"geometry":{"type":"LineString","coordinates":[[-70.71852,-34.15226],[-70.71782,-34.15278]]}},{"type":"Feature","properties":{"nombre":"Avenida El Sol","jerarquia":4},"geometry":{"type":"LineString","coordinates":[[-70.71782,-34.15278],[-70.71719,-34.15324]]}},{"type":"Feature","properties":{"nombre":"Avenida El Sol","jerarquia":4},"geometry":{"type":"LineString","coordinates":[[-70.71719,-34.15324],[-70.71713,-34.15328]]}},{"type":"Feature","properties":{"nombre":"Ruta Travesía","jerarquia":2},"geometry":{"type":"LineString","coordinates":[[-70.72531,-34.11828],[-70.72711,-34.12438]]}},{"type":"Feature","properties":{"nombre":"Ruta Travesía","jerarquia":2},"geometry":{"type":"LineString","coordinates":[[-70.72944,-34.13266],[-70.72708,-34.12463]]}},{"type":"Feature","properties":{"nombre":"Ruta Travesía","jerarquia":2},"geometry":{"type":"LineString","coordinates":[[-70.72708,-34.12463],[-70.727,-34.12438]]}},{"type":"Feature","properties":{"nombre":"Ruta Travesía","jerarquia":2},"geometry":{"type":"LineString","coordinates":[[-70.727,-34.12438],[-70.72492,-34.11737]]}},{"type":"Feature","properties":{"nombre":"Las Magnolias","jerarquia":5},"geometry":{"type":"LineString","coordinates":[[-70.75318,-34.16308],[-70.75308,-34.16294]]}},{"type":"Feature","properties":{"nombre":"Avenida Libertador Bernardo O'Higgins","jerarquia":3},"geometry":{"type":"LineString","coordinates":[[-70.75246,-34.16327],[-70.75296,-34.16301]]}},{"type":"Feature","properties":{"nombre":"Avenida Libertador Bernardo O'Higgins","jerarquia":3},"geometry":{"type":"LineString","coordinates":[[-70.75296,-34.16301],[-70.75308,-34.16294]]}},{"type":"Feature","properties":{"nombre":"Avenida Libertador Bernardo O'Higgins","jerarquia":3},"geometry":{"type":"LineString","coordinates":[[-70.75103,-34.16377],[-70.75177,-34.16361]]}},{"type":"Feature","properties":{"nombre":"Avenida Libertador Bernardo O'Higgins","jerarquia":3},"geometry":{"type":"LineString","coordinates":[[-70.75177,-34.16361],[-70.75246,-34.16327]]}},{"type":"Feature","properties":{"nombre":"Avenida Membrillar","jerarquia":4},"geometry":{"type":"LineString","coordinates":[[-70.73176,-34.17158],[-70.73077,-34.17173]]}},{"type":"Feature","properties":{"nombre":"Avenida Membrillar","jerarquia":4},"geometry":{"type":"LineString","coordinates":[[-70.73178,-34.17148],[-70.7319,-34.17146]]}},{"type":"Feature","properties":{"nombre":"Avenida Membrillar","jerarquia":4},"geometry":{"type":"LineString","coordinates":[[-70.7319,-34.17146],[-70.73207,-34.17143]]}},{"type":"Feature","properties":{"nombre":"Avenida Membrillar","jerarquia":4},"geometry":{"type":"LineString","coordinates":[[-70.73207,-34.17143],[-70.73213,-34.17143]]}},{"type":"Feature","properties":{"nombre":"Calle Mac-Iver","jerarquia":5},"geometry":{"type":"LineString","coordinates":[[-70.73081,-34.17162],[-70.73059,-34.17054]]}},{"type":"Feature","properties":{"nombre":"Avenida Miguel Ramírez","jerarquia":4},"geometry":{"type":"LineString","coordinates":[[-70.72288,-34.17276],[-70.7234,-34.17269]]}},{"type":"Feature","properties":{"nombre":"Avenida Membrillar","jerarquia":4},"geometry":{"type":"LineString","coordinates":[[-70.73298,-34.1714],[-70.73221,-34.17151]]}},{"type":"Feature","properties":{"nombre":"Avenida Membrillar","jerarquia":4},"geometry":{"type":"LineString","coordinates":[[-70.73221,-34.17151],[-70.73215,-34.17152]]}},{"type":"Feature","properties":{"nombre":"Avenida Membrillar","jerarquia":4},"geometry":{"type":"LineString","coordinates":[[-70.73034,-34.17179],[-70.7294,-34.17192]]}},{"type":"Feature","properties":{"nombre":"Avenida Membrillar","jerarquia":4},"geometry":{"type":"LineString","coordinates":[[-70.72985,-34.17176],[-70.7303,-34.17169]]}},{"type":"Feature","properties":{"nombre":"Avenida Membrillar","jerarquia":4},"geometry":{"type":"LineString","coordinates":[[-70.7303,-34.17169],[-70.7304,-34.17168]]}},{"type":"Feature","properties":{"nombre":"Avenida Membrillar","jerarquia":4},"geometry":{"type":"LineString","coordinates":[[-70.72823,-34.17199],[-70.72844,-34.17196]]}},{"type":"Feature","properties":{"nombre":"Avenida Membrillar","jerarquia":4},"geometry":{"type":"LineString","coordinates":[[-70.72851,-34.17205],[-70.72829,-34.17209]]}},{"type":"Feature","properties":{"nombre":"Avenida República de Chile","jerarquia":3},"geometry":{"type":"LineString","coordinates":[[-70.74083,-34.15457],[-70.74182,-34.15446]]}},{"type":"Feature","properties":{"nombre":"Avenida República de Chile","jerarquia":3},"geometry":{"type":"LineString","coordinates":[[-70.74182,-34.15446],[-70.74203,-34.15444]]}},{"type":"Feature","properties":{"nombre":"Avenida República de Chile","jerarquia":3},"geometry":{"type":"LineString","coordinates":[[-70.74203,-34.15444],[-70.74261,-34.15437]]}},{"type":"Feature","properties":{"nombre":"Avenida Circunvalación Poniente","jerarquia":5},"geometry":{"type":"LineString","coordinates":[[-70.77082,-34.17386],[-70.77086,-34.17391]]}},{"type":"Feature","properties":{"nombre":"Avenida Circunvalación Poniente","jerarquia":5},"geometry":{"type":"LineString","coordinates":[[-70.76987,-34.17309],[-70.77045,-34.17346],[-70.77082,-34.17386]]}},{"type":"Feature","properties":{"nombre":"Avenida Bolivia","jerarquia":5},"geometry":{"type":"LineString","coordinates":[[-70.76276,-34.18471],[-70.7622,-34.18383]]}},{"type":"Feature","properties":{"nombre":"Avenida Bolivia","jerarquia":5},"geometry":{"type":"LineString","coordinates":[[-70.763,-34.18493],[-70.76318,-34.18522]]}},{"type":"Feature","properties":{"nombre":"Avenida Provincial","jerarquia":5},"geometry":{"type":"LineString","coordinates":[[-70.76476,-34.17586],[-70.76495,-34.17611]]}},{"type":"Feature","properties":{"nombre":"Avenida Provincial","jerarquia":5},"geometry":{"type":"LineString","coordinates":[[-70.76321,-34.17383],[-70.76345,-34.17423],[-70.76398,-34.17488]]}},{"type":"Feature","properties":{"nombre":"Avenida Provincial","jerarquia":5},"geometry":{"type":"LineString","coordinates":[[-70.76398,-34.17488],[-70.76476,-34.17586]]}},{"type":"Feature","properties":{"nombre":"Juan Martínez de Rozas","jerarquia":5},"geometry":{"type":"LineString","coordinates":[[-70.72252,-34.16286],[-70.72241,-34.16288]]}},{"type":"Feature","properties":{"nombre":"Juan Martínez de Rozas","jerarquia":5},"geometry":{"type":"LineString","coordinates":[[-70.72541,-34.16246],[-70.72483,-34.16254]]}},{"type":"Feature","properties":{"nombre":"Juan Martínez de Rozas","jerarquia":5},"geometry":{"type":"LineString","coordinates":[[-70.72483,-34.16254],[-70.72478,-34.16255]]}},{"type":"Feature","properties":{"nombre":"Juan Martínez de Rozas","jerarquia":5},"geometry":{"type":"LineString","coordinates":[[-70.72478,-34.16255],[-70.72368,-34.1627]]}},{"type":"Feature","properties":{"nombre":"Juan Martínez de Rozas","jerarquia":5},"geometry":{"type":"LineString","coordinates":[[-70.72368,-34.1627],[-70.72308,-34.16279]]}},{"type":"Feature","properties":{"nombre":"Juan Martínez de Rozas","jerarquia":5},"geometry":{"type":"LineString","coordinates":[[-70.72308,-34.16279],[-70.72252,-34.16286]]}},{"type":"Feature","properties":{"nombre":"Avenida La Victoria","jerarquia":4},"geometry":{"type":"LineString","coordinates":[[-70.72216,-34.16182],[-70.72252,-34.16286]]}},{"type":"Feature","properties":{"nombre":"Avenida La Victoria","jerarquia":4},"geometry":{"type":"LineString","coordinates":[[-70.72023,-34.15889],[-70.72061,-34.15942]]}},{"type":"Feature","properties":{"nombre":"Avenida La Victoria","jerarquia":4},"geometry":{"type":"LineString","coordinates":[[-70.72061,-34.15942],[-70.7211,-34.16005]]}},{"type":"Feature","properties":{"nombre":"Avenida La Victoria","jerarquia":4},"geometry":{"type":"LineString","coordinates":[[-70.7211,-34.16005],[-70.72175,-34.16103]]}},{"type":"Feature","properties":{"nombre":"Avenida La Victoria","jerarquia":4},"geometry":{"type":"LineString","coordinates":[[-70.72175,-34.16103],[-70.72202,-34.16143]]}},{"type":"Feature","properties":{"nombre":"Avenida La Victoria","jerarquia":4},"geometry":{"type":"LineString","coordinates":[[-70.72202,-34.16143],[-70.72216,-34.16182]]}},{"type":"Feature","properties":{"nombre":"Avenida República de Chile","jerarquia":3},"geometry":{"type":"LineString","coordinates":[[-70.74313,-34.15431],[-70.74318,-34.1543]]}},{"type":"Feature","properties":{"nombre":"Avenida República de Chile","jerarquia":3},"geometry":{"type":"LineString","coordinates":[[-70.74318,-34.1543],[-70.74328,-34.15429]]}},{"type":"Feature","properties":{"nombre":"Avenida Circunvalación Poniente","jerarquia":5},"geometry":{"type":"LineString","coordinates":[[-70.75978,-34.15987],[-70.75942,-34.15926]]}},{"type":"Feature","properties":{"nombre":"Avenida Libertador Bernardo O'Higgins","jerarquia":3},"geometry":{"type":"LineString","coordinates":[[-70.75978,-34.15987],[-70.76015,-34.15973]]}},{"type":"Feature","properties":{"nombre":"Avenida Libertador Bernardo O'Higgins","jerarquia":3},"geometry":{"type":"LineString","coordinates":[[-70.76015,-34.15973],[-70.76045,-34.15961]]}},{"type":"Feature","properties":{"nombre":"Avenida Libertador Bernardo O'Higgins","jerarquia":3},"geometry":{"type":"LineString","coordinates":[[-70.76045,-34.15961],[-70.76075,-34.15949]]}},{"type":"Feature","properties":{"nombre":"Avenida Libertador Bernardo O'Higgins","jerarquia":3},"geometry":{"type":"LineString","coordinates":[[-70.76075,-34.15949],[-70.76119,-34.15932]]}},{"type":"Feature","properties":{"nombre":"Avenida Libertador Bernardo O'Higgins","jerarquia":3},"geometry":{"type":"LineString","coordinates":[[-70.76119,-34.15932],[-70.76135,-34.15926]]}},{"type":"Feature","properties":{"nombre":"Avenida Libertador Bernardo O'Higgins","jerarquia":3},"geometry":{"type":"LineString","coordinates":[[-70.76135,-34.15926],[-70.76143,-34.15923]]}},{"type":"Feature","properties":{"nombre":"Avenida Libertador Bernardo O'Higgins","jerarquia":3},"geometry":{"type":"LineString","coordinates":[[-70.76143,-34.15923],[-70.7628,-34.1587]]}},{"type":"Feature","properties":{"nombre":"Avenida Libertador Bernardo O'Higgins","jerarquia":3},"geometry":{"type":"LineString","coordinates":[[-70.7628,-34.1587],[-70.7631,-34.15858]]}},{"type":"Feature","properties":{"nombre":"Avenida Libertador Bernardo O'Higgins","jerarquia":3},"geometry":{"type":"LineString","coordinates":[[-70.7631,-34.15858],[-70.76493,-34.15787]]}},{"type":"Feature","properties":{"nombre":"Avenida Libertador Bernardo O'Higgins","jerarquia":3},"geometry":{"type":"LineString","coordinates":[[-70.76493,-34.15787],[-70.76554,-34.15764]]}},{"type":"Feature","properties":{"nombre":"Avenida Libertador Bernardo O'Higgins","jerarquia":3},"geometry":{"type":"LineString","coordinates":[[-70.76554,-34.15764],[-70.76564,-34.1576]]}},{"type":"Feature","properties":{"nombre":"Avenida Libertador Bernardo O'Higgins","jerarquia":3},"geometry":{"type":"LineString","coordinates":[[-70.76564,-34.1576],[-70.76575,-34.15755]]}},{"type":"Feature","properties":{"nombre":"Avenida Libertador Bernardo O'Higgins","jerarquia":3},"geometry":{"type":"LineString","coordinates":[[-70.75928,-34.16008],[-70.75978,-34.15987]]}},{"type":"Feature","properties":{"nombre":"Avenida República de Chile","jerarquia":3},"geometry":{"type":"LineString","coordinates":[[-70.70766,-34.16301],[-70.7076,-34.16305]]}},{"type":"Feature","properties":{"nombre":"Avenida La Compañía","jerarquia":3},"geometry":{"type":"LineString","coordinates":[[-70.71178,-34.16177],[-70.71168,-34.16167]]}},{"type":"Feature","properties":{"nombre":"Avenida República de Chile","jerarquia":3},"geometry":{"type":"LineString","coordinates":[[-70.71214,-34.16165],[-70.71184,-34.16175]]}},{"type":"Feature","properties":{"nombre":"Avenida República de Chile","jerarquia":3},"geometry":{"type":"LineString","coordinates":[[-70.71184,-34.16175],[-70.71178,-34.16177]]}},{"type":"Feature","properties":{"nombre":"Avenida República de Chile","jerarquia":3},"geometry":{"type":"LineString","coordinates":[[-70.71168,-34.16167],[-70.71204,-34.16153]]}},{"type":"Feature","properties":{"nombre":"Avenida Bombero Domingo Villalobos","jerarquia":3},"geometry":{"type":"LineString","coordinates":[[-70.71598,-34.17878],[-70.71532,-34.17802]]}},{"type":"Feature","properties":{"nombre":"Avenida San Juan","jerarquia":3},"geometry":{"type":"LineString","coordinates":[[-70.69186,-34.17477],[-70.69192,-34.1748]]}},{"type":"Feature","properties":{"nombre":"Avenida San Juan","jerarquia":3},"geometry":{"type":"LineString","coordinates":[[-70.69192,-34.1748],[-70.69288,-34.1752]]}},{"type":"Feature","properties":{"nombre":"Avenida San Juan","jerarquia":3},"geometry":{"type":"LineString","coordinates":[[-70.69288,-34.1752],[-70.69373,-34.17553]]}},{"type":"Feature","properties":{"nombre":"Avenida San Juan","jerarquia":3},"geometry":{"type":"LineString","coordinates":[[-70.69373,-34.17553],[-70.69412,-34.17564]]}},{"type":"Feature","properties":{"nombre":"Avenida San Juan","jerarquia":3},"geometry":{"type":"LineString","coordinates":[[-70.69087,-34.17438],[-70.69186,-34.17477]]}},{"type":"Feature","properties":{"nombre":"Avenida San Juan","jerarquia":3},"geometry":{"type":"LineString","coordinates":[[-70.69161,-34.17481],[-70.69069,-34.17446]]}},{"type":"Feature","properties":{"nombre":"Avenida Capitán Ramón Freire","jerarquia":3},"geometry":{"type":"LineString","coordinates":[[-70.73521,-34.17107],[-70.73519,-34.17098]]}},{"type":"Feature","properties":{"nombre":"Avenida Membrillar","jerarquia":4},"geometry":{"type":"LineString","coordinates":[[-70.73531,-34.17106],[-70.73521,-34.17107]]}},{"type":"Feature","properties":{"nombre":"Avenida Illanes","jerarquia":3},"geometry":{"type":"LineString","coordinates":[[-70.73296,-34.1605],[-70.73295,-34.16042]]}},{"type":"Feature","properties":{"nombre":"Avenida Illanes","jerarquia":3},"geometry":{"type":"LineString","coordinates":[[-70.73295,-34.16042],[-70.73284,-34.15989]]}},{"type":"Feature","properties":{"nombre":"Avenida Illanes","jerarquia":3},"geometry":{"type":"LineString","coordinates":[[-70.73312,-34.16046],[-70.73319,-34.16071]]}},{"type":"Feature","properties":{"nombre":"Avenida Illanes","jerarquia":3},"geometry":{"type":"LineString","coordinates":[[-70.73302,-34.15993],[-70.73312,-34.16046]]}},{"type":"Feature","properties":{"nombre":"Zaragoza","jerarquia":3},"geometry":{"type":"LineString","coordinates":[[-70.73296,-34.1605],[-70.73312,-34.16046]]}},{"type":"Feature","properties":{"nombre":"Los Arcángeles","jerarquia":5},"geometry":{"type":"LineString","coordinates":[[-70.7403,-34.12638],[-70.74002,-34.1266]]}},{"type":"Feature","properties":{"nombre":"Avenida Illanes","jerarquia":3},"geometry":{"type":"LineString","coordinates":[[-70.73339,-34.16165],[-70.73365,-34.16282]]}},{"type":"Feature","properties":{"nombre":"Avenida Illanes","jerarquia":3},"geometry":{"type":"LineString","coordinates":[[-70.73321,-34.16157],[-70.73318,-34.16147]]}},{"type":"Feature","properties":{"nombre":"Avenida Illanes","jerarquia":3},"geometry":{"type":"LineString","coordinates":[[-70.73318,-34.16147],[-70.73313,-34.16125]]}},{"type":"Feature","properties":{"nombre":"Avenida Illanes","jerarquia":3},"geometry":{"type":"LineString","coordinates":[[-70.73313,-34.16125],[-70.73304,-34.16089]]}},{"type":"Feature","properties":{"nombre":"Avenida Illanes","jerarquia":3},"geometry":{"type":"LineString","coordinates":[[-70.73319,-34.16071],[-70.73326,-34.16106]]}},{"type":"Feature","properties":{"nombre":"Samuel Román Rojas","jerarquia":5},"geometry":{"type":"LineString","coordinates":[[-70.73634,-34.13896],[-70.73704,-34.13853]]}},{"type":"Feature","properties":{"nombre":"Samuel Román Rojas","jerarquia":5},"geometry":{"type":"LineString","coordinates":[[-70.73668,-34.1389],[-70.73644,-34.13905]]}},{"type":"Feature","properties":{"nombre":"Avenida San Juan","jerarquia":3},"geometry":{"type":"LineString","coordinates":[[-70.69512,-34.17617],[-70.6943,-34.17586]]}},{"type":"Feature","properties":{"nombre":"Avenida San Juan","jerarquia":3},"geometry":{"type":"LineString","coordinates":[[-70.6943,-34.17586],[-70.69411,-34.17578]]}},{"type":"Feature","properties":{"nombre":"Avenida Salvador Allende Gossens","jerarquia":3},"geometry":{"type":"LineString","coordinates":[[-70.76624,-34.1505],[-70.76614,-34.15028]]}},{"type":"Feature","properties":{"nombre":"Avenida Salvador Allende Gossens","jerarquia":3},"geometry":{"type":"LineString","coordinates":[[-70.76383,-34.14408],[-70.76361,-34.1435]]}},{"type":"Feature","properties":{"nombre":"Avenida Salvador Allende Gossens","jerarquia":3},"geometry":{"type":"LineString","coordinates":[[-70.76361,-34.1435],[-70.76287,-34.14158]]}},{"type":"Feature","properties":{"nombre":"Avenida Salvador Allende Gossens","jerarquia":3},"geometry":{"type":"LineString","coordinates":[[-70.76287,-34.14158],[-70.76276,-34.14128]]}},{"type":"Feature","properties":{"nombre":"Avenida Salvador Allende Gossens","jerarquia":3},"geometry":{"type":"LineString","coordinates":[[-70.76276,-34.14128],[-70.76133,-34.13754]]}},{"type":"Feature","properties":{"nombre":"Avenida Salvador Allende Gossens","jerarquia":3},"geometry":{"type":"LineString","coordinates":[[-70.76133,-34.13754],[-70.76127,-34.13739]]}},{"type":"Feature","properties":{"nombre":"Avenida Salvador Allende Gossens","jerarquia":3},"geometry":{"type":"LineString","coordinates":[[-70.76127,-34.13739],[-70.76124,-34.13729]]}},{"type":"Feature","properties":{"nombre":"Avenida Salvador Allende Gossens","jerarquia":3},"geometry":{"type":"LineString","coordinates":[[-70.76124,-34.13729],[-70.76117,-34.13711]]}},{"type":"Feature","properties":{"nombre":"Avenida Salvador Allende Gossens","jerarquia":3},"geometry":{"type":"LineString","coordinates":[[-70.76117,-34.13711],[-70.76114,-34.13703]]}},{"type":"Feature","properties":{"nombre":"Avenida Salvador Allende Gossens","jerarquia":3},"geometry":{"type":"LineString","coordinates":[[-70.76635,-34.15072],[-70.76624,-34.1505]]}},{"type":"Feature","properties":{"nombre":"El Trapiche","jerarquia":5},"geometry":{"type":"LineString","coordinates":[[-70.76624,-34.1505],[-70.766,-34.15069]]}},{"type":"Feature","properties":{"nombre":"Avenida San Juan","jerarquia":3},"geometry":{"type":"LineString","coordinates":[[-70.66484,-34.16858],[-70.66489,-34.16843]]}},{"type":"Feature","properties":{"nombre":"Avenida San Juan","jerarquia":3},"geometry":{"type":"LineString","coordinates":[[-70.66489,-34.16843],[-70.66503,-34.16822]]}},{"type":"Feature","properties":{"nombre":"Avenida San Juan","jerarquia":3},"geometry":{"type":"LineString","coordinates":[[-70.66503,-34.16822],[-70.66529,-34.16792]]}},{"type":"Feature","properties":{"nombre":"Avenida San Juan","jerarquia":3},"geometry":{"type":"LineString","coordinates":[[-70.66529,-34.16792],[-70.66589,-34.16713]]}},{"type":"Feature","properties":{"nombre":"Avenida San Juan","jerarquia":3},"geometry":{"type":"LineString","coordinates":[[-70.66589,-34.16713],[-70.6664,-34.1667]]}},{"type":"Feature","properties":{"nombre":"Avenida San Juan","jerarquia":3},"geometry":{"type":"LineString","coordinates":[[-70.6664,-34.1667],[-70.66702,-34.16636],[-70.66743,-34.16621],[-70.66802,-34.16609]]}},{"type":"Feature","properties":{"nombre":"Avenida San Juan","jerarquia":3},"geometry":{"type":"LineString","coordinates":[[-70.66802,-34.16609],[-70.66854,-34.16606],[-70.66924,-34.16611],[-70.67027,-34.16641],[-70.67179,-34.16696]]}},{"type":"Feature","properties":{"nombre":"Avenida San Juan","jerarquia":3},"geometry":{"type":"LineString","coordinates":[[-70.67179,-34.16696],[-70.67193,-34.16702]]}},{"type":"Feature","properties":{"nombre":"Avenida San Juan","jerarquia":3},"geometry":{"type":"LineString","coordinates":[[-70.67193,-34.16702],[-70.67218,-34.16712]]}},{"type":"Feature","properties":{"nombre":"Avenida San Juan","jerarquia":3},"geometry":{"type":"LineString","coordinates":[[-70.67183,-34.16715],[-70.67178,-34.16712]]}},{"type":"Feature","properties":{"nombre":"Avenida San Juan","jerarquia":3},"geometry":{"type":"LineString","coordinates":[[-70.67211,-34.16727],[-70.67183,-34.16715]]}},{"type":"Feature","properties":{"nombre":"Camino a Sauzal","jerarquia":5},"geometry":{"type":"LineString","coordinates":[[-70.64263,-34.2429],[-70.64179,-34.2432],[-70.64145,-34.24353],[-70.64113,-34.24392]]}},{"type":"Feature","properties":{"nombre":"Camino a Sauzal","jerarquia":5},"geometry":{"type":"LineString","coordinates":[[-70.64113,-34.24392],[-70.64063,-34.24452],[-70.64043,-34.24469],[-70.64005,-34.24483],[-70.63943,-34.2449],[-70.63913,-34.245],[-70.63825,-34.24575],[-70.63687,-34.24711]]}},{"type":"Feature","properties":{"nombre":"Camino a Sauzal","jerarquia":5},"geometry":{"type":"LineString","coordinates":[[-70.64275,-34.24285],[-70.64263,-34.2429]]}},{"type":"Feature","properties":{"nombre":"Manuel Montt","jerarquia":5},"geometry":{"type":"LineString","coordinates":[[-70.74285,-34.1867],[-70.74,-34.18458]]}},{"type":"Feature","properties":{"nombre":"Manuel Montt","jerarquia":5},"geometry":{"type":"LineString","coordinates":[[-70.74,-34.18458],[-70.73997,-34.18455]]}},{"type":"Feature","properties":{"nombre":"Avenida Libertador Bernardo O'Higgins","jerarquia":3},"geometry":{"type":"LineString","coordinates":[[-70.73703,-34.1657],[-70.7385,-34.16548]]}},{"type":"Feature","properties":{"nombre":"Avenida Libertador Bernardo O'Higgins","jerarquia":3},"geometry":{"type":"LineString","coordinates":[[-70.7357,-34.16589],[-70.73703,-34.1657]]}},{"type":"Feature","properties":{"nombre":"Avenida Libertador Bernardo O'Higgins","jerarquia":3},"geometry":{"type":"LineString","coordinates":[[-70.73438,-34.1661],[-70.7357,-34.16589]]}},{"type":"Feature","properties":{"nombre":"Avenida Camino del Recreo","jerarquia":5},"geometry":{"type":"LineString","coordinates":[[-70.73778,-34.15525],[-70.73788,-34.15578]]}},{"type":"Feature","properties":{"nombre":"Avenida San Juan","jerarquia":3},"geometry":{"type":"LineString","coordinates":[[-70.70057,-34.17593],[-70.70011,-34.17601]]}},{"type":"Feature","properties":{"nombre":"Avenida San Juan","jerarquia":3},"geometry":{"type":"LineString","coordinates":[[-70.70146,-34.17579],[-70.70057,-34.17593]]}},{"type":"Feature","properties":{"nombre":"Avenida San Juan","jerarquia":3},"geometry":{"type":"LineString","coordinates":[[-70.68559,-34.17248],[-70.68527,-34.17236]]}},{"type":"Feature","properties":{"nombre":"Avenida Las Torres","jerarquia":5},"geometry":{"type":"LineString","coordinates":[[-70.73749,-34.18599],[-70.73876,-34.18515]]}},{"type":"Feature","properties":{"nombre":"Avenida Las Torres","jerarquia":5},"geometry":{"type":"LineString","coordinates":[[-70.73876,-34.18515],[-70.73918,-34.18488]]}},{"type":"Feature","properties":{"nombre":"Avenida Libertador Bernardo O'Higgins","jerarquia":3},"geometry":{"type":"LineString","coordinates":[[-70.76726,-34.15697],[-70.76811,-34.15664]]}},{"type":"Feature","properties":{"nombre":"Avenida Libertador Bernardo O'Higgins","jerarquia":3},"geometry":{"type":"LineString","coordinates":[[-70.76811,-34.15664],[-70.76855,-34.1565]]}},{"type":"Feature","properties":{"nombre":"Avenida Salvador Allende Gossens","jerarquia":3},"geometry":{"type":"LineString","coordinates":[[-70.76782,-34.15442],[-70.76777,-34.15431]]}},{"type":"Feature","properties":{"nombre":"Avenida Salvador Allende Gossens","jerarquia":3},"geometry":{"type":"LineString","coordinates":[[-70.76777,-34.15431],[-70.7676,-34.15388]]}},{"type":"Feature","properties":{"nombre":"Avenida Salvador Allende Gossens","jerarquia":3},"geometry":{"type":"LineString","coordinates":[[-70.76804,-34.155],[-70.7679,-34.15463]]}},{"type":"Feature","properties":{"nombre":"Avenida Salvador Allende Gossens","jerarquia":3},"geometry":{"type":"LineString","coordinates":[[-70.7679,-34.15463],[-70.76782,-34.15442]]}},{"type":"Feature","properties":{"nombre":"Camino Real","jerarquia":3},"geometry":{"type":"LineString","coordinates":[[-70.75405,-34.11844],[-70.7529,-34.11552]]}},{"type":"Feature","properties":{"nombre":"Camino Chacón","jerarquia":5},"geometry":{"type":"LineString","coordinates":[[-70.75809,-34.11782],[-70.77895,-34.11456]]}},{"type":"Feature","properties":{"nombre":"Camino Real","jerarquia":3},"geometry":{"type":"LineString","coordinates":[[-70.75479,-34.12039],[-70.75405,-34.11844]]}},{"type":"Feature","properties":{"nombre":"Camino Real","jerarquia":3},"geometry":{"type":"LineString","coordinates":[[-70.7555,-34.12227],[-70.75499,-34.12092]]}},{"type":"Feature","properties":{"nombre":"Camino Real","jerarquia":3},"geometry":{"type":"LineString","coordinates":[[-70.75499,-34.12092],[-70.75479,-34.12039]]}},{"type":"Feature","properties":{"nombre":"Manuel Montt","jerarquia":3},"geometry":{"type":"LineString","coordinates":[[-70.72547,-34.16797],[-70.72543,-34.16885]]}},{"type":"Feature","properties":{"nombre":"Avenida Libertador Bernardo O'Higgins","jerarquia":3},"geometry":{"type":"LineString","coordinates":[[-70.72707,-34.16734],[-70.72574,-34.16759]]}},{"type":"Feature","properties":{"nombre":"Avenida Libertador Bernardo O'Higgins","jerarquia":3},"geometry":{"type":"LineString","coordinates":[[-70.71727,-34.16925],[-70.71688,-34.16979]]}},{"type":"Feature","properties":{"nombre":"Avenida La Compañía","jerarquia":4},"geometry":{"type":"LineString","coordinates":[[-70.71889,-34.16936],[-70.71952,-34.17003]]}},{"type":"Feature","properties":{"nombre":"Avenida Libertador Bernardo O'Higgins","jerarquia":3},"geometry":{"type":"LineString","coordinates":[[-70.71997,-34.16851],[-70.71856,-34.16874]]}},{"type":"Feature","properties":{"nombre":"Camino Chacón","jerarquia":5},"geometry":{"type":"LineString","coordinates":[[-70.80966,-34.10796],[-70.81046,-34.10767]]}},{"type":"Feature","properties":{"nombre":"Camino Chacón","jerarquia":5},"geometry":{"type":"LineString","coordinates":[[-70.80894,-34.10822],[-70.80966,-34.10796]]}},{"type":"Feature","properties":{"nombre":"Avenida San Juan","jerarquia":3},"geometry":{"type":"LineString","coordinates":[[-70.69762,-34.17634],[-70.69673,-34.17646]]}},{"type":"Feature","properties":{"nombre":"Avenida San Juan","jerarquia":3},"geometry":{"type":"LineString","coordinates":[[-70.69673,-34.17646],[-70.6965,-34.17648]]}},{"type":"Feature","properties":{"nombre":"Manuel Montt","jerarquia":4},"geometry":{"type":"LineString","coordinates":[[-70.72771,-34.15524],[-70.72786,-34.15498]]}},{"type":"Feature","properties":{"nombre":"Camino La Cruz","jerarquia":4},"geometry":{"type":"LineString","coordinates":[[-70.72712,-34.15482],[-70.7269,-34.15428]]}},{"type":"Feature","properties":{"nombre":"Manuel Montt","jerarquia":4},"geometry":{"type":"LineString","coordinates":[[-70.72758,-34.15616],[-70.72762,-34.15564]]}},{"type":"Feature","properties":{"nombre":"Avenida Capitán Antonio Millán","jerarquia":4},"geometry":{"type":"LineString","coordinates":[[-70.74413,-34.17459],[-70.74316,-34.17475]]}},{"type":"Feature","properties":{"nombre":"Avenida Capitán Antonio Millán","jerarquia":4},"geometry":{"type":"LineString","coordinates":[[-70.74316,-34.17475],[-70.74305,-34.17476]]}},{"type":"Feature","properties":{"nombre":"General Bulnes","jerarquia":5},"geometry":{"type":"LineString","coordinates":[[-70.73978,-34.1797],[-70.74055,-34.17922]]}},{"type":"Feature","properties":{"nombre":"General Bulnes","jerarquia":5},"geometry":{"type":"LineString","coordinates":[[-70.74055,-34.17922],[-70.74086,-34.17903]]}},{"type":"Feature","properties":{"nombre":"Camino Chacón","jerarquia":5},"geometry":{"type":"LineString","coordinates":[[-70.78439,-34.1137],[-70.78678,-34.11335]]}},{"type":"Feature","properties":{"nombre":"Camino Chacón","jerarquia":5},"geometry":{"type":"LineString","coordinates":[[-70.77895,-34.11456],[-70.78007,-34.11437]]}},{"type":"Feature","properties":{"nombre":"Camino Chacón","jerarquia":5},"geometry":{"type":"LineString","coordinates":[[-70.75703,-34.11798],[-70.75809,-34.11782]]}},{"type":"Feature","properties":{"nombre":"Camino Chacón","jerarquia":5},"geometry":{"type":"LineString","coordinates":[[-70.81046,-34.10767],[-70.81139,-34.10724]]}},{"type":"Feature","properties":{"nombre":"Camino Chacón","jerarquia":5},"geometry":{"type":"LineString","coordinates":[[-70.80662,-34.10933],[-70.80894,-34.10822]]}},{"type":"Feature","properties":{"nombre":"La Araucana","jerarquia":5},"geometry":{"type":"LineString","coordinates":[[-70.72444,-34.17807],[-70.72409,-34.17766]]}},{"type":"Feature","properties":{"nombre":"La Araucana","jerarquia":5},"geometry":{"type":"LineString","coordinates":[[-70.72409,-34.17766],[-70.72329,-34.17672]]}},{"type":"Feature","properties":{"nombre":"La Araucana","jerarquia":5},"geometry":{"type":"LineString","coordinates":[[-70.72329,-34.17672],[-70.7227,-34.17602]]}},{"type":"Feature","properties":{"nombre":"Avenida Libertador Bernardo O'Higgins","jerarquia":3},"geometry":{"type":"LineString","coordinates":[[-70.72749,-34.16715],[-70.72782,-34.1671]]}},{"type":"Feature","properties":{"nombre":"Avenida Libertador Bernardo O'Higgins","jerarquia":3},"geometry":{"type":"LineString","coordinates":[[-70.72782,-34.1671],[-70.72805,-34.16706]]}},{"type":"Feature","properties":{"nombre":"Avenida Libertador Bernardo O'Higgins","jerarquia":3},"geometry":{"type":"LineString","coordinates":[[-70.7385,-34.16548],[-70.73953,-34.16533]]}},{"type":"Feature","properties":{"nombre":"Avenida Libertador Bernardo O'Higgins","jerarquia":3},"geometry":{"type":"LineString","coordinates":[[-70.73953,-34.16533],[-70.73961,-34.16532]]}},{"type":"Feature","properties":{"nombre":"Camino a Tuniche","jerarquia":3},"geometry":{"type":"LineString","coordinates":[[-70.74616,-34.13748],[-70.74359,-34.14097]]}},{"type":"Feature","properties":{"nombre":"","jerarquia":5},"geometry":{"type":"LineString","coordinates":[[-70.71926,-34.1868],[-70.71933,-34.18689]]}},{"type":"Feature","properties":{"nombre":"","jerarquia":5},"geometry":{"type":"LineString","coordinates":[[-70.71928,-34.18703],[-70.71922,-34.18696]]}},{"type":"Feature","properties":{"nombre":"Granada","jerarquia":5},"geometry":{"type":"LineString","coordinates":[[-70.73173,-34.15389],[-70.73295,-34.15374]]}},{"type":"Feature","properties":{"nombre":"Avenida La Rosa","jerarquia":5},"geometry":{"type":"LineString","coordinates":[[-70.68202,-34.17111],[-70.68215,-34.17107]]}},{"type":"Feature","properties":{"nombre":"Calle Gortz","jerarquia":5},"geometry":{"type":"LineString","coordinates":[[-70.76564,-34.17701],[-70.76554,-34.17708]]}},{"type":"Feature","properties":{"nombre":"Avenida Provincial","jerarquia":5},"geometry":{"type":"LineString","coordinates":[[-70.76626,-34.17796],[-70.76616,-34.17785]]}},{"type":"Feature","properties":{"nombre":"Avenida Provincial","jerarquia":5},"geometry":{"type":"LineString","coordinates":[[-70.76616,-34.17785],[-70.76596,-34.1776]]}},{"type":"Feature","properties":{"nombre":"Avenida Provincial","jerarquia":5},"geometry":{"type":"LineString","coordinates":[[-70.76596,-34.1776],[-70.7658,-34.17739]]}},{"type":"Feature","properties":{"nombre":"Avenida Provincial","jerarquia":5},"geometry":{"type":"LineString","coordinates":[[-70.7658,-34.17739],[-70.76561,-34.17717]]}},{"type":"Feature","properties":{"nombre":"Avenida Provincial","jerarquia":5},"geometry":{"type":"LineString","coordinates":[[-70.76561,-34.17717],[-70.76554,-34.17708]]}},{"type":"Feature","properties":{"nombre":"Avenida Provincial","jerarquia":5},"geometry":{"type":"LineString","coordinates":[[-70.76495,-34.17611],[-70.76564,-34.17701]]}},{"type":"Feature","properties":{"nombre":"Lourdes","jerarquia":5},"geometry":{"type":"LineString","coordinates":[[-70.76691,-34.18477],[-70.76763,-34.18588]]}},{"type":"Feature","properties":{"nombre":"Avenida Camino del Recreo","jerarquia":5},"geometry":{"type":"LineString","coordinates":[[-70.73448,-34.13995],[-70.73461,-34.13996],[-70.73469,-34.14003]]}},{"type":"Feature","properties":{"nombre":"Avenida Capitán Antonio Millán","jerarquia":4},"geometry":{"type":"LineString","coordinates":[[-70.74783,-34.17386],[-70.7474,-34.17399]]}},{"type":"Feature","properties":{"nombre":"Avenida Capitán Antonio Millán","jerarquia":4},"geometry":{"type":"LineString","coordinates":[[-70.7474,-34.17399],[-70.74728,-34.17402]]}},{"type":"Feature","properties":{"nombre":"Avenida Libertador Bernardo O'Higgins","jerarquia":3},"geometry":{"type":"LineString","coordinates":[[-70.74535,-34.16492],[-70.74396,-34.16511]]}},{"type":"Feature","properties":{"nombre":"Coronel Santiago Bueras","jerarquia":5},"geometry":{"type":"LineString","coordinates":[[-70.74388,-34.16471],[-70.74396,-34.16511]]}},{"type":"Feature","properties":{"nombre":"Avenida Illanes","jerarquia":3},"geometry":{"type":"LineString","coordinates":[[-70.73284,-34.15989],[-70.73275,-34.15945]]}},{"type":"Feature","properties":{"nombre":"Avenida Capitán Ramón Freire","jerarquia":3},"geometry":{"type":"LineString","coordinates":[[-70.73538,-34.17181],[-70.73523,-34.17116]]}},{"type":"Feature","properties":{"nombre":"Avenida Capitán Ramón Freire","jerarquia":3},"geometry":{"type":"LineString","coordinates":[[-70.73523,-34.17116],[-70.73521,-34.17107]]}},{"type":"Feature","properties":{"nombre":"Avenida Capitán Ramón Freire","jerarquia":3},"geometry":{"type":"LineString","coordinates":[[-70.73547,-34.1722],[-70.73538,-34.17181]]}},{"type":"Feature","properties":{"nombre":"","jerarquia":2},"geometry":{"type":"LineString","coordinates":[[-70.72662,-34.16956],[-70.72679,-34.16945]]}},{"type":"Feature","properties":{"nombre":"","jerarquia":2},"geometry":{"type":"LineString","coordinates":[[-70.72636,-34.16945],[-70.72626,-34.16941]]}},{"type":"Feature","properties":{"nombre":"","jerarquia":2},"geometry":{"type":"LineString","coordinates":[[-70.72662,-34.16956],[-70.72636,-34.16945]]}},{"type":"Feature","properties":{"nombre":"","jerarquia":2},"geometry":{"type":"LineString","coordinates":[[-70.72636,-34.16945],[-70.72679,-34.16945]]}},{"type":"Feature","properties":{"nombre":"Avenida Membrillar","jerarquia":4},"geometry":{"type":"LineString","coordinates":[[-70.7304,-34.17168],[-70.73081,-34.17162]]}},{"type":"Feature","properties":{"nombre":"Avenida Membrillar","jerarquia":4},"geometry":{"type":"LineString","coordinates":[[-70.73077,-34.17173],[-70.73046,-34.17177]]}},{"type":"Feature","properties":{"nombre":"Avenida Membrillar","jerarquia":4},"geometry":{"type":"LineString","coordinates":[[-70.73046,-34.17177],[-70.73034,-34.17179]]}},{"type":"Feature","properties":{"nombre":"Juan Nicolás Rubio","jerarquia":4},"geometry":{"type":"LineString","coordinates":[[-70.74734,-34.1683],[-70.74754,-34.16933]]}},{"type":"Feature","properties":{"nombre":"Oficial Manuel José de Astorga","jerarquia":5},"geometry":{"type":"LineString","coordinates":[[-70.74259,-34.16531],[-70.74252,-34.16496]]}},{"type":"Feature","properties":{"nombre":"Oficial Manuel José de Astorga","jerarquia":5},"geometry":{"type":"LineString","coordinates":[[-70.74252,-34.16496],[-70.74251,-34.1649]]}},{"type":"Feature","properties":{"nombre":"Avenida Camino del Recreo","jerarquia":5},"geometry":{"type":"LineString","coordinates":[[-70.73788,-34.15578],[-70.7381,-34.15688]]}},{"type":"Feature","properties":{"nombre":"Avenida República de Chile","jerarquia":3},"geometry":{"type":"LineString","coordinates":[[-70.73658,-34.1551],[-70.73757,-34.15498]]}},{"type":"Feature","properties":{"nombre":"","jerarquia":3},"geometry":{"type":"LineString","coordinates":[[-70.73335,-34.16145],[-70.73318,-34.16147]]}},{"type":"Feature","properties":{"nombre":"Avenida España","jerarquia":3},"geometry":{"type":"LineString","coordinates":[[-70.74413,-34.15872],[-70.74428,-34.1594]]}},{"type":"Feature","properties":{"nombre":"","jerarquia":5},"geometry":{"type":"LineString","coordinates":[[-70.73955,-34.13638],[-70.73958,-34.13631],[-70.73968,-34.13628]]}},{"type":"Feature","properties":{"nombre":"Diagonal La Capilla","jerarquia":5},"geometry":{"type":"LineString","coordinates":[[-70.73448,-34.13995],[-70.73294,-34.1399]]}},{"type":"Feature","properties":{"nombre":"Avenida Kennedy","jerarquia":3},"geometry":{"type":"LineString","coordinates":[[-70.73541,-34.13962],[-70.73456,-34.13872]]}},{"type":"Feature","properties":{"nombre":"Ruta Travesía","jerarquia":2},"geometry":{"type":"LineString","coordinates":[[-70.72883,-34.14445],[-70.72888,-34.14338]]}},{"type":"Feature","properties":{"nombre":"Ruta Travesía","jerarquia":2},"geometry":{"type":"LineString","coordinates":[[-70.72888,-34.14338],[-70.72891,-34.14271]]}},{"type":"Feature","properties":{"nombre":"Ruta Travesía","jerarquia":2},"geometry":{"type":"LineString","coordinates":[[-70.72925,-34.13161],[-70.72953,-34.13258]]}},{"type":"Feature","properties":{"nombre":"Ruta Travesía","jerarquia":2},"geometry":{"type":"LineString","coordinates":[[-70.72949,-34.13541],[-70.72957,-34.13435]]}},{"type":"Feature","properties":{"nombre":"Ruta Travesía","jerarquia":2},"geometry":{"type":"LineString","coordinates":[[-70.72946,-34.13575],[-70.72949,-34.13541]]}},{"type":"Feature","properties":{"nombre":"Ruta Travesía","jerarquia":2},"geometry":{"type":"LineString","coordinates":[[-70.7294,-34.13644],[-70.72943,-34.1361]]}},{"type":"Feature","properties":{"nombre":"Ruta Travesía","jerarquia":2},"geometry":{"type":"LineString","coordinates":[[-70.72933,-34.13721],[-70.7294,-34.13644]]}},{"type":"Feature","properties":{"nombre":"Ruta Travesía","jerarquia":2},"geometry":{"type":"LineString","coordinates":[[-70.72891,-34.14271],[-70.7292,-34.13882]]}},{"type":"Feature","properties":{"nombre":"Ruta Travesía","jerarquia":2},"geometry":{"type":"LineString","coordinates":[[-70.72943,-34.1361],[-70.72946,-34.13575]]}},{"type":"Feature","properties":{"nombre":"Punta del Sol","jerarquia":3},"geometry":{"type":"LineString","coordinates":[[-70.7301,-34.138],[-70.7306,-34.13767]]}},{"type":"Feature","properties":{"nombre":"Punta del Sol","jerarquia":3},"geometry":{"type":"LineString","coordinates":[[-70.73027,-34.13798],[-70.72997,-34.13815]]}},{"type":"Feature","properties":{"nombre":"Punta del Sol","jerarquia":3},"geometry":{"type":"LineString","coordinates":[[-70.72988,-34.13821],[-70.72971,-34.1383]]}},{"type":"Feature","properties":{"nombre":"Punta del Sol","jerarquia":3},"geometry":{"type":"LineString","coordinates":[[-70.72971,-34.1383],[-70.72968,-34.13832]]}},{"type":"Feature","properties":{"nombre":"","jerarquia":3},"geometry":{"type":"LineString","coordinates":[[-70.72977,-34.13809],[-70.72978,-34.13797]]}},{"type":"Feature","properties":{"nombre":"Diego de Almagro","jerarquia":4},"geometry":{"type":"LineString","coordinates":[[-70.7297,-34.13676],[-70.72966,-34.13739]]}},{"type":"Feature","properties":{"nombre":"Diego de Almagro","jerarquia":4},"geometry":{"type":"LineString","coordinates":[[-70.72958,-34.13838],[-70.72947,-34.13973]]}},{"type":"Feature","properties":{"nombre":"Diego de Almagro","jerarquia":4},"geometry":{"type":"LineString","coordinates":[[-70.72959,-34.13824],[-70.72958,-34.13838]]}},{"type":"Feature","properties":{"nombre":"Punta del Sol","jerarquia":3},"geometry":{"type":"LineString","coordinates":[[-70.72968,-34.13832],[-70.72958,-34.13838]]}},{"type":"Feature","properties":{"nombre":"Camino a Tuniche","jerarquia":3},"geometry":{"type":"LineString","coordinates":[[-70.74064,-34.14467],[-70.74084,-34.14442]]}},{"type":"Feature","properties":{"nombre":"Camino a Tuniche","jerarquia":3},"geometry":{"type":"LineString","coordinates":[[-70.74084,-34.14442],[-70.74103,-34.14421]]}},{"type":"Feature","properties":{"nombre":"Camino a Tuniche","jerarquia":3},"geometry":{"type":"LineString","coordinates":[[-70.7403,-34.14507],[-70.74043,-34.14492]]}},{"type":"Feature","properties":{"nombre":"Camino a Tuniche","jerarquia":3},"geometry":{"type":"LineString","coordinates":[[-70.74043,-34.14492],[-70.74064,-34.14467]]}},{"type":"Feature","properties":{"nombre":"Camino a Tuniche","jerarquia":3},"geometry":{"type":"LineString","coordinates":[[-70.74103,-34.14421],[-70.74083,-34.14455]]}},{"type":"Feature","properties":{"nombre":"Camino a Tuniche","jerarquia":3},"geometry":{"type":"LineString","coordinates":[[-70.74083,-34.14455],[-70.74039,-34.14512]]}},{"type":"Feature","properties":{"nombre":"Camino a Tuniche","jerarquia":3},"geometry":{"type":"LineString","coordinates":[[-70.74039,-34.14512],[-70.74037,-34.14515]]}},{"type":"Feature","properties":{"nombre":"Camino La Cruz","jerarquia":5},"geometry":{"type":"LineString","coordinates":[[-70.72976,-34.16448],[-70.72965,-34.16389]]}},{"type":"Feature","properties":{"nombre":"Hermano Francisco de Asís","jerarquia":5},"geometry":{"type":"LineString","coordinates":[[-70.77264,-34.1801],[-70.7726,-34.18036],[-70.77249,-34.18047]]}},{"type":"Feature","properties":{"nombre":"Hermano Francisco de Asís","jerarquia":5},"geometry":{"type":"LineString","coordinates":[[-70.77249,-34.18047],[-70.77249,-34.18034],[-70.77264,-34.1801]]}},{"type":"Feature","properties":{"nombre":"Diagonal Doñihue","jerarquia":5},"geometry":{"type":"LineString","coordinates":[[-70.76195,-34.17823],[-70.76236,-34.17831]]}},{"type":"Feature","properties":{"nombre":"Lourdes","jerarquia":5},"geometry":{"type":"LineString","coordinates":[[-70.76248,-34.1785],[-70.76253,-34.17857]]}},{"type":"Feature","properties":{"nombre":"Lourdes","jerarquia":5},"geometry":{"type":"LineString","coordinates":[[-70.76253,-34.17857],[-70.76286,-34.17906]]}},{"type":"Feature","properties":{"nombre":"Lourdes","jerarquia":5},"geometry":{"type":"LineString","coordinates":[[-70.76286,-34.17906],[-70.76315,-34.17948]]}},{"type":"Feature","properties":{"nombre":"Lourdes","jerarquia":5},"geometry":{"type":"LineString","coordinates":[[-70.76236,-34.17831],[-70.76239,-34.17836]]}},{"type":"Feature","properties":{"nombre":"Lourdes","jerarquia":5},"geometry":{"type":"LineString","coordinates":[[-70.76239,-34.17836],[-70.76245,-34.17846]]}},{"type":"Feature","properties":{"nombre":"Lourdes","jerarquia":5},"geometry":{"type":"LineString","coordinates":[[-70.76245,-34.17846],[-70.76248,-34.1785]]}},{"type":"Feature","properties":{"nombre":"Avenida Provincial","jerarquia":5},"geometry":{"type":"LineString","coordinates":[[-70.76752,-34.17955],[-70.76749,-34.17951]]}},{"type":"Feature","properties":{"nombre":"Avenida Provincial","jerarquia":5},"geometry":{"type":"LineString","coordinates":[[-70.76749,-34.17951],[-70.76739,-34.17937]]}},{"type":"Feature","properties":{"nombre":"Avenida Provincial","jerarquia":5},"geometry":{"type":"LineString","coordinates":[[-70.76807,-34.18026],[-70.76796,-34.18012]]}},{"type":"Feature","properties":{"nombre":"Avenida Provincial","jerarquia":5},"geometry":{"type":"LineString","coordinates":[[-70.76796,-34.18012],[-70.76752,-34.17955]]}},{"type":"Feature","properties":{"nombre":"Avenida La Compañía","jerarquia":5},"geometry":{"type":"LineString","coordinates":[[-70.71485,-34.16522],[-70.71482,-34.16514],[-70.71488,-34.16506]]}},{"type":"Feature","properties":{"nombre":"Avenida La Compañía","jerarquia":3},"geometry":{"type":"LineString","coordinates":[[-70.71488,-34.16506],[-70.71443,-34.16458]]}},{"type":"Feature","properties":{"nombre":"Avenida La Compañía","jerarquia":3},"geometry":{"type":"LineString","coordinates":[[-70.71443,-34.16458],[-70.71376,-34.16385]]}},{"type":"Feature","properties":{"nombre":"Avenida La Compañía","jerarquia":3},"geometry":{"type":"LineString","coordinates":[[-70.71519,-34.16539],[-70.71488,-34.16506]]}},{"type":"Feature","properties":{"nombre":"Juan Martínez de Rozas","jerarquia":5},"geometry":{"type":"LineString","coordinates":[[-70.71531,-34.1648],[-70.71488,-34.16506]]}},{"type":"Feature","properties":{"nombre":"Los Olivos","jerarquia":5},"geometry":{"type":"LineString","coordinates":[[-70.71519,-34.16539],[-70.715,-34.16552]]}},{"type":"Feature","properties":{"nombre":"","jerarquia":3},"geometry":{"type":"LineString","coordinates":[[-70.7257,-34.15669],[-70.72558,-34.15666],[-70.72555,-34.15656]]}},{"type":"Feature","properties":{"nombre":"Avenida El Sol","jerarquia":4},"geometry":{"type":"LineString","coordinates":[[-70.7171,-34.15313],[-70.71782,-34.1526]]}},{"type":"Feature","properties":{"nombre":"Avenida El Sol","jerarquia":4},"geometry":{"type":"LineString","coordinates":[[-70.71782,-34.1526],[-70.71817,-34.15234]]}},{"type":"Feature","properties":{"nombre":"Avenida El Sol","jerarquia":4},"geometry":{"type":"LineString","coordinates":[[-70.71817,-34.15234],[-70.7185,-34.1521]]}},{"type":"Feature","properties":{"nombre":"Avenida El Sol","jerarquia":4},"geometry":{"type":"LineString","coordinates":[[-70.7185,-34.1521],[-70.71923,-34.15156]]}},{"type":"Feature","properties":{"nombre":"Avenida El Sol","jerarquia":4},"geometry":{"type":"LineString","coordinates":[[-70.71923,-34.15156],[-70.71969,-34.15123]]}},{"type":"Feature","properties":{"nombre":"Avenida El Sol","jerarquia":4},"geometry":{"type":"LineString","coordinates":[[-70.71414,-34.15523],[-70.71502,-34.15461]]}},{"type":"Feature","properties":{"nombre":"Avenida Brasil","jerarquia":4},"geometry":{"type":"LineString","coordinates":[[-70.74845,-34.1692],[-70.75019,-34.16895]]}},{"type":"Feature","properties":{"nombre":"","jerarquia":3},"geometry":{"type":"LineString","coordinates":[[-70.68925,-34.17391],[-70.68929,-34.17381]]}},{"type":"Feature","properties":{"nombre":"Avenida Viña del Mar","jerarquia":5},"geometry":{"type":"LineString","coordinates":[[-70.75013,-34.15871],[-70.75062,-34.16075]]}},{"type":"Feature","properties":{"nombre":"Avenida Einstein","jerarquia":4},"geometry":{"type":"LineString","coordinates":[[-70.72562,-34.18294],[-70.72569,-34.18303]]}},{"type":"Feature","properties":{"nombre":"Avenida Einstein","jerarquia":4},"geometry":{"type":"LineString","coordinates":[[-70.72569,-34.18303],[-70.72576,-34.18312]]}},{"type":"Feature","properties":{"nombre":"","jerarquia":4},"geometry":{"type":"LineString","coordinates":[[-70.72246,-34.18662],[-70.72254,-34.18658]]}},{"type":"Feature","properties":{"nombre":"Avenida Bombero Domingo Villalobos","jerarquia":4},"geometry":{"type":"LineString","coordinates":[[-70.72246,-34.18662],[-70.72218,-34.18622]]}},{"type":"Feature","properties":{"nombre":"Avenida Bombero Domingo Villalobos","jerarquia":4},"geometry":{"type":"LineString","coordinates":[[-70.72254,-34.18658],[-70.72293,-34.18718]]}},{"type":"Feature","properties":{"nombre":"Avenida Bombero Domingo Villalobos","jerarquia":4},"geometry":{"type":"LineString","coordinates":[[-70.72293,-34.18718],[-70.7236,-34.18821]]}},{"type":"Feature","properties":{"nombre":"Avenida Bombero Domingo Villalobos","jerarquia":4},"geometry":{"type":"LineString","coordinates":[[-70.7236,-34.18821],[-70.72368,-34.18832]]}},{"type":"Feature","properties":{"nombre":"Avenida Bombero Domingo Villalobos","jerarquia":4},"geometry":{"type":"LineString","coordinates":[[-70.72218,-34.18622],[-70.72181,-34.18569]]}},{"type":"Feature","properties":{"nombre":"Carretera Presidente Eduardo Frei Montalva","jerarquia":3},"geometry":{"type":"LineString","coordinates":[[-70.72283,-34.18488],[-70.7223,-34.18517]]}},{"type":"Feature","properties":{"nombre":"Carretera Presidente Eduardo Frei Montalva","jerarquia":3},"geometry":{"type":"LineString","coordinates":[[-70.7223,-34.18517],[-70.7219,-34.1854]]}},{"type":"Feature","properties":{"nombre":"Carretera Presidente Eduardo Frei Montalva","jerarquia":3},"geometry":{"type":"LineString","coordinates":[[-70.7219,-34.1854],[-70.72181,-34.18545]]}},{"type":"Feature","properties":{"nombre":"Carretera Presidente Eduardo Frei Montalva","jerarquia":3},"geometry":{"type":"LineString","coordinates":[[-70.72094,-34.18584],[-70.72126,-34.18564]]}},{"type":"Feature","properties":{"nombre":"Avenida Bombero Domingo Villalobos","jerarquia":3},"geometry":{"type":"LineString","coordinates":[[-70.72077,-34.18429],[-70.72152,-34.1852]]}},{"type":"Feature","properties":{"nombre":"Avenida Bombero Domingo Villalobos","jerarquia":3},"geometry":{"type":"LineString","coordinates":[[-70.72045,-34.18405],[-70.71967,-34.18312]]}},{"type":"Feature","properties":{"nombre":"Carretera Presidente Eduardo Frei Montalva","jerarquia":3},"geometry":{"type":"LineString","coordinates":[[-70.72037,-34.18616],[-70.72094,-34.18584]]}},{"type":"Feature","properties":{"nombre":"Avenida Bombero Domingo Villalobos","jerarquia":3},"geometry":{"type":"LineString","coordinates":[[-70.72152,-34.1852],[-70.7216,-34.18528]]}},{"type":"Feature","properties":{"nombre":"Avenida Bombero Domingo Villalobos","jerarquia":3},"geometry":{"type":"LineString","coordinates":[[-70.7216,-34.18528],[-70.72166,-34.18535]]}},{"type":"Feature","properties":{"nombre":"Avenida Libertador Bernardo O'Higgins","jerarquia":3},"geometry":{"type":"LineString","coordinates":[[-70.74541,-34.1645],[-70.74647,-34.16438]]}},{"type":"Feature","properties":{"nombre":"Ruta Travesía","jerarquia":2},"geometry":{"type":"LineString","coordinates":[[-70.73382,-34.17955],[-70.73307,-34.17899]]}},{"type":"Feature","properties":{"nombre":"","jerarquia":2},"geometry":{"type":"LineString","coordinates":[[-70.72691,-34.12455],[-70.727,-34.12438]]}},{"type":"Feature","properties":{"nombre":"","jerarquia":2},"geometry":{"type":"LineString","coordinates":[[-70.72708,-34.12463],[-70.72691,-34.12455]]}},{"type":"Feature","properties":{"nombre":"Ruta Travesía","jerarquia":2},"geometry":{"type":"LineString","coordinates":[[-70.72832,-34.15285],[-70.72791,-34.15851]]}},{"type":"Feature","properties":{"nombre":"Ruta Travesía","jerarquia":2},"geometry":{"type":"LineString","coordinates":[[-70.7278,-34.15856],[-70.72816,-34.15366]]}},{"type":"Feature","properties":{"nombre":"Avenida Camino del Recreo","jerarquia":5},"geometry":{"type":"LineString","coordinates":[[-70.73969,-34.16488],[-70.73979,-34.16529]]}},{"type":"Feature","properties":{"nombre":"Avenida Libertador Bernardo O'Higgins","jerarquia":3},"geometry":{"type":"LineString","coordinates":[[-70.73961,-34.16532],[-70.73979,-34.16529]]}},{"type":"Feature","properties":{"nombre":"Avenida Brasil","jerarquia":4},"geometry":{"type":"LineString","coordinates":[[-70.74754,-34.16933],[-70.74845,-34.1692]]}},{"type":"Feature","properties":{"nombre":"José Domingo Mujica","jerarquia":5},"geometry":{"type":"LineString","coordinates":[[-70.74581,-34.16728],[-70.74708,-34.16716]]}},{"type":"Feature","properties":{"nombre":"Adelaida Calvo","jerarquia":5},"geometry":{"type":"LineString","coordinates":[[-70.73534,-34.16402],[-70.73547,-34.16482]]}},{"type":"Feature","properties":{"nombre":"Adelaida Calvo","jerarquia":5},"geometry":{"type":"LineString","coordinates":[[-70.73547,-34.16482],[-70.7357,-34.16589]]}},{"type":"Feature","properties":{"nombre":"Adelaida Calvo","jerarquia":5},"geometry":{"type":"LineString","coordinates":[[-70.7357,-34.16589],[-70.73577,-34.16628]]}},{"type":"Feature","properties":{"nombre":"Obispo Larraín","jerarquia":5},"geometry":{"type":"LineString","coordinates":[[-70.72466,-34.1571],[-70.72463,-34.15691]]}},{"type":"Feature","properties":{"nombre":"Avenida La Compañía","jerarquia":3},"geometry":{"type":"LineString","coordinates":[[-70.70896,-34.15873],[-70.70886,-34.15862]]}},{"type":"Feature","properties":{"nombre":"Avenida La Compañía","jerarquia":3},"geometry":{"type":"LineString","coordinates":[[-70.70886,-34.15862],[-70.70877,-34.15854]]}},{"type":"Feature","properties":{"nombre":"Avenida La Compañía","jerarquia":3},"geometry":{"type":"LineString","coordinates":[[-70.70877,-34.15854],[-70.70748,-34.15723]]}},{"type":"Feature","properties":{"nombre":"Avenida La Compañía","jerarquia":3},"geometry":{"type":"LineString","coordinates":[[-70.70748,-34.15723],[-70.70681,-34.15653]]}},{"type":"Feature","properties":{"nombre":"Avenida La Compañía","jerarquia":3},"geometry":{"type":"LineString","coordinates":[[-70.70681,-34.15653],[-70.70575,-34.15538]]}},{"type":"Feature","properties":{"nombre":"Avenida La Compañía","jerarquia":3},"geometry":{"type":"LineString","coordinates":[[-70.70338,-34.15289],[-70.7013,-34.15071]]}},{"type":"Feature","properties":{"nombre":"Avenida La Compañía","jerarquia":3},"geometry":{"type":"LineString","coordinates":[[-70.7013,-34.15071],[-70.69853,-34.14776]]}},{"type":"Feature","properties":{"nombre":"Avenida La Compañía","jerarquia":3},"geometry":{"type":"LineString","coordinates":[[-70.71168,-34.16167],[-70.71159,-34.16157]]}},{"type":"Feature","properties":{"nombre":"Avenida La Compañía","jerarquia":3},"geometry":{"type":"LineString","coordinates":[[-70.71159,-34.16157],[-70.7111,-34.16097],[-70.71027,-34.16008]]}},{"type":"Feature","properties":{"nombre":"Avenida La Compañía","jerarquia":3},"geometry":{"type":"LineString","coordinates":[[-70.71027,-34.16008],[-70.71007,-34.15988]]}},{"type":"Feature","properties":{"nombre":"Avenida La Compañía","jerarquia":3},"geometry":{"type":"LineString","coordinates":[[-70.71007,-34.15988],[-70.70913,-34.1589]]}},{"type":"Feature","properties":{"nombre":"Avenida La Compañía","jerarquia":3},"geometry":{"type":"LineString","coordinates":[[-70.70913,-34.1589],[-70.70907,-34.15884]]}},{"type":"Feature","properties":{"nombre":"Avenida República de Uruguay","jerarquia":4},"geometry":{"type":"LineString","coordinates":[[-70.71143,-34.16743],[-70.71114,-34.1671]]}},{"type":"Feature","properties":{"nombre":"Avenida República de Uruguay","jerarquia":4},"geometry":{"type":"LineString","coordinates":[[-70.71114,-34.1671],[-70.71086,-34.16676]]}},{"type":"Feature","properties":{"nombre":"Avenida República de Uruguay","jerarquia":4},"geometry":{"type":"LineString","coordinates":[[-70.71086,-34.16676],[-70.71059,-34.16646]]}},{"type":"Feature","properties":{"nombre":"Avenida República de Uruguay","jerarquia":4},"geometry":{"type":"LineString","coordinates":[[-70.71059,-34.16646],[-70.7105,-34.16634]]}},{"type":"Feature","properties":{"nombre":"Avenida República de Uruguay","jerarquia":4},"geometry":{"type":"LineString","coordinates":[[-70.7105,-34.16634],[-70.7103,-34.16612]]}},{"type":"Feature","properties":{"nombre":"Costanera Norte Río Cachapoal","jerarquia":3},"geometry":{"type":"LineString","coordinates":[[-70.7682,-34.18643],[-70.76887,-34.18635]]}},{"type":"Feature","properties":{"nombre":"Lourdes","jerarquia":5},"geometry":{"type":"LineString","coordinates":[[-70.76801,-34.18644],[-70.76798,-34.1864]]}},{"type":"Feature","properties":{"nombre":"Lourdes","jerarquia":5},"geometry":{"type":"LineString","coordinates":[[-70.76798,-34.1864],[-70.76792,-34.18631]]}},{"type":"Feature","properties":{"nombre":"Costanera Norte Río Cachapoal","jerarquia":3},"geometry":{"type":"LineString","coordinates":[[-70.76639,-34.18658],[-70.7678,-34.18646]]}},{"type":"Feature","properties":{"nombre":"Costanera Norte Río Cachapoal","jerarquia":3},"geometry":{"type":"LineString","coordinates":[[-70.76255,-34.18743],[-70.76374,-34.18695],[-70.76431,-34.18678],[-70.76639,-34.18658]]}},{"type":"Feature","properties":{"nombre":"Costanera Norte Río Cachapoal","jerarquia":3},"geometry":{"type":"LineString","coordinates":[[-70.76801,-34.18644],[-70.7682,-34.18643]]}},{"type":"Feature","properties":{"nombre":"Costanera Norte Río Cachapoal","jerarquia":3},"geometry":{"type":"LineString","coordinates":[[-70.7678,-34.18646],[-70.76801,-34.18644]]}},{"type":"Feature","properties":{"nombre":"Costanera Norte Río Cachapoal","jerarquia":3},"geometry":{"type":"LineString","coordinates":[[-70.75255,-34.18587],[-70.7534,-34.18598],[-70.75397,-34.18617],[-70.75552,-34.18722]]}},{"type":"Feature","properties":{"nombre":"Costanera Norte Río Cachapoal","jerarquia":3},"geometry":{"type":"LineString","coordinates":[[-70.75552,-34.18722],[-70.75741,-34.18849],[-70.75801,-34.18866],[-70.75865,-34.18867]]}},{"type":"Feature","properties":{"nombre":"Costanera Norte Río Cachapoal","jerarquia":3},"geometry":{"type":"LineString","coordinates":[[-70.75865,-34.18867],[-70.7606,-34.18813]]}},{"type":"Feature","properties":{"nombre":"Costanera Norte Río Cachapoal","jerarquia":3},"geometry":{"type":"LineString","coordinates":[[-70.7606,-34.18813],[-70.76135,-34.18789],[-70.76255,-34.18743]]}},{"type":"Feature","properties":{"nombre":"Diego de Almagro","jerarquia":3},"geometry":{"type":"LineString","coordinates":[[-70.72769,-34.16433],[-70.72767,-34.16468]]}},{"type":"Feature","properties":{"nombre":"Camino La Cruz","jerarquia":4},"geometry":{"type":"LineString","coordinates":[[-70.72732,-34.15523],[-70.72732,-34.15538]]}},{"type":"Feature","properties":{"nombre":"Camino La Cruz","jerarquia":4},"geometry":{"type":"LineString","coordinates":[[-70.72731,-34.15559],[-70.72732,-34.15538]]}},{"type":"Feature","properties":{"nombre":"Camino La Cruz","jerarquia":4},"geometry":{"type":"LineString","coordinates":[[-70.72712,-34.15482],[-70.7272,-34.1549],[-70.72732,-34.15523]]}},{"type":"Feature","properties":{"nombre":"Camino La Cruz","jerarquia":4},"geometry":{"type":"LineString","coordinates":[[-70.72732,-34.15538],[-70.72711,-34.15492],[-70.72712,-34.15482]]}},{"type":"Feature","properties":{"nombre":"Manuel Montt","jerarquia":5},"geometry":{"type":"LineString","coordinates":[[-70.74681,-34.18873],[-70.74669,-34.18869]]}},{"type":"Feature","properties":{"nombre":"Manuel Montt","jerarquia":5},"geometry":{"type":"LineString","coordinates":[[-70.74435,-34.18774],[-70.74285,-34.1867]]}},{"type":"Feature","properties":{"nombre":"Diego de Almagro","jerarquia":3},"geometry":{"type":"LineString","coordinates":[[-70.74705,-34.18801],[-70.74718,-34.18806]]}},{"type":"Feature","properties":{"nombre":"Diego de Almagro","jerarquia":3},"geometry":{"type":"LineString","coordinates":[[-70.74718,-34.18806],[-70.74803,-34.18838]]}},{"type":"Feature","properties":{"nombre":"Ruta Travesía","jerarquia":2},"geometry":{"type":"LineString","coordinates":[[-70.74942,-34.18926],[-70.75166,-34.1901]]}},{"type":"Feature","properties":{"nombre":"Ruta Travesía","jerarquia":2},"geometry":{"type":"LineString","coordinates":[[-70.74314,-34.18646],[-70.74275,-34.18618]]}},{"type":"Feature","properties":{"nombre":"Ruta Travesía","jerarquia":2},"geometry":{"type":"LineString","coordinates":[[-70.74372,-34.1869],[-70.74314,-34.18646]]}},{"type":"Feature","properties":{"nombre":"Ruta Travesía","jerarquia":2},"geometry":{"type":"LineString","coordinates":[[-70.74472,-34.18756],[-70.74372,-34.1869]]}},{"type":"Feature","properties":{"nombre":"Ruta Travesía","jerarquia":2},"geometry":{"type":"LineString","coordinates":[[-70.74284,-34.18613],[-70.74429,-34.18719]]}},{"type":"Feature","properties":{"nombre":"Ruta Travesía","jerarquia":2},"geometry":{"type":"LineString","coordinates":[[-70.74429,-34.18719],[-70.7448,-34.18749]]}},{"type":"Feature","properties":{"nombre":"Diego de Almagro","jerarquia":4},"geometry":{"type":"LineString","coordinates":[[-70.74185,-34.18516],[-70.74362,-34.18649]]}},{"type":"Feature","properties":{"nombre":"Ruta Travesía","jerarquia":2},"geometry":{"type":"LineString","coordinates":[[-70.73674,-34.1816],[-70.73769,-34.18231]]}},{"type":"Feature","properties":{"nombre":"Ruta Travesía","jerarquia":2},"geometry":{"type":"LineString","coordinates":[[-70.72962,-34.17642],[-70.72873,-34.17577]]}},{"type":"Feature","properties":{"nombre":"Oficial Carlos María O'Carrol","jerarquia":4},"geometry":{"type":"LineString","coordinates":[[-70.74651,-34.17068],[-70.74516,-34.17085]]}},{"type":"Feature","properties":{"nombre":"Oficial Carlos María O'Carrol","jerarquia":4},"geometry":{"type":"LineString","coordinates":[[-70.74516,-34.17085],[-70.74508,-34.17086]]}},{"type":"Feature","properties":{"nombre":"Oficial Carlos María O'Carrol","jerarquia":4},"geometry":{"type":"LineString","coordinates":[[-70.74508,-34.17086],[-70.74383,-34.17103]]}},{"type":"Feature","properties":{"nombre":"Oficial Carlos María O'Carrol","jerarquia":4},"geometry":{"type":"LineString","coordinates":[[-70.74383,-34.17103],[-70.74372,-34.17104]]}},{"type":"Feature","properties":{"nombre":"Oficial Carlos María O'Carrol","jerarquia":4},"geometry":{"type":"LineString","coordinates":[[-70.74372,-34.17104],[-70.74246,-34.17121]]}},{"type":"Feature","properties":{"nombre":"Oficial Carlos María O'Carrol","jerarquia":4},"geometry":{"type":"LineString","coordinates":[[-70.74246,-34.17121],[-70.74234,-34.17122]]}},{"type":"Feature","properties":{"nombre":"Oficial Carlos María O'Carrol","jerarquia":4},"geometry":{"type":"LineString","coordinates":[[-70.74234,-34.17122],[-70.74098,-34.1714]]}},{"type":"Feature","properties":{"nombre":"Costanera Norte Río Cachapoal","jerarquia":3},"geometry":{"type":"LineString","coordinates":[[-70.75018,-34.18605],[-70.74993,-34.18622]]}},{"type":"Feature","properties":{"nombre":"Costanera Norte Río Cachapoal","jerarquia":3},"geometry":{"type":"LineString","coordinates":[[-70.74993,-34.18622],[-70.7498,-34.18628]]}},{"type":"Feature","properties":{"nombre":"Costanera Norte Río Cachapoal","jerarquia":3},"geometry":{"type":"LineString","coordinates":[[-70.74974,-34.1862],[-70.75018,-34.18605]]}},{"type":"Feature","properties":{"nombre":"Avenida Cachapoal","jerarquia":4},"geometry":{"type":"LineString","coordinates":[[-70.74964,-34.18606],[-70.74962,-34.18604]]}},{"type":"Feature","properties":{"nombre":"Avenida Cachapoal","jerarquia":4},"geometry":{"type":"LineString","coordinates":[[-70.74962,-34.18604],[-70.74902,-34.18521]]}},{"type":"Feature","properties":{"nombre":"Avenida Cachapoal","jerarquia":4},"geometry":{"type":"LineString","coordinates":[[-70.74902,-34.18521],[-70.74804,-34.18384]]}},{"type":"Feature","properties":{"nombre":"Avenida Cachapoal","jerarquia":4},"geometry":{"type":"LineString","coordinates":[[-70.74568,-34.18056],[-70.74543,-34.1802]]}},{"type":"Feature","properties":{"nombre":"Avenida Cachapoal","jerarquia":4},"geometry":{"type":"LineString","coordinates":[[-70.74543,-34.1802],[-70.74516,-34.17982]]}},{"type":"Feature","properties":{"nombre":"Avenida Cachapoal","jerarquia":4},"geometry":{"type":"LineString","coordinates":[[-70.74516,-34.17982],[-70.74484,-34.17938]]}},{"type":"Feature","properties":{"nombre":"Avenida Cachapoal","jerarquia":4},"geometry":{"type":"LineString","coordinates":[[-70.74484,-34.17938],[-70.74457,-34.17899]]}},{"type":"Feature","properties":{"nombre":"La Araucana","jerarquia":5},"geometry":{"type":"LineString","coordinates":[[-70.72124,-34.17431],[-70.72085,-34.17382]]}},{"type":"Feature","properties":{"nombre":"Enrique Molina","jerarquia":5},"geometry":{"type":"LineString","coordinates":[[-70.71637,-34.18235],[-70.71724,-34.18192]]}},{"type":"Feature","properties":{"nombre":"Enrique Molina","jerarquia":5},"geometry":{"type":"LineString","coordinates":[[-70.71724,-34.18192],[-70.7176,-34.18172]]}},{"type":"Feature","properties":{"nombre":"Enrique Molina","jerarquia":5},"geometry":{"type":"LineString","coordinates":[[-70.7176,-34.18172],[-70.71779,-34.18165]]}},{"type":"Feature","properties":{"nombre":"Enrique Molina","jerarquia":5},"geometry":{"type":"LineString","coordinates":[[-70.71779,-34.18165],[-70.7183,-34.18151]]}},{"type":"Feature","properties":{"nombre":"Avenida Einstein","jerarquia":4},"geometry":{"type":"LineString","coordinates":[[-70.72523,-34.18258],[-70.72562,-34.18294]]}},{"type":"Feature","properties":{"nombre":"Manuel Montt","jerarquia":3},"geometry":{"type":"LineString","coordinates":[[-70.73623,-34.18147],[-70.73549,-34.18092]]}},{"type":"Feature","properties":{"nombre":"Manuel Montt","jerarquia":3},"geometry":{"type":"LineString","coordinates":[[-70.73549,-34.18092],[-70.73497,-34.18053]]}},{"type":"Feature","properties":{"nombre":"Enrique Molina","jerarquia":5},"geometry":{"type":"LineString","coordinates":[[-70.72628,-34.17704],[-70.72651,-34.17697]]}},{"type":"Feature","properties":{"nombre":"Enrique Molina","jerarquia":5},"geometry":{"type":"LineString","coordinates":[[-70.72239,-34.17923],[-70.72316,-34.1788]]}},{"type":"Feature","properties":{"nombre":"Enrique Molina","jerarquia":5},"geometry":{"type":"LineString","coordinates":[[-70.72316,-34.1788],[-70.72352,-34.17859]]}},{"type":"Feature","properties":{"nombre":"Enrique Molina","jerarquia":5},"geometry":{"type":"LineString","coordinates":[[-70.72352,-34.17859],[-70.72395,-34.17835]]}},{"type":"Feature","properties":{"nombre":"Enrique Molina","jerarquia":5},"geometry":{"type":"LineString","coordinates":[[-70.72395,-34.17835],[-70.72444,-34.17807]]}},{"type":"Feature","properties":{"nombre":"Enrique Molina","jerarquia":5},"geometry":{"type":"LineString","coordinates":[[-70.72444,-34.17807],[-70.72586,-34.17728]]}},{"type":"Feature","properties":{"nombre":"Enrique Molina","jerarquia":5},"geometry":{"type":"LineString","coordinates":[[-70.72586,-34.17728],[-70.72602,-34.17719]]}},{"type":"Feature","properties":{"nombre":"Enrique Molina","jerarquia":5},"geometry":{"type":"LineString","coordinates":[[-70.72602,-34.17719],[-70.72628,-34.17704]]}},{"type":"Feature","properties":{"nombre":"Chorrillos","jerarquia":5},"geometry":{"type":"LineString","coordinates":[[-70.73997,-34.15106],[-70.73984,-34.15058]]}},{"type":"Feature","properties":{"nombre":"Chorrillos","jerarquia":5},"geometry":{"type":"LineString","coordinates":[[-70.73984,-34.15058],[-70.7397,-34.14998]]}},{"type":"Feature","properties":{"nombre":"Avenida Kennedy","jerarquia":4},"geometry":{"type":"LineString","coordinates":[[-70.74054,-34.14582],[-70.7405,-34.14573]]}},{"type":"Feature","properties":{"nombre":"Avenida Kennedy","jerarquia":4},"geometry":{"type":"LineString","coordinates":[[-70.7405,-34.14573],[-70.74061,-34.1458]]}},{"type":"Feature","properties":{"nombre":"General Bulnes","jerarquia":5},"geometry":{"type":"LineString","coordinates":[[-70.74205,-34.17849],[-70.74135,-34.17879]]}},{"type":"Feature","properties":{"nombre":"General Bulnes","jerarquia":5},"geometry":{"type":"LineString","coordinates":[[-70.7413,-34.17881],[-70.74086,-34.17903]]}},{"type":"Feature","properties":{"nombre":"Avenida Parque Viña Santa Blanca","jerarquia":5},"geometry":{"type":"LineString","coordinates":[[-70.7404,-34.18892],[-70.73973,-34.18951]]}},{"type":"Feature","properties":{"nombre":"Avenida Parque Viña Santa Blanca","jerarquia":5},"geometry":{"type":"LineString","coordinates":[[-70.73973,-34.18951],[-70.73833,-34.19072]]}},{"type":"Feature","properties":{"nombre":"Avenida Parque Viña Santa Blanca","jerarquia":5},"geometry":{"type":"LineString","coordinates":[[-70.73833,-34.19072],[-70.73822,-34.1908]]}},{"type":"Feature","properties":{"nombre":"Avenida El Sol","jerarquia":4},"geometry":{"type":"LineString","coordinates":[[-70.71502,-34.15461],[-70.71687,-34.1533]]}},{"type":"Feature","properties":{"nombre":"Avenida El Sol","jerarquia":4},"geometry":{"type":"LineString","coordinates":[[-70.71695,-34.15341],[-70.7169,-34.15344]]}},{"type":"Feature","properties":{"nombre":"Avenida El Sol","jerarquia":4},"geometry":{"type":"LineString","coordinates":[[-70.71706,-34.15334],[-70.71695,-34.15341]]}},{"type":"Feature","properties":{"nombre":"Avenida El Sol","jerarquia":5},"geometry":{"type":"LineString","coordinates":[[-70.70799,-34.15929],[-70.70858,-34.15891]]}},{"type":"Feature","properties":{"nombre":"Avenida El Sol","jerarquia":5},"geometry":{"type":"LineString","coordinates":[[-70.70858,-34.15891],[-70.7088,-34.15879]]}},{"type":"Feature","properties":{"nombre":"Avenida El Sol","jerarquia":5},"geometry":{"type":"LineString","coordinates":[[-70.7088,-34.15879],[-70.70896,-34.15873]]}},{"type":"Feature","properties":{"nombre":"Avenida El Sol","jerarquia":5},"geometry":{"type":"LineString","coordinates":[[-70.70907,-34.15884],[-70.7087,-34.15908]]}},{"type":"Feature","properties":{"nombre":"Avenida El Sol","jerarquia":5},"geometry":{"type":"LineString","coordinates":[[-70.7087,-34.15908],[-70.70815,-34.15946]]}},{"type":"Feature","properties":{"nombre":"Camino La Cruz","jerarquia":4},"geometry":{"type":"LineString","coordinates":[[-70.72299,-34.14923],[-70.72293,-34.14911]]}},{"type":"Feature","properties":{"nombre":"Avenida El Sol","jerarquia":4},"geometry":{"type":"LineString","coordinates":[[-70.72299,-34.14923],[-70.72144,-34.15025]]}},{"type":"Feature","properties":{"nombre":"Avenida El Sol","jerarquia":4},"geometry":{"type":"LineString","coordinates":[[-70.72144,-34.15025],[-70.71978,-34.15134]]}},{"type":"Feature","properties":{"nombre":"Avenida El Sol","jerarquia":4},"geometry":{"type":"LineString","coordinates":[[-70.71969,-34.15123],[-70.72028,-34.15084]]}},{"type":"Feature","properties":{"nombre":"Avenida El Sol","jerarquia":4},"geometry":{"type":"LineString","coordinates":[[-70.72028,-34.15084],[-70.72061,-34.15063]]}},{"type":"Feature","properties":{"nombre":"Avenida El Sol","jerarquia":4},"geometry":{"type":"LineString","coordinates":[[-70.72061,-34.15063],[-70.72091,-34.15044]]}},{"type":"Feature","properties":{"nombre":"Avenida El Sol","jerarquia":4},"geometry":{"type":"LineString","coordinates":[[-70.72091,-34.15044],[-70.72121,-34.15025]]}},{"type":"Feature","properties":{"nombre":"Avenida El Sol","jerarquia":4},"geometry":{"type":"LineString","coordinates":[[-70.72121,-34.15025],[-70.72136,-34.15015]]}},{"type":"Feature","properties":{"nombre":"Avenida El Sol","jerarquia":4},"geometry":{"type":"LineString","coordinates":[[-70.72136,-34.15015],[-70.72153,-34.15004]]}},{"type":"Feature","properties":{"nombre":"Avenida El Sol","jerarquia":4},"geometry":{"type":"LineString","coordinates":[[-70.72153,-34.15004],[-70.72184,-34.14984]]}},{"type":"Feature","properties":{"nombre":"Avenida El Sol","jerarquia":4},"geometry":{"type":"LineString","coordinates":[[-70.72184,-34.14984],[-70.72293,-34.14911]]}},{"type":"Feature","properties":{"nombre":"Pasaje Las Pilastras","jerarquia":5},"geometry":{"type":"LineString","coordinates":[[-70.82886,-34.15529],[-70.82605,-34.15593],[-70.81915,-34.1576]]}},{"type":"Feature","properties":{"nombre":"Camino a Sauzal","jerarquia":5},"geometry":{"type":"LineString","coordinates":[[-70.65816,-34.22746],[-70.65813,-34.22752]]}},{"type":"Feature","properties":{"nombre":"Camino a Sauzal","jerarquia":5},"geometry":{"type":"LineString","coordinates":[[-70.65813,-34.22752],[-70.65749,-34.23004]]}},{"type":"Feature","properties":{"nombre":"Camino a Sauzal","jerarquia":5},"geometry":{"type":"LineString","coordinates":[[-70.65749,-34.23004],[-70.65726,-34.23103],[-70.65722,-34.23191],[-70.65718,-34.23204],[-70.65611,-34.23322],[-70.65565,-34.23365],[-70.65525,-34.23396],[-70.65402,-34.23455],[-70.65241,-34.2355],[-70.65084,-34.2366],[-70.64757,-34.23859],[-70.6469,-34.23928],[-70.64616,-34.24072],[-70.64457,-34.24193],[-70.64375,-34.24239],[-70.64275,-34.24285]]}},{"type":"Feature","properties":{"nombre":"","jerarquia":3},"geometry":{"type":"LineString","coordinates":[[-70.75596,-34.12414],[-70.756,-34.12376]]}},{"type":"Feature","properties":{"nombre":"Santa Elena","jerarquia":5},"geometry":{"type":"LineString","coordinates":[[-70.84234,-34.1333],[-70.84298,-34.13315]]}},{"type":"Feature","properties":{"nombre":"Santa Elena","jerarquia":5},"geometry":{"type":"LineString","coordinates":[[-70.84298,-34.13315],[-70.84338,-34.13306],[-70.84355,-34.13312],[-70.84356,-34.13512],[-70.84373,-34.13557],[-70.84388,-34.1357],[-70.84408,-34.13575]]}},{"type":"Feature","properties":{"nombre":"Santa Elena","jerarquia":5},"geometry":{"type":"LineString","coordinates":[[-70.84216,-34.13334],[-70.84234,-34.1333]]}},{"type":"Feature","properties":{"nombre":"La Gonzalina","jerarquia":5},"geometry":{"type":"LineString","coordinates":[[-70.83715,-34.11627],[-70.83949,-34.11554]]}},{"type":"Feature","properties":{"nombre":"La Gonzalina","jerarquia":5},"geometry":{"type":"LineString","coordinates":[[-70.83949,-34.11554],[-70.84202,-34.11475]]}},{"type":"Feature","properties":{"nombre":"La Gonzalina","jerarquia":5},"geometry":{"type":"LineString","coordinates":[[-70.83697,-34.11634],[-70.83715,-34.11627]]}},{"type":"Feature","properties":{"nombre":"Ruta H-30","jerarquia":3},"geometry":{"type":"LineString","coordinates":[[-70.79523,-34.18254],[-70.79662,-34.18245]]}},{"type":"Feature","properties":{"nombre":"Ruta H-30","jerarquia":3},"geometry":{"type":"LineString","coordinates":[[-70.79447,-34.18259],[-70.79523,-34.18254]]}},{"type":"Feature","properties":{"nombre":"Camino a Doñihue","jerarquia":3},"geometry":{"type":"LineString","coordinates":[[-70.77242,-34.16639],[-70.77278,-34.16677]]}},{"type":"Feature","properties":{"nombre":"San Ramón","jerarquia":5},"geometry":{"type":"LineString","coordinates":[[-70.77265,-34.16597],[-70.77388,-34.16571]]}},{"type":"Feature","properties":{"nombre":"San Ramón","jerarquia":5},"geometry":{"type":"LineString","coordinates":[[-70.7723,-34.16605],[-70.77265,-34.16597]]}},{"type":"Feature","properties":{"nombre":"","jerarquia":3},"geometry":{"type":"LineString","coordinates":[[-70.77221,-34.16608],[-70.7719,-34.16584]]}},{"type":"Feature","properties":{"nombre":"Avenida Salvador Allende Gossens","jerarquia":3},"geometry":{"type":"LineString","coordinates":[[-70.77242,-34.16639],[-70.77221,-34.16608]]}},{"type":"Feature","properties":{"nombre":"Carretera Presidente Eduardo Frei Montalva","jerarquia":3},"geometry":{"type":"LineString","coordinates":[[-70.71778,-34.18765],[-70.71803,-34.18751]]}},{"type":"Feature","properties":{"nombre":"Carretera Presidente Eduardo Frei Montalva","jerarquia":3},"geometry":{"type":"LineString","coordinates":[[-70.71803,-34.18751],[-70.71816,-34.18744]]}},{"type":"Feature","properties":{"nombre":"Carretera Presidente Eduardo Frei Montalva","jerarquia":3},"geometry":{"type":"LineString","coordinates":[[-70.7175,-34.1878],[-70.71778,-34.18765]]}},{"type":"Feature","properties":{"nombre":"Avenida Viña del Mar","jerarquia":5},"geometry":{"type":"LineString","coordinates":[[-70.7415,-34.12813],[-70.7416,-34.12847]]}},{"type":"Feature","properties":{"nombre":"Avenida Viña del Mar","jerarquia":5},"geometry":{"type":"LineString","coordinates":[[-70.74142,-34.12783],[-70.7415,-34.12813]]}},{"type":"Feature","properties":{"nombre":"Camino El Recreo","jerarquia":4},"geometry":{"type":"LineString","coordinates":[[-70.65318,-34.16529],[-70.65286,-34.16513]]}},{"type":"Feature","properties":{"nombre":"Arturo Prat","jerarquia":4},"geometry":{"type":"LineString","coordinates":[[-70.65286,-34.16513],[-70.65266,-34.16545]]}},{"type":"Feature","properties":{"nombre":"Abdón Yarrá","jerarquia":3},"geometry":{"type":"LineString","coordinates":[[-70.65849,-34.17637],[-70.65888,-34.176],[-70.65905,-34.17577]]}},{"type":"Feature","properties":{"nombre":"San Juan","jerarquia":3},"geometry":{"type":"LineString","coordinates":[[-70.65905,-34.17577],[-70.65875,-34.17653]]}},{"type":"Feature","properties":{"nombre":"Ruta H-30","jerarquia":3},"geometry":{"type":"LineString","coordinates":[[-70.82729,-34.18038],[-70.8284,-34.18031],[-70.82913,-34.18046]]}},{"type":"Feature","properties":{"nombre":"Ruta H-30","jerarquia":3},"geometry":{"type":"LineString","coordinates":[[-70.82688,-34.1804],[-70.82729,-34.18038]]}},{"type":"Feature","properties":{"nombre":"Camino La Estrella","jerarquia":5},"geometry":{"type":"LineString","coordinates":[[-70.83068,-34.18119],[-70.83071,-34.18113]]}},{"type":"Feature","properties":{"nombre":"Camino La Estrella","jerarquia":5},"geometry":{"type":"LineString","coordinates":[[-70.83071,-34.18113],[-70.83073,-34.18106]]}},{"type":"Feature","properties":{"nombre":"Ruta H-30","jerarquia":3},"geometry":{"type":"LineString","coordinates":[[-70.83066,-34.18125],[-70.83018,-34.181]]}},{"type":"Feature","properties":{"nombre":"Camino La Estrella","jerarquia":5},"geometry":{"type":"LineString","coordinates":[[-70.83068,-34.18119],[-70.83066,-34.18125]]}},{"type":"Feature","properties":{"nombre":"","jerarquia":3},"geometry":{"type":"LineString","coordinates":[[-70.83073,-34.18106],[-70.83077,-34.1812]]}},{"type":"Feature","properties":{"nombre":"","jerarquia":3},"geometry":{"type":"LineString","coordinates":[[-70.83077,-34.1812],[-70.83084,-34.18127]]}},{"type":"Feature","properties":{"nombre":"","jerarquia":3},"geometry":{"type":"LineString","coordinates":[[-70.83038,-34.18103],[-70.83057,-34.18108],[-70.83073,-34.18106]]}},{"type":"Feature","properties":{"nombre":"Ruta H-30","jerarquia":3},"geometry":{"type":"LineString","coordinates":[[-70.83038,-34.18103],[-70.83054,-34.18112]]}},{"type":"Feature","properties":{"nombre":"Ruta H-30","jerarquia":3},"geometry":{"type":"LineString","coordinates":[[-70.83054,-34.18112],[-70.83068,-34.18119]]}},{"type":"Feature","properties":{"nombre":"Ruta H-30","jerarquia":3},"geometry":{"type":"LineString","coordinates":[[-70.83084,-34.18127],[-70.83125,-34.18147]]}},{"type":"Feature","properties":{"nombre":"Ruta H-30","jerarquia":3},"geometry":{"type":"LineString","coordinates":[[-70.83018,-34.181],[-70.82964,-34.18073]]}},{"type":"Feature","properties":{"nombre":"Ruta H-30","jerarquia":3},"geometry":{"type":"LineString","coordinates":[[-70.83137,-34.1816],[-70.83081,-34.18132]]}},{"type":"Feature","properties":{"nombre":"Ruta H-30","jerarquia":3},"geometry":{"type":"LineString","coordinates":[[-70.83081,-34.18132],[-70.83066,-34.18125]]}},{"type":"Feature","properties":{"nombre":"Ruta H-30","jerarquia":3},"geometry":{"type":"LineString","coordinates":[[-70.82999,-34.18085],[-70.83038,-34.18103]]}},{"type":"Feature","properties":{"nombre":"Ruta H-30","jerarquia":3},"geometry":{"type":"LineString","coordinates":[[-70.83068,-34.18119],[-70.83084,-34.18127]]}},{"type":"Feature","properties":{"nombre":"Ruta H-30","jerarquia":3},"geometry":{"type":"LineString","coordinates":[[-70.83125,-34.18147],[-70.83242,-34.18208]]}},{"type":"Feature","properties":{"nombre":"Ruta H-30","jerarquia":3},"geometry":{"type":"LineString","coordinates":[[-70.82964,-34.18073],[-70.82913,-34.18046]]}},{"type":"Feature","properties":{"nombre":"Ruta H-30","jerarquia":3},"geometry":{"type":"LineString","coordinates":[[-70.83327,-34.18253],[-70.83192,-34.18188]]}},{"type":"Feature","properties":{"nombre":"Ruta H-30","jerarquia":3},"geometry":{"type":"LineString","coordinates":[[-70.83192,-34.18188],[-70.83137,-34.1816]]}},{"type":"Feature","properties":{"nombre":"Ruta H-30","jerarquia":3},"geometry":{"type":"LineString","coordinates":[[-70.83242,-34.18208],[-70.83327,-34.18253]]}},{"type":"Feature","properties":{"nombre":"Ruta H-30","jerarquia":3},"geometry":{"type":"LineString","coordinates":[[-70.82913,-34.18046],[-70.82999,-34.18085]]}},{"type":"Feature","properties":{"nombre":"Ruta H-30","jerarquia":3},"geometry":{"type":"LineString","coordinates":[[-70.80389,-34.18196],[-70.81445,-34.18124]]}},{"type":"Feature","properties":{"nombre":"Ruta H-30","jerarquia":3},"geometry":{"type":"LineString","coordinates":[[-70.81445,-34.18124],[-70.82382,-34.18061]]}},{"type":"Feature","properties":{"nombre":"Ruta H-30","jerarquia":3},"geometry":{"type":"LineString","coordinates":[[-70.82382,-34.18061],[-70.82688,-34.1804]]}},{"type":"Feature","properties":{"nombre":"Avenida Javiera Carrera","jerarquia":4},"geometry":{"type":"LineString","coordinates":[[-70.73262,-34.18274],[-70.73219,-34.18296]]}},{"type":"Feature","properties":{"nombre":"Avenida Javiera Carrera","jerarquia":4},"geometry":{"type":"LineString","coordinates":[[-70.73219,-34.18296],[-70.73129,-34.1834]]}},{"type":"Feature","properties":{"nombre":"Avenida Javiera Carrera","jerarquia":4},"geometry":{"type":"LineString","coordinates":[[-70.73549,-34.18092],[-70.73418,-34.18175]]}},{"type":"Feature","properties":{"nombre":"Avenida Javiera Carrera","jerarquia":4},"geometry":{"type":"LineString","coordinates":[[-70.73418,-34.18175],[-70.73298,-34.18253]]}},{"type":"Feature","properties":{"nombre":"Avenida Javiera Carrera","jerarquia":4},"geometry":{"type":"LineString","coordinates":[[-70.73298,-34.18253],[-70.7329,-34.18258]]}},{"type":"Feature","properties":{"nombre":"Avenida Javiera Carrera","jerarquia":4},"geometry":{"type":"LineString","coordinates":[[-70.7329,-34.18258],[-70.73262,-34.18274]]}},{"type":"Feature","properties":{"nombre":"Carretera del Cobre","jerarquia":4},"geometry":{"type":"LineString","coordinates":[[-70.64652,-34.19315],[-70.6458,-34.19301],[-70.64526,-34.19296]]}},{"type":"Feature","properties":{"nombre":"Carretera del Cobre","jerarquia":4},"geometry":{"type":"LineString","coordinates":[[-70.64526,-34.19296],[-70.64472,-34.19298]]}},{"type":"Feature","properties":{"nombre":"El Guindal","jerarquia":3},"geometry":{"type":"LineString","coordinates":[[-70.64839,-34.19363],[-70.64838,-34.19353]]}},{"type":"Feature","properties":{"nombre":"El Guindal","jerarquia":3},"geometry":{"type":"LineString","coordinates":[[-70.64838,-34.19353],[-70.64845,-34.19344]]}},{"type":"Feature","properties":{"nombre":"El Guindal","jerarquia":3},"geometry":{"type":"LineString","coordinates":[[-70.64879,-34.19346],[-70.64882,-34.19362]]}},{"type":"Feature","properties":{"nombre":"El Guindal","jerarquia":3},"geometry":{"type":"LineString","coordinates":[[-70.64882,-34.19362],[-70.64875,-34.19371]]}},{"type":"Feature","properties":{"nombre":"Carretera del Cobre","jerarquia":4},"geometry":{"type":"LineString","coordinates":[[-70.64755,-34.19336],[-70.64652,-34.19315]]}},{"type":"Feature","properties":{"nombre":"Carretera del Cobre","jerarquia":4},"geometry":{"type":"LineString","coordinates":[[-70.64812,-34.19348],[-70.64755,-34.19336]]}},{"type":"Feature","properties":{"nombre":"Carretera Presidente Eduardo Frei Montalva","jerarquia":3},"geometry":{"type":"LineString","coordinates":[[-70.6498,-34.19383],[-70.64903,-34.19366]]}},{"type":"Feature","properties":{"nombre":"Carretera del Cobre","jerarquia":4},"geometry":{"type":"LineString","coordinates":[[-70.64838,-34.19353],[-70.64812,-34.19348]]}},{"type":"Feature","properties":{"nombre":"Carretera Presidente Eduardo Frei Montalva","jerarquia":3},"geometry":{"type":"LineString","coordinates":[[-70.64882,-34.19362],[-70.6486,-34.19357]]}},{"type":"Feature","properties":{"nombre":"Carretera Presidente Eduardo Frei Montalva","jerarquia":3},"geometry":{"type":"LineString","coordinates":[[-70.64903,-34.19366],[-70.64882,-34.19362]]}},{"type":"Feature","properties":{"nombre":"Carretera del Cobre","jerarquia":3},"geometry":{"type":"LineString","coordinates":[[-70.6486,-34.19357],[-70.64838,-34.19353]]}},{"type":"Feature","properties":{"nombre":"Ruta H-30","jerarquia":3},"geometry":{"type":"LineString","coordinates":[[-70.84514,-34.18871],[-70.84514,-34.18921],[-70.845,-34.18939],[-70.84345,-34.19052]]}},{"type":"Feature","properties":{"nombre":"Ruta H-30","jerarquia":3},"geometry":{"type":"LineString","coordinates":[[-70.84496,-34.18841],[-70.84514,-34.18871]]}},{"type":"Feature","properties":{"nombre":"Eusebio Lillo","jerarquia":5},"geometry":{"type":"LineString","coordinates":[[-70.73436,-34.18805],[-70.73452,-34.18805],[-70.73461,-34.1881],[-70.73579,-34.18899]]}},{"type":"Feature","properties":{"nombre":"Eusebio Lillo","jerarquia":5},"geometry":{"type":"LineString","coordinates":[[-70.73579,-34.18899],[-70.73796,-34.19048]]}},{"type":"Feature","properties":{"nombre":"Eusebio Lillo","jerarquia":5},"geometry":{"type":"LineString","coordinates":[[-70.73796,-34.19048],[-70.73833,-34.19072]]}},{"type":"Feature","properties":{"nombre":"Eusebio Lillo","jerarquia":5},"geometry":{"type":"LineString","coordinates":[[-70.73833,-34.19072],[-70.73878,-34.19106]]}},{"type":"Feature","properties":{"nombre":"Eusebio Lillo","jerarquia":5},"geometry":{"type":"LineString","coordinates":[[-70.73878,-34.19106],[-70.73843,-34.19094],[-70.73822,-34.1908]]}},{"type":"Feature","properties":{"nombre":"Eusebio Lillo","jerarquia":5},"geometry":{"type":"LineString","coordinates":[[-70.73822,-34.1908],[-70.73788,-34.19055]]}},{"type":"Feature","properties":{"nombre":"Eusebio Lillo","jerarquia":5},"geometry":{"type":"LineString","coordinates":[[-70.73788,-34.19055],[-70.73664,-34.18969]]}},{"type":"Feature","properties":{"nombre":"Eusebio Lillo","jerarquia":5},"geometry":{"type":"LineString","coordinates":[[-70.73664,-34.18969],[-70.73656,-34.18963]]}},{"type":"Feature","properties":{"nombre":"Eusebio Lillo","jerarquia":5},"geometry":{"type":"LineString","coordinates":[[-70.73656,-34.18963],[-70.73578,-34.18909]]}},{"type":"Feature","properties":{"nombre":"Eusebio Lillo","jerarquia":5},"geometry":{"type":"LineString","coordinates":[[-70.73578,-34.18909],[-70.73569,-34.18903]]}},{"type":"Feature","properties":{"nombre":"Eusebio Lillo","jerarquia":5},"geometry":{"type":"LineString","coordinates":[[-70.73569,-34.18903],[-70.73441,-34.18812],[-70.73436,-34.18805]]}},{"type":"Feature","properties":{"nombre":"Ruta Travesía","jerarquia":2},"geometry":{"type":"LineString","coordinates":[[-70.72711,-34.12438],[-70.72717,-34.12461]]}},{"type":"Feature","properties":{"nombre":"Ruta Travesía","jerarquia":2},"geometry":{"type":"LineString","coordinates":[[-70.72717,-34.12461],[-70.72879,-34.13009]]}},{"type":"Feature","properties":{"nombre":"Ruta Travesía","jerarquia":2},"geometry":{"type":"LineString","coordinates":[[-70.72456,-34.11615],[-70.72442,-34.11566]]}},{"type":"Feature","properties":{"nombre":"Ruta Travesía","jerarquia":2},"geometry":{"type":"LineString","coordinates":[[-70.72279,-34.11011],[-70.72238,-34.10871]]}},{"type":"Feature","properties":{"nombre":"Ruta Travesía","jerarquia":2},"geometry":{"type":"LineString","coordinates":[[-70.72248,-34.10866],[-70.7226,-34.10907]]}},{"type":"Feature","properties":{"nombre":"Ruta Travesía","jerarquia":2},"geometry":{"type":"LineString","coordinates":[[-70.72184,-34.10636],[-70.72248,-34.10866]]}},{"type":"Feature","properties":{"nombre":"Ruta Travesía","jerarquia":2},"geometry":{"type":"LineString","coordinates":[[-70.72238,-34.10871],[-70.7222,-34.10807]]}},{"type":"Feature","properties":{"nombre":"Ruta Travesía","jerarquia":2},"geometry":{"type":"LineString","coordinates":[[-70.7222,-34.10807],[-70.72174,-34.10638]]}},{"type":"Feature","properties":{"nombre":"Avenida San Juan","jerarquia":3},"geometry":{"type":"LineString","coordinates":[[-70.67998,-34.17023],[-70.6819,-34.17097]]}},{"type":"Feature","properties":{"nombre":"Avenida San Juan","jerarquia":3},"geometry":{"type":"LineString","coordinates":[[-70.6819,-34.17097],[-70.68199,-34.17101]]}},{"type":"Feature","properties":{"nombre":"Avenida San Juan","jerarquia":3},"geometry":{"type":"LineString","coordinates":[[-70.68199,-34.17101],[-70.68215,-34.17107]]}},{"type":"Feature","properties":{"nombre":"Avenida San Juan","jerarquia":3},"geometry":{"type":"LineString","coordinates":[[-70.68215,-34.17107],[-70.68456,-34.17194]]}},{"type":"Feature","properties":{"nombre":"Avenida San Juan","jerarquia":3},"geometry":{"type":"LineString","coordinates":[[-70.68456,-34.17194],[-70.68478,-34.17203]]}},{"type":"Feature","properties":{"nombre":"Avenida San Juan","jerarquia":3},"geometry":{"type":"LineString","coordinates":[[-70.68478,-34.17203],[-70.68489,-34.17207]]}},{"type":"Feature","properties":{"nombre":"Avenida San Juan","jerarquia":3},"geometry":{"type":"LineString","coordinates":[[-70.68489,-34.17207],[-70.68513,-34.17216]]}},{"type":"Feature","properties":{"nombre":"Avenida San Juan","jerarquia":3},"geometry":{"type":"LineString","coordinates":[[-70.68513,-34.17216],[-70.68525,-34.17221]]}},{"type":"Feature","properties":{"nombre":"Avenida San Juan","jerarquia":3},"geometry":{"type":"LineString","coordinates":[[-70.68525,-34.17221],[-70.68534,-34.17225]]}},{"type":"Feature","properties":{"nombre":"Ruta H-30","jerarquia":3},"geometry":{"type":"LineString","coordinates":[[-70.80367,-34.18197],[-70.80389,-34.18196]]}},{"type":"Feature","properties":{"nombre":"Ruta H-30","jerarquia":3},"geometry":{"type":"LineString","coordinates":[[-70.80335,-34.182],[-70.80367,-34.18197]]}},{"type":"Feature","properties":{"nombre":"Ruta H-30","jerarquia":3},"geometry":{"type":"LineString","coordinates":[[-70.80312,-34.18201],[-70.80335,-34.182]]}},{"type":"Feature","properties":{"nombre":"Ruta H-30","jerarquia":3},"geometry":{"type":"LineString","coordinates":[[-70.79662,-34.18245],[-70.80286,-34.18203]]}},{"type":"Feature","properties":{"nombre":"Ruta H-30","jerarquia":3},"geometry":{"type":"LineString","coordinates":[[-70.80286,-34.18203],[-70.80312,-34.18201]]}},{"type":"Feature","properties":{"nombre":"","jerarquia":3},"geometry":{"type":"LineString","coordinates":[[-70.73021,-34.13345],[-70.73038,-34.1336]]}},{"type":"Feature","properties":{"nombre":"Avenida Kennedy","jerarquia":3},"geometry":{"type":"LineString","coordinates":[[-70.73038,-34.1336],[-70.73069,-34.1339]]}},{"type":"Feature","properties":{"nombre":"","jerarquia":3},"geometry":{"type":"LineString","coordinates":[[-70.73032,-34.13407],[-70.73012,-34.13395],[-70.73009,-34.13374],[-70.73013,-34.13366]]}},{"type":"Feature","properties":{"nombre":"","jerarquia":3},"geometry":{"type":"LineString","coordinates":[[-70.72338,-34.168],[-70.72328,-34.16791],[-70.72327,-34.16783]]}},{"type":"Feature","properties":{"nombre":"","jerarquia":3},"geometry":{"type":"LineString","coordinates":[[-70.72327,-34.16783],[-70.7233,-34.16777]]}},{"type":"Feature","properties":{"nombre":"Avenida Libertador Bernardo O'Higgins","jerarquia":3},"geometry":{"type":"LineString","coordinates":[[-70.72359,-34.16773],[-70.72409,-34.16767]]}},{"type":"Feature","properties":{"nombre":"Avenida Libertador Bernardo O'Higgins","jerarquia":3},"geometry":{"type":"LineString","coordinates":[[-70.72409,-34.16767],[-70.72456,-34.16761]]}},{"type":"Feature","properties":{"nombre":"Avenida Libertador Bernardo O'Higgins","jerarquia":3},"geometry":{"type":"LineString","coordinates":[[-70.72456,-34.16761],[-70.72522,-34.16751]]}},{"type":"Feature","properties":{"nombre":"Avenida Libertador Bernardo O'Higgins","jerarquia":3},"geometry":{"type":"LineString","coordinates":[[-70.72522,-34.16751],[-70.72576,-34.16743]]}},{"type":"Feature","properties":{"nombre":"Avenida Libertador Bernardo O'Higgins","jerarquia":3},"geometry":{"type":"LineString","coordinates":[[-70.72576,-34.16743],[-70.72749,-34.16715]]}},{"type":"Feature","properties":{"nombre":"Avenida Libertador Bernardo O'Higgins","jerarquia":3},"geometry":{"type":"LineString","coordinates":[[-70.7233,-34.16777],[-70.72359,-34.16773]]}},{"type":"Feature","properties":{"nombre":"Avenida La Victoria","jerarquia":4},"geometry":{"type":"LineString","coordinates":[[-70.72348,-34.1676],[-70.72359,-34.16773]]}},{"type":"Feature","properties":{"nombre":"","jerarquia":3},"geometry":{"type":"LineString","coordinates":[[-70.72905,-34.16714],[-70.72896,-34.16706],[-70.72893,-34.16695]]}},{"type":"Feature","properties":{"nombre":"","jerarquia":3},"geometry":{"type":"LineString","coordinates":[[-70.72893,-34.16695],[-70.72895,-34.16687]]}},{"type":"Feature","properties":{"nombre":"Avenida Salvador Allende Gossens","jerarquia":3},"geometry":{"type":"LineString","coordinates":[[-70.76392,-34.14433],[-70.7641,-34.14481]]}},{"type":"Feature","properties":{"nombre":"Avenida Salvador Allende Gossens","jerarquia":3},"geometry":{"type":"LineString","coordinates":[[-70.76413,-34.14505],[-70.76406,-34.14485]]}},{"type":"Feature","properties":{"nombre":"","jerarquia":3},"geometry":{"type":"LineString","coordinates":[[-70.76413,-34.14505],[-70.76404,-34.14494],[-70.7639,-34.14491]]}},{"type":"Feature","properties":{"nombre":"","jerarquia":3},"geometry":{"type":"LineString","coordinates":[[-70.76386,-34.14484],[-70.76397,-34.14471]]}},{"type":"Feature","properties":{"nombre":"","jerarquia":3},"geometry":{"type":"LineString","coordinates":[[-70.76397,-34.14471],[-70.76398,-34.14465]]}},{"type":"Feature","properties":{"nombre":"","jerarquia":2},"geometry":{"type":"LineString","coordinates":[[-70.72809,-34.15291],[-70.72813,-34.1524]]}},{"type":"Feature","properties":{"nombre":"Ruta Travesía","jerarquia":2},"geometry":{"type":"LineString","coordinates":[[-70.72816,-34.15366],[-70.7282,-34.15301]]}},{"type":"Feature","properties":{"nombre":"Ruta Travesía","jerarquia":2},"geometry":{"type":"LineString","coordinates":[[-70.7282,-34.15301],[-70.72836,-34.15089]]}},{"type":"Feature","properties":{"nombre":"Avenida Salvador Allende Gossens","jerarquia":3},"geometry":{"type":"LineString","coordinates":[[-70.76868,-34.15653],[-70.77034,-34.16096],[-70.77088,-34.16264],[-70.77168,-34.16439]]}},{"type":"Feature","properties":{"nombre":"Avenida Salvador Allende Gossens","jerarquia":3},"geometry":{"type":"LineString","coordinates":[[-70.77168,-34.16439],[-70.77172,-34.1645]]}},{"type":"Feature","properties":{"nombre":"Avenida Salvador Allende Gossens","jerarquia":3},"geometry":{"type":"LineString","coordinates":[[-70.77172,-34.1645],[-70.7723,-34.16605]]}},{"type":"Feature","properties":{"nombre":"Avenida General Manuel Baquedano","jerarquia":4},"geometry":{"type":"LineString","coordinates":[[-70.76411,-34.16627],[-70.76467,-34.16615]]}},{"type":"Feature","properties":{"nombre":"Avenida General Manuel Baquedano","jerarquia":4},"geometry":{"type":"LineString","coordinates":[[-70.76467,-34.16615],[-70.76567,-34.16592]]}},{"type":"Feature","properties":{"nombre":"Avenida General Manuel Baquedano","jerarquia":4},"geometry":{"type":"LineString","coordinates":[[-70.76567,-34.16592],[-70.76649,-34.16573]]}},{"type":"Feature","properties":{"nombre":"Avenida General Manuel Baquedano","jerarquia":4},"geometry":{"type":"LineString","coordinates":[[-70.76649,-34.16573],[-70.76688,-34.16548],[-70.76712,-34.16541],[-70.77154,-34.16441]]}},{"type":"Feature","properties":{"nombre":"Avenida General Manuel Baquedano","jerarquia":4},"geometry":{"type":"LineString","coordinates":[[-70.77154,-34.16441],[-70.77168,-34.16439]]}},{"type":"Feature","properties":{"nombre":"Teniente Coronel José Bernardo Cuevas","jerarquia":4},"geometry":{"type":"LineString","coordinates":[[-70.7419,-34.16897],[-70.74327,-34.16878]]}},{"type":"Feature","properties":{"nombre":"Teniente Coronel José Bernardo Cuevas","jerarquia":4},"geometry":{"type":"LineString","coordinates":[[-70.74327,-34.16878],[-70.74413,-34.16866]]}},{"type":"Feature","properties":{"nombre":"Teniente Coronel José Bernardo Cuevas","jerarquia":4},"geometry":{"type":"LineString","coordinates":[[-70.74413,-34.16866],[-70.74464,-34.16859]]}},{"type":"Feature","properties":{"nombre":"Teniente Coronel José Bernardo Cuevas","jerarquia":4},"geometry":{"type":"LineString","coordinates":[[-70.74464,-34.16859],[-70.74604,-34.16839]]}},{"type":"Feature","properties":{"nombre":"Teniente Coronel José Bernardo Cuevas","jerarquia":4},"geometry":{"type":"LineString","coordinates":[[-70.74054,-34.16916],[-70.7419,-34.16897]]}},{"type":"Feature","properties":{"nombre":"Avenida Capitán Ramón Freire","jerarquia":3},"geometry":{"type":"LineString","coordinates":[[-70.73478,-34.1688],[-70.73463,-34.168]]}},{"type":"Feature","properties":{"nombre":"Avenida Capitán Ramón Freire","jerarquia":3},"geometry":{"type":"LineString","coordinates":[[-70.73463,-34.168],[-70.73458,-34.16773]]}},{"type":"Feature","properties":{"nombre":"Avenida Capitán Ramón Freire","jerarquia":3},"geometry":{"type":"LineString","coordinates":[[-70.73458,-34.16773],[-70.73457,-34.16767]]}},{"type":"Feature","properties":{"nombre":"Avenida Capitán Ramón Freire","jerarquia":3},"geometry":{"type":"LineString","coordinates":[[-70.73499,-34.16995],[-70.7349,-34.16946]]}},{"type":"Feature","properties":{"nombre":"Avenida Capitán Ramón Freire","jerarquia":3},"geometry":{"type":"LineString","coordinates":[[-70.73511,-34.17055],[-70.73501,-34.17006]]}},{"type":"Feature","properties":{"nombre":"Avenida Capitán Ramón Freire","jerarquia":3},"geometry":{"type":"LineString","coordinates":[[-70.73501,-34.17006],[-70.73499,-34.16995]]}},{"type":"Feature","properties":{"nombre":"Pisagua","jerarquia":3},"geometry":{"type":"LineString","coordinates":[[-70.64797,-34.18577],[-70.64796,-34.18602]]}},{"type":"Feature","properties":{"nombre":"Pisagua","jerarquia":3},"geometry":{"type":"LineString","coordinates":[[-70.64799,-34.18542],[-70.64797,-34.18577]]}},{"type":"Feature","properties":{"nombre":"","jerarquia":5},"geometry":{"type":"LineString","coordinates":[[-70.65969,-34.20771],[-70.65958,-34.2076],[-70.6594,-34.20757]]}},{"type":"Feature","properties":{"nombre":"San Ramón","jerarquia":5},"geometry":{"type":"LineString","coordinates":[[-70.77221,-34.16608],[-70.7723,-34.16605]]}},{"type":"Feature","properties":{"nombre":"Avenida Salvador Allende Gossens","jerarquia":3},"geometry":{"type":"LineString","coordinates":[[-70.77221,-34.16608],[-70.77166,-34.16468]]}},{"type":"Feature","properties":{"nombre":"Calle del Estado","jerarquia":5},"geometry":{"type":"LineString","coordinates":[[-70.73981,-34.1654],[-70.73979,-34.16529]]}},{"type":"Feature","properties":{"nombre":"Avenida Salvador Allende Gossens","jerarquia":3},"geometry":{"type":"LineString","coordinates":[[-70.7723,-34.16605],[-70.77242,-34.16639]]}},{"type":"Feature","properties":{"nombre":"El Guindal","jerarquia":3},"geometry":{"type":"LineString","coordinates":[[-70.64876,-34.19344],[-70.64879,-34.19346]]}},{"type":"Feature","properties":{"nombre":"El Guindal","jerarquia":3},"geometry":{"type":"LineString","coordinates":[[-70.64869,-34.19374],[-70.64853,-34.19374],[-70.64841,-34.19366]]}},{"type":"Feature","properties":{"nombre":"El Guindal","jerarquia":3},"geometry":{"type":"LineString","coordinates":[[-70.64841,-34.19366],[-70.64839,-34.19363]]}},{"type":"Feature","properties":{"nombre":"El Guindal","jerarquia":3},"geometry":{"type":"LineString","coordinates":[[-70.6485,-34.1934],[-70.64862,-34.19338],[-70.64876,-34.19344]]}},{"type":"Feature","properties":{"nombre":"Ruta Travesía","jerarquia":2},"geometry":{"type":"LineString","coordinates":[[-70.74725,-34.18854],[-70.74543,-34.18788]]}},{"type":"Feature","properties":{"nombre":"Ruta Travesía","jerarquia":2},"geometry":{"type":"LineString","coordinates":[[-70.74864,-34.18906],[-70.74725,-34.18854]]}},{"type":"Feature","properties":{"nombre":"Ruta Travesía","jerarquia":2},"geometry":{"type":"LineString","coordinates":[[-70.74543,-34.18788],[-70.74472,-34.18756]]}},{"type":"Feature","properties":{"nombre":"","jerarquia":2},"geometry":{"type":"LineString","coordinates":[[-70.75385,-34.19201],[-70.75323,-34.19134]]}},{"type":"Feature","properties":{"nombre":"Camino Real","jerarquia":3},"geometry":{"type":"LineString","coordinates":[[-70.75609,-34.12401],[-70.756,-34.12376]]}},{"type":"Feature","properties":{"nombre":"Avenida Salvador Allende Gossens","jerarquia":3},"geometry":{"type":"LineString","coordinates":[[-70.75624,-34.1244],[-70.75612,-34.12408]]}},{"type":"Feature","properties":{"nombre":"Avenida Salvador Allende Gossens","jerarquia":3},"geometry":{"type":"LineString","coordinates":[[-70.75612,-34.12408],[-70.75609,-34.12401]]}},{"type":"Feature","properties":{"nombre":"Camino a Tuniche","jerarquia":3},"geometry":{"type":"LineString","coordinates":[[-70.75586,-34.12435],[-70.75596,-34.12414]]}},{"type":"Feature","properties":{"nombre":"Carretera Presidente Eduardo Frei Montalva","jerarquia":3},"geometry":{"type":"LineString","coordinates":[[-70.69645,-34.19208],[-70.69499,-34.19234]]}},{"type":"Feature","properties":{"nombre":"Carretera Presidente Eduardo Frei Montalva","jerarquia":3},"geometry":{"type":"LineString","coordinates":[[-70.69886,-34.19162],[-70.6981,-34.19177]]}},{"type":"Feature","properties":{"nombre":"Avenida San Juan","jerarquia":3},"geometry":{"type":"LineString","coordinates":[[-70.69568,-34.17622],[-70.69581,-34.17627]]}},{"type":"Feature","properties":{"nombre":"Avenida San Juan","jerarquia":3},"geometry":{"type":"LineString","coordinates":[[-70.69561,-34.17635],[-70.69512,-34.17617]]}},{"type":"Feature","properties":{"nombre":"Avenida San Juan","jerarquia":3},"geometry":{"type":"LineString","coordinates":[[-70.69592,-34.17643],[-70.69586,-34.17642]]}},{"type":"Feature","properties":{"nombre":"Avenida San Juan","jerarquia":3},"geometry":{"type":"LineString","coordinates":[[-70.69597,-34.17631],[-70.6961,-34.17632]]}},{"type":"Feature","properties":{"nombre":"Avenida República de Chile","jerarquia":3},"geometry":{"type":"LineString","coordinates":[[-70.69602,-34.17616],[-70.69597,-34.17631]]}},{"type":"Feature","properties":{"nombre":"Avenida República de Chile","jerarquia":3},"geometry":{"type":"LineString","coordinates":[[-70.69581,-34.17627],[-70.69589,-34.17613]]}},{"type":"Feature","properties":{"nombre":"Avenida Monseñor Escrivá de Balaguer","jerarquia":4},"geometry":{"type":"LineString","coordinates":[[-70.69567,-34.17645],[-70.69573,-34.17639]]}},{"type":"Feature","properties":{"nombre":"Camino a Tuniche","jerarquia":3},"geometry":{"type":"LineString","coordinates":[[-70.74359,-34.14097],[-70.74309,-34.14155]]}},{"type":"Feature","properties":{"nombre":"Camino a Tuniche","jerarquia":3},"geometry":{"type":"LineString","coordinates":[[-70.74676,-34.1366],[-70.74616,-34.13748]]}},{"type":"Feature","properties":{"nombre":"Camino a Sauzal","jerarquia":5},"geometry":{"type":"LineString","coordinates":[[-70.66671,-34.20129],[-70.66629,-34.20165]]}},{"type":"Feature","properties":{"nombre":"Camino a Sauzal","jerarquia":5},"geometry":{"type":"LineString","coordinates":[[-70.66629,-34.20165],[-70.6654,-34.20241]]}},{"type":"Feature","properties":{"nombre":"Camino a Sauzal","jerarquia":5},"geometry":{"type":"LineString","coordinates":[[-70.6654,-34.20241],[-70.66469,-34.20301]]}},{"type":"Feature","properties":{"nombre":"Camino a Sauzal","jerarquia":5},"geometry":{"type":"LineString","coordinates":[[-70.66469,-34.20301],[-70.66282,-34.20462]]}},{"type":"Feature","properties":{"nombre":"Camino a Sauzal","jerarquia":5},"geometry":{"type":"LineString","coordinates":[[-70.66282,-34.20462],[-70.66223,-34.20512]]}},{"type":"Feature","properties":{"nombre":"Camino a Sauzal","jerarquia":5},"geometry":{"type":"LineString","coordinates":[[-70.66223,-34.20512],[-70.6611,-34.20609]]}},{"type":"Feature","properties":{"nombre":"Camino a Sauzal","jerarquia":5},"geometry":{"type":"LineString","coordinates":[[-70.6611,-34.20609],[-70.66018,-34.20688]]}},{"type":"Feature","properties":{"nombre":"Avenida República de Uruguay","jerarquia":5},"geometry":{"type":"LineString","coordinates":[[-70.70484,-34.16138],[-70.70394,-34.1605]]}},{"type":"Feature","properties":{"nombre":"Avenida República de Uruguay","jerarquia":5},"geometry":{"type":"LineString","coordinates":[[-70.70394,-34.1605],[-70.70331,-34.15988]]}},{"type":"Feature","properties":{"nombre":"Avenida República de Uruguay","jerarquia":5},"geometry":{"type":"LineString","coordinates":[[-70.70278,-34.15935],[-70.70276,-34.15933]]}},{"type":"Feature","properties":{"nombre":"Avenida República de Uruguay","jerarquia":5},"geometry":{"type":"LineString","coordinates":[[-70.70276,-34.15933],[-70.70271,-34.15927]]}},{"type":"Feature","properties":{"nombre":"Avenida San Juan","jerarquia":3},"geometry":{"type":"LineString","coordinates":[[-70.65153,-34.18206],[-70.65069,-34.18212]]}},{"type":"Feature","properties":{"nombre":"","jerarquia":4},"geometry":{"type":"LineString","coordinates":[[-70.74297,-34.18274],[-70.74282,-34.18262],[-70.74266,-34.18258]]}},{"type":"Feature","properties":{"nombre":"Avenida El Parque Viña Santa Blanca","jerarquia":5},"geometry":{"type":"LineString","coordinates":[[-70.73788,-34.19055],[-70.73796,-34.19048]]}},{"type":"Feature","properties":{"nombre":"Avenida El Parque Viña Santa Blanca","jerarquia":5},"geometry":{"type":"LineString","coordinates":[[-70.73796,-34.19048],[-70.73931,-34.18927]]}},{"type":"Feature","properties":{"nombre":"Avenida El Parque Viña Santa Blanca","jerarquia":5},"geometry":{"type":"LineString","coordinates":[[-70.73931,-34.18927],[-70.74004,-34.18863]]}},{"type":"Feature","properties":{"nombre":"Diagonal Doñihue","jerarquia":5},"geometry":{"type":"LineString","coordinates":[[-70.75771,-34.17751],[-70.758,-34.17746],[-70.75822,-34.1775]]}},{"type":"Feature","properties":{"nombre":"Diagonal Doñihue","jerarquia":5},"geometry":{"type":"LineString","coordinates":[[-70.75881,-34.17762],[-70.75863,-34.17768],[-70.75847,-34.17766]]}},{"type":"Feature","properties":{"nombre":"","jerarquia":5},"geometry":{"type":"LineString","coordinates":[[-70.74191,-34.13826],[-70.74186,-34.13832]]}},{"type":"Feature","properties":{"nombre":"Camino a Tuniche","jerarquia":3},"geometry":{"type":"LineString","coordinates":[[-70.74272,-34.14198],[-70.74242,-34.14237]]}},{"type":"Feature","properties":{"nombre":"Camino a Tuniche","jerarquia":3},"geometry":{"type":"LineString","coordinates":[[-70.74301,-34.14164],[-70.74272,-34.14198]]}},{"type":"Feature","properties":{"nombre":"Avenida Viña del Mar","jerarquia":5},"geometry":{"type":"LineString","coordinates":[[-70.75066,-34.1609],[-70.75062,-34.16075]]}},{"type":"Feature","properties":{"nombre":"","jerarquia":5},"geometry":{"type":"LineString","coordinates":[[-70.76719,-34.17932],[-70.76726,-34.1792]]}},{"type":"Feature","properties":{"nombre":"","jerarquia":5},"geometry":{"type":"LineString","coordinates":[[-70.76713,-34.17931],[-70.76717,-34.1794],[-70.76709,-34.17946]]}},{"type":"Feature","properties":{"nombre":"","jerarquia":3},"geometry":{"type":"LineString","coordinates":[[-70.70858,-34.15891],[-70.70875,-34.15871],[-70.70877,-34.15854]]}},{"type":"Feature","properties":{"nombre":"Avenida Capitán Antonio Millán","jerarquia":4},"geometry":{"type":"LineString","coordinates":[[-70.74783,-34.17386],[-70.74837,-34.17379]]}},{"type":"Feature","properties":{"nombre":"Avenida Capitán Antonio Millán","jerarquia":4},"geometry":{"type":"LineString","coordinates":[[-70.74837,-34.17379],[-70.74945,-34.17364]]}},{"type":"Feature","properties":{"nombre":"Avenida Capitán Antonio Millán","jerarquia":4},"geometry":{"type":"LineString","coordinates":[[-70.74945,-34.17364],[-70.74958,-34.17362]]}},{"type":"Feature","properties":{"nombre":"Avenida República de Chile","jerarquia":3},"geometry":{"type":"LineString","coordinates":[[-70.69907,-34.16837],[-70.69854,-34.16871]]}},{"type":"Feature","properties":{"nombre":"Avenida República de Chile","jerarquia":3},"geometry":{"type":"LineString","coordinates":[[-70.69854,-34.16871],[-70.69843,-34.16878]]}},{"type":"Feature","properties":{"nombre":"Avenida República de Chile","jerarquia":3},"geometry":{"type":"LineString","coordinates":[[-70.69843,-34.16878],[-70.69836,-34.16883]]}},{"type":"Feature","properties":{"nombre":"","jerarquia":3},"geometry":{"type":"LineString","coordinates":[[-70.69854,-34.16871],[-70.69845,-34.16891]]}},{"type":"Feature","properties":{"nombre":"Camino San Ramón","jerarquia":5},"geometry":{"type":"LineString","coordinates":[[-70.79401,-34.16114],[-70.80223,-34.15929]]}},{"type":"Feature","properties":{"nombre":"Camino San Ramón","jerarquia":5},"geometry":{"type":"LineString","coordinates":[[-70.80223,-34.15929],[-70.804,-34.15889]]}},{"type":"Feature","properties":{"nombre":"Camino San Ramón","jerarquia":5},"geometry":{"type":"LineString","coordinates":[[-70.804,-34.15889],[-70.81823,-34.15562]]}},{"type":"Feature","properties":{"nombre":"Río Loco","jerarquia":5},"geometry":{"type":"LineString","coordinates":[[-70.74681,-34.18873],[-70.74619,-34.18986]]}},{"type":"Feature","properties":{"nombre":"","jerarquia":5},"geometry":{"type":"LineString","coordinates":[[-70.71685,-34.18834],[-70.71569,-34.18869]]}},{"type":"Feature","properties":{"nombre":"","jerarquia":5},"geometry":{"type":"LineString","coordinates":[[-70.71569,-34.18869],[-70.71203,-34.1894],[-70.71042,-34.18957]]}},{"type":"Feature","properties":{"nombre":"","jerarquia":3},"geometry":{"type":"LineString","coordinates":[[-70.7223,-34.18517],[-70.72212,-34.18538]]}},{"type":"Feature","properties":{"nombre":"","jerarquia":3},"geometry":{"type":"LineString","coordinates":[[-70.70954,-34.18963],[-70.70981,-34.18953],[-70.71059,-34.18936]]}},{"type":"Feature","properties":{"nombre":"","jerarquia":3},"geometry":{"type":"LineString","coordinates":[[-70.71059,-34.18936],[-70.71095,-34.18925]]}},{"type":"Feature","properties":{"nombre":"Santa Mónica","jerarquia":5},"geometry":{"type":"LineString","coordinates":[[-70.7422,-34.19385],[-70.74263,-34.19366]]}},{"type":"Feature","properties":{"nombre":"Santa Mónica","jerarquia":5},"geometry":{"type":"LineString","coordinates":[[-70.74263,-34.19366],[-70.74304,-34.19348]]}},{"type":"Feature","properties":{"nombre":"Santa Mónica","jerarquia":5},"geometry":{"type":"LineString","coordinates":[[-70.74304,-34.19348],[-70.74347,-34.19329]]}},{"type":"Feature","properties":{"nombre":"Santa Mónica","jerarquia":5},"geometry":{"type":"LineString","coordinates":[[-70.74347,-34.19329],[-70.74387,-34.19311]]}},{"type":"Feature","properties":{"nombre":"Santa Mónica","jerarquia":5},"geometry":{"type":"LineString","coordinates":[[-70.74387,-34.19311],[-70.74426,-34.19294]]}},{"type":"Feature","properties":{"nombre":"Santa Mónica","jerarquia":5},"geometry":{"type":"LineString","coordinates":[[-70.74426,-34.19294],[-70.74458,-34.19272]]}},{"type":"Feature","properties":{"nombre":"Santa Mónica","jerarquia":5},"geometry":{"type":"LineString","coordinates":[[-70.74458,-34.19272],[-70.74463,-34.19268]]}},{"type":"Feature","properties":{"nombre":"Diego de Almagro","jerarquia":4},"geometry":{"type":"LineString","coordinates":[[-70.73856,-34.18275],[-70.73881,-34.18293]]}},{"type":"Feature","properties":{"nombre":"Diego de Almagro","jerarquia":3},"geometry":{"type":"LineString","coordinates":[[-70.73351,-34.17896],[-70.73393,-34.17928]]}},{"type":"Feature","properties":{"nombre":"Diego de Almagro","jerarquia":3},"geometry":{"type":"LineString","coordinates":[[-70.73393,-34.17928],[-70.73416,-34.17946]]}},{"type":"Feature","properties":{"nombre":"Avenida Provincial","jerarquia":5},"geometry":{"type":"LineString","coordinates":[[-70.77111,-34.18404],[-70.77018,-34.18291]]}},{"type":"Feature","properties":{"nombre":"Avenida Provincial","jerarquia":5},"geometry":{"type":"LineString","coordinates":[[-70.77018,-34.18291],[-70.76929,-34.18178]]}},{"type":"Feature","properties":{"nombre":"Calle Nueva","jerarquia":5},"geometry":{"type":"LineString","coordinates":[[-70.76805,-34.18571],[-70.76849,-34.18566]]}},{"type":"Feature","properties":{"nombre":"Calle Nueva","jerarquia":5},"geometry":{"type":"LineString","coordinates":[[-70.76849,-34.18566],[-70.76898,-34.18563]]}},{"type":"Feature","properties":{"nombre":"Calle Nueva","jerarquia":5},"geometry":{"type":"LineString","coordinates":[[-70.76763,-34.18588],[-70.76805,-34.18571]]}},{"type":"Feature","properties":{"nombre":"Avenida Madero","jerarquia":5},"geometry":{"type":"LineString","coordinates":[[-70.66493,-34.18343],[-70.66471,-34.18338]]}},{"type":"Feature","properties":{"nombre":"Avenida Madero","jerarquia":5},"geometry":{"type":"LineString","coordinates":[[-70.66471,-34.18338],[-70.66493,-34.18335]]}},{"type":"Feature","properties":{"nombre":"Avenida Madero","jerarquia":5},"geometry":{"type":"LineString","coordinates":[[-70.66601,-34.18343],[-70.66534,-34.18342]]}},{"type":"Feature","properties":{"nombre":"Avenida Madero","jerarquia":5},"geometry":{"type":"LineString","coordinates":[[-70.66534,-34.18342],[-70.66493,-34.18343]]}},{"type":"Feature","properties":{"nombre":"Avenida Madero","jerarquia":5},"geometry":{"type":"LineString","coordinates":[[-70.66493,-34.18335],[-70.66534,-34.18334]]}},{"type":"Feature","properties":{"nombre":"Avenida Madero","jerarquia":5},"geometry":{"type":"LineString","coordinates":[[-70.66534,-34.18334],[-70.66601,-34.18334]]}},{"type":"Feature","properties":{"nombre":"Avenida Madero","jerarquia":5},"geometry":{"type":"LineString","coordinates":[[-70.66768,-34.18363],[-70.66851,-34.18414]]}},{"type":"Feature","properties":{"nombre":"Avenida Madero","jerarquia":5},"geometry":{"type":"LineString","coordinates":[[-70.66851,-34.18414],[-70.66876,-34.18429]]}},{"type":"Feature","properties":{"nombre":"Avenida Madero","jerarquia":5},"geometry":{"type":"LineString","coordinates":[[-70.66876,-34.18429],[-70.66929,-34.18461]]}},{"type":"Feature","properties":{"nombre":"Avenida Madero","jerarquia":5},"geometry":{"type":"LineString","coordinates":[[-70.66924,-34.18469],[-70.6687,-34.18436]]}},{"type":"Feature","properties":{"nombre":"Avenida Madero","jerarquia":5},"geometry":{"type":"LineString","coordinates":[[-70.6687,-34.18436],[-70.66845,-34.18422]]}},{"type":"Feature","properties":{"nombre":"Avenida Madero","jerarquia":5},"geometry":{"type":"LineString","coordinates":[[-70.66845,-34.18422],[-70.66761,-34.18371]]}},{"type":"Feature","properties":{"nombre":"Avenida Madero","jerarquia":5},"geometry":{"type":"LineString","coordinates":[[-70.67036,-34.18539],[-70.66971,-34.18499]]}},{"type":"Feature","properties":{"nombre":"Avenida Madero","jerarquia":5},"geometry":{"type":"LineString","coordinates":[[-70.66979,-34.18491],[-70.67043,-34.18531]]}},{"type":"Feature","properties":{"nombre":"Avenida Madero","jerarquia":5},"geometry":{"type":"LineString","coordinates":[[-70.67678,-34.18916],[-70.67723,-34.18943]]}},{"type":"Feature","properties":{"nombre":"Avenida Madero","jerarquia":5},"geometry":{"type":"LineString","coordinates":[[-70.67723,-34.18943],[-70.6773,-34.18947]]}},{"type":"Feature","properties":{"nombre":"Avenida Madero","jerarquia":5},"geometry":{"type":"LineString","coordinates":[[-70.6773,-34.18947],[-70.67788,-34.18982]]}},{"type":"Feature","properties":{"nombre":"Avenida Madero","jerarquia":5},"geometry":{"type":"LineString","coordinates":[[-70.67788,-34.18982],[-70.67815,-34.18999]]}},{"type":"Feature","properties":{"nombre":"Avenida Madero","jerarquia":5},"geometry":{"type":"LineString","coordinates":[[-70.67815,-34.18999],[-70.67854,-34.19022]]}},{"type":"Feature","properties":{"nombre":"Avenida Madero","jerarquia":5},"geometry":{"type":"LineString","coordinates":[[-70.67854,-34.19022],[-70.67898,-34.1905]]}},{"type":"Feature","properties":{"nombre":"Avenida Madero","jerarquia":5},"geometry":{"type":"LineString","coordinates":[[-70.67898,-34.1905],[-70.67908,-34.19057]]}},{"type":"Feature","properties":{"nombre":"Avenida La Victoria","jerarquia":4},"geometry":{"type":"LineString","coordinates":[[-70.71882,-34.15679],[-70.7195,-34.1578]]}},{"type":"Feature","properties":{"nombre":"Avenida La Victoria","jerarquia":4},"geometry":{"type":"LineString","coordinates":[[-70.7195,-34.1578],[-70.71997,-34.15855]]}},{"type":"Feature","properties":{"nombre":"Avenida La Victoria","jerarquia":4},"geometry":{"type":"LineString","coordinates":[[-70.71997,-34.15855],[-70.72,-34.15859]]}},{"type":"Feature","properties":{"nombre":"Avenida La Victoria","jerarquia":4},"geometry":{"type":"LineString","coordinates":[[-70.7199,-34.15861],[-70.71948,-34.158]]}},{"type":"Feature","properties":{"nombre":"Avenida La Victoria","jerarquia":4},"geometry":{"type":"LineString","coordinates":[[-70.71948,-34.158],[-70.7192,-34.15757]]}},{"type":"Feature","properties":{"nombre":"Avenida La Victoria","jerarquia":4},"geometry":{"type":"LineString","coordinates":[[-70.7192,-34.15757],[-70.71872,-34.15683]]}},{"type":"Feature","properties":{"nombre":"Avenida La Victoria","jerarquia":5},"geometry":{"type":"LineString","coordinates":[[-70.71643,-34.15105],[-70.71653,-34.15095]]}},{"type":"Feature","properties":{"nombre":"Estación","jerarquia":4},"geometry":{"type":"LineString","coordinates":[[-70.75293,-34.17279],[-70.75299,-34.17307],[-70.75294,-34.17317]]}},{"type":"Feature","properties":{"nombre":"Avenida Santa Julia (Camino de la Concepción)","jerarquia":4},"geometry":{"type":"LineString","coordinates":[[-70.75307,-34.17314],[-70.7534,-34.17417],[-70.75366,-34.17516]]}},{"type":"Feature","properties":{"nombre":"Avenida Santa Julia (Camino de la Concepción)","jerarquia":4},"geometry":{"type":"LineString","coordinates":[[-70.75366,-34.17516],[-70.75351,-34.17484],[-70.75305,-34.17324],[-70.75294,-34.17317]]}},{"type":"Feature","properties":{"nombre":"Camino a Tuniche","jerarquia":3},"geometry":{"type":"LineString","coordinates":[[-70.74242,-34.14237],[-70.74209,-34.14281]]}},{"type":"Feature","properties":{"nombre":"Oficial Agustín Almarza","jerarquia":5},"geometry":{"type":"LineString","coordinates":[[-70.73978,-34.1797],[-70.7397,-34.17961],[-70.73963,-34.17915]]}},{"type":"Feature","properties":{"nombre":"Avenida Capitán Ramón Freire","jerarquia":4},"geometry":{"type":"LineString","coordinates":[[-70.73719,-34.17961],[-70.73707,-34.17912]]}},{"type":"Feature","properties":{"nombre":"Avenida Capitán Ramón Freire","jerarquia":4},"geometry":{"type":"LineString","coordinates":[[-70.73707,-34.17912],[-70.73693,-34.17853]]}},{"type":"Feature","properties":{"nombre":"Avenida Capitán Ramón Freire","jerarquia":4},"geometry":{"type":"LineString","coordinates":[[-70.73693,-34.17853],[-70.73675,-34.17783]]}},{"type":"Feature","properties":{"nombre":"Avenida Capitán Ramón Freire","jerarquia":4},"geometry":{"type":"LineString","coordinates":[[-70.73675,-34.17783],[-70.73658,-34.17716]]}},{"type":"Feature","properties":{"nombre":"Avenida Capitán Ramón Freire","jerarquia":4},"geometry":{"type":"LineString","coordinates":[[-70.73658,-34.17716],[-70.73653,-34.17698]]}},{"type":"Feature","properties":{"nombre":"Carretera Presidente Eduardo Frei Montalva","jerarquia":3},"geometry":{"type":"LineString","coordinates":[[-70.71933,-34.18689],[-70.71922,-34.18696]]}},{"type":"Feature","properties":{"nombre":"Carretera Presidente Eduardo Frei Montalva","jerarquia":3},"geometry":{"type":"LineString","coordinates":[[-70.71922,-34.18696],[-70.71765,-34.18785],[-70.71675,-34.18821]]}},{"type":"Feature","properties":{"nombre":"Carretera Presidente Eduardo Frei Montalva","jerarquia":3},"geometry":{"type":"LineString","coordinates":[[-70.69886,-34.19162],[-70.70014,-34.19138]]}},{"type":"Feature","properties":{"nombre":"Avenida Circunvalación Arturo Gatica Silva","jerarquia":4},"geometry":{"type":"LineString","coordinates":[[-70.73588,-34.14623],[-70.73603,-34.14621]]}},{"type":"Feature","properties":{"nombre":"Avenida Circunvalación Arturo Gatica Silva","jerarquia":4},"geometry":{"type":"LineString","coordinates":[[-70.73604,-34.14632],[-70.7359,-34.14634]]}},{"type":"Feature","properties":{"nombre":"Avenida Circunvalación Arturo Gatica Silva","jerarquia":4},"geometry":{"type":"LineString","coordinates":[[-70.7359,-34.14634],[-70.73577,-34.14635]]}},{"type":"Feature","properties":{"nombre":"Avenida Circunvalación Arturo Gatica Silva","jerarquia":4},"geometry":{"type":"LineString","coordinates":[[-70.73576,-34.14623],[-70.73588,-34.14623]]}},{"type":"Feature","properties":{"nombre":"Avenida Camino del Recreo","jerarquia":5},"geometry":{"type":"LineString","coordinates":[[-70.73588,-34.14623],[-70.73585,-34.14606]]}},{"type":"Feature","properties":{"nombre":"Avenida Camino del Recreo","jerarquia":5},"geometry":{"type":"LineString","coordinates":[[-70.73591,-34.14644],[-70.73591,-34.14643]]}},{"type":"Feature","properties":{"nombre":"Avenida Camino del Recreo","jerarquia":5},"geometry":{"type":"LineString","coordinates":[[-70.73591,-34.14643],[-70.7359,-34.14634]]}},{"type":"Feature","properties":{"nombre":"Héctor Zamorano","jerarquia":5},"geometry":{"type":"LineString","coordinates":[[-70.70998,-34.18095],[-70.71002,-34.1809]]}},{"type":"Feature","properties":{"nombre":"Héctor Zamorano","jerarquia":5},"geometry":{"type":"LineString","coordinates":[[-70.71002,-34.1809],[-70.71011,-34.18083]]}},{"type":"Feature","properties":{"nombre":"Héctor Zamorano","jerarquia":5},"geometry":{"type":"LineString","coordinates":[[-70.71011,-34.18083],[-70.71016,-34.1808]]}},{"type":"Feature","properties":{"nombre":"Héctor Zamorano","jerarquia":5},"geometry":{"type":"LineString","coordinates":[[-70.7093,-34.1815],[-70.70935,-34.18143]]}},{"type":"Feature","properties":{"nombre":"Héctor Zamorano","jerarquia":5},"geometry":{"type":"LineString","coordinates":[[-70.70936,-34.18157],[-70.70927,-34.1816]]}},{"type":"Feature","properties":{"nombre":"Héctor Zamorano","jerarquia":5},"geometry":{"type":"LineString","coordinates":[[-70.70943,-34.18151],[-70.70936,-34.18157]]}},{"type":"Feature","properties":{"nombre":"Chorrillos","jerarquia":5},"geometry":{"type":"LineString","coordinates":[[-70.74062,-34.15478],[-70.74059,-34.1546]]}},{"type":"Feature","properties":{"nombre":"Avenida Kennedy","jerarquia":3},"geometry":{"type":"LineString","coordinates":[[-70.74016,-34.14504],[-70.74023,-34.14515]]}},{"type":"Feature","properties":{"nombre":"Avenida Kennedy","jerarquia":3},"geometry":{"type":"LineString","coordinates":[[-70.74023,-34.14515],[-70.74029,-34.14525]]}},{"type":"Feature","properties":{"nombre":"Avenida Kennedy","jerarquia":3},"geometry":{"type":"LineString","coordinates":[[-70.74029,-34.14525],[-70.74033,-34.14534]]}},{"type":"Feature","properties":{"nombre":"Avenida Kennedy","jerarquia":3},"geometry":{"type":"LineString","coordinates":[[-70.74003,-34.14527],[-70.73995,-34.14516]]}},{"type":"Feature","properties":{"nombre":"Avenida Kennedy","jerarquia":3},"geometry":{"type":"LineString","coordinates":[[-70.74014,-34.14543],[-70.7401,-34.14538]]}},{"type":"Feature","properties":{"nombre":"Avenida Kennedy","jerarquia":3},"geometry":{"type":"LineString","coordinates":[[-70.7401,-34.14538],[-70.74003,-34.14527]]}},{"type":"Feature","properties":{"nombre":"Avenida Circunvalación Arturo Gatica Silva","jerarquia":4},"geometry":{"type":"LineString","coordinates":[[-70.73996,-34.14529],[-70.74003,-34.14527]]}},{"type":"Feature","properties":{"nombre":"Camino a Tuniche","jerarquia":3},"geometry":{"type":"LineString","coordinates":[[-70.74023,-34.14515],[-70.7403,-34.14507]]}},{"type":"Feature","properties":{"nombre":"Camino a Tuniche","jerarquia":3},"geometry":{"type":"LineString","coordinates":[[-70.74037,-34.14515],[-70.74029,-34.14525]]}},{"type":"Feature","properties":{"nombre":"Avenida Circunvalación Arturo Gatica Silva","jerarquia":4},"geometry":{"type":"LineString","coordinates":[[-70.7401,-34.14538],[-70.74003,-34.14541]]}},{"type":"Feature","properties":{"nombre":"Avenida Capitán Ramón Freire","jerarquia":3},"geometry":{"type":"LineString","coordinates":[[-70.73529,-34.17097],[-70.73531,-34.17106]]}},{"type":"Feature","properties":{"nombre":"Avenida Libertador Bernardo O'Higgins","jerarquia":3},"geometry":{"type":"LineString","coordinates":[[-70.74243,-34.16491],[-70.74251,-34.1649]]}},{"type":"Feature","properties":{"nombre":"Antonio Garfias","jerarquia":5},"geometry":{"type":"LineString","coordinates":[[-70.71882,-34.15679],[-70.71872,-34.15683]]}},{"type":"Feature","properties":{"nombre":"Avenida Libertador Bernardo O'Higgins","jerarquia":3},"geometry":{"type":"LineString","coordinates":[[-70.73987,-34.16569],[-70.73969,-34.16572]]}},{"type":"Feature","properties":{"nombre":"Avenida Libertador Bernardo O'Higgins","jerarquia":3},"geometry":{"type":"LineString","coordinates":[[-70.74252,-34.16532],[-70.74129,-34.16549]]}},{"type":"Feature","properties":{"nombre":"Avenida Libertador Bernardo O'Higgins","jerarquia":3},"geometry":{"type":"LineString","coordinates":[[-70.74129,-34.16549],[-70.74121,-34.16551]]}},{"type":"Feature","properties":{"nombre":"Avenida Libertador Bernardo O'Higgins","jerarquia":3},"geometry":{"type":"LineString","coordinates":[[-70.74121,-34.16551],[-70.73987,-34.16569]]}},{"type":"Feature","properties":{"nombre":"Avenida Libertador Bernardo O'Higgins","jerarquia":3},"geometry":{"type":"LineString","coordinates":[[-70.74259,-34.16531],[-70.74252,-34.16532]]}},{"type":"Feature","properties":{"nombre":"Avenida Libertador Bernardo O'Higgins","jerarquia":3},"geometry":{"type":"LineString","coordinates":[[-70.74396,-34.16511],[-70.74259,-34.16531]]}},{"type":"Feature","properties":{"nombre":"Avenida El Sol","jerarquia":4},"geometry":{"type":"LineString","coordinates":[[-70.71347,-34.15556],[-70.71414,-34.15523]]}},{"type":"Feature","properties":{"nombre":"Avenida El Sol","jerarquia":4},"geometry":{"type":"LineString","coordinates":[[-70.71336,-34.15561],[-70.71347,-34.15556]]}},{"type":"Feature","properties":{"nombre":"Avenida Grecia","jerarquia":5},"geometry":{"type":"LineString","coordinates":[[-70.73702,-34.15996],[-70.73677,-34.15999]]}},{"type":"Feature","properties":{"nombre":"Avenida El Sol","jerarquia":4},"geometry":{"type":"LineString","coordinates":[[-70.71702,-34.15318],[-70.7171,-34.15313]]}},{"type":"Feature","properties":{"nombre":"Avenida El Sol","jerarquia":4},"geometry":{"type":"LineString","coordinates":[[-70.71713,-34.15328],[-70.71706,-34.15334]]}},{"type":"Feature","properties":{"nombre":"Avenida El Sol","jerarquia":4},"geometry":{"type":"LineString","coordinates":[[-70.7169,-34.15344],[-70.7156,-34.15438]]}},{"type":"Feature","properties":{"nombre":"Avenida El Sol","jerarquia":4},"geometry":{"type":"LineString","coordinates":[[-70.71687,-34.1533],[-70.71692,-34.15325]]}},{"type":"Feature","properties":{"nombre":"Avenida El Sol","jerarquia":4},"geometry":{"type":"LineString","coordinates":[[-70.71692,-34.15325],[-70.71702,-34.15318]]}},{"type":"Feature","properties":{"nombre":"Avenida La Victoria","jerarquia":4},"geometry":{"type":"LineString","coordinates":[[-70.71697,-34.15346],[-70.71695,-34.15341]]}},{"type":"Feature","properties":{"nombre":"Avenida La Victoria","jerarquia":5},"geometry":{"type":"LineString","coordinates":[[-70.71689,-34.15308],[-70.71668,-34.15218]]}},{"type":"Feature","properties":{"nombre":"Avenida La Victoria","jerarquia":5},"geometry":{"type":"LineString","coordinates":[[-70.71668,-34.15218],[-70.71643,-34.15105]]}},{"type":"Feature","properties":{"nombre":"Avenida La Victoria","jerarquia":4},"geometry":{"type":"LineString","coordinates":[[-70.71706,-34.15334],[-70.71708,-34.15341]]}},{"type":"Feature","properties":{"nombre":"Avenida La Victoria","jerarquia":5},"geometry":{"type":"LineString","coordinates":[[-70.71699,-34.15305],[-70.71702,-34.15318]]}},{"type":"Feature","properties":{"nombre":"Avenida La Victoria","jerarquia":5},"geometry":{"type":"LineString","coordinates":[[-70.71702,-34.15318],[-70.71706,-34.15334]]}},{"type":"Feature","properties":{"nombre":"San Joaquín","jerarquia":5},"geometry":{"type":"LineString","coordinates":[[-70.70997,-34.18086],[-70.70965,-34.18053]]}},{"type":"Feature","properties":{"nombre":"San Joaquín","jerarquia":5},"geometry":{"type":"LineString","coordinates":[[-70.71005,-34.1808],[-70.71011,-34.18083]]}},{"type":"Feature","properties":{"nombre":"San Joaquín","jerarquia":5},"geometry":{"type":"LineString","coordinates":[[-70.71011,-34.18083],[-70.71018,-34.18089]]}},{"type":"Feature","properties":{"nombre":"Héctor Zamorano","jerarquia":5},"geometry":{"type":"LineString","coordinates":[[-70.71016,-34.1808],[-70.71026,-34.18078]]}},{"type":"Feature","properties":{"nombre":"Héctor Zamorano","jerarquia":5},"geometry":{"type":"LineString","coordinates":[[-70.70935,-34.18143],[-70.70998,-34.18095]]}},{"type":"Feature","properties":{"nombre":"Héctor Zamorano","jerarquia":5},"geometry":{"type":"LineString","coordinates":[[-70.71005,-34.181],[-70.70943,-34.18151]]}},{"type":"Feature","properties":{"nombre":"Héctor Zamorano","jerarquia":5},"geometry":{"type":"LineString","coordinates":[[-70.71026,-34.18078],[-70.71022,-34.18085]]}},{"type":"Feature","properties":{"nombre":"","jerarquia":3},"geometry":{"type":"LineString","coordinates":[[-70.76141,-34.15937],[-70.76135,-34.15926]]}},{"type":"Feature","properties":{"nombre":"Avenida República de Uruguay","jerarquia":4},"geometry":{"type":"LineString","coordinates":[[-70.70988,-34.16561],[-70.70983,-34.16552]]}},{"type":"Feature","properties":{"nombre":"Avenida República de Uruguay","jerarquia":4},"geometry":{"type":"LineString","coordinates":[[-70.7103,-34.16612],[-70.70988,-34.16561]]}},{"type":"Feature","properties":{"nombre":"Santa Filomena","jerarquia":5},"geometry":{"type":"LineString","coordinates":[[-70.76313,-34.17386],[-70.76321,-34.17383]]}},{"type":"Feature","properties":{"nombre":"Santa Filomena","jerarquia":5},"geometry":{"type":"LineString","coordinates":[[-70.76308,-34.17388],[-70.76313,-34.17386]]}},{"type":"Feature","properties":{"nombre":"Avenida República de Chile","jerarquia":3},"geometry":{"type":"LineString","coordinates":[[-70.70571,-34.16435],[-70.70383,-34.1656]]}},{"type":"Feature","properties":{"nombre":"Avenida República de Chile","jerarquia":3},"geometry":{"type":"LineString","coordinates":[[-70.70581,-34.16428],[-70.70571,-34.16435]]}},{"type":"Feature","properties":{"nombre":"Avenida República de Uruguay","jerarquia":4},"geometry":{"type":"LineString","coordinates":[[-70.70752,-34.16293],[-70.70766,-34.16301]]}},{"type":"Feature","properties":{"nombre":"Avenida República de Uruguay","jerarquia":4},"geometry":{"type":"LineString","coordinates":[[-70.7076,-34.16305],[-70.70752,-34.16293]]}},{"type":"Feature","properties":{"nombre":"Avenida El Sol","jerarquia":5},"geometry":{"type":"LineString","coordinates":[[-70.70137,-34.16378],[-70.70101,-34.16404]]}},{"type":"Feature","properties":{"nombre":"Avenida El Sol","jerarquia":5},"geometry":{"type":"LineString","coordinates":[[-70.70101,-34.16404],[-70.70009,-34.16471]]}},{"type":"Feature","properties":{"nombre":"Avenida El Sol","jerarquia":5},"geometry":{"type":"LineString","coordinates":[[-70.69776,-34.16529],[-70.69768,-34.16532]]}},{"type":"Feature","properties":{"nombre":"Avenida República de Chile","jerarquia":3},"geometry":{"type":"LineString","coordinates":[[-70.70294,-34.16582],[-70.70312,-34.16573]]}},{"type":"Feature","properties":{"nombre":"Avenida Bombero Domingo Villalobos","jerarquia":5},"geometry":{"type":"LineString","coordinates":[[-70.70312,-34.16573],[-70.70326,-34.16585]]}},{"type":"Feature","properties":{"nombre":"Avenida República de Chile","jerarquia":3},"geometry":{"type":"LineString","coordinates":[[-70.70326,-34.16585],[-70.70313,-34.16592]]}},{"type":"Feature","properties":{"nombre":"Avenida Bombero Domingo Villalobos","jerarquia":5},"geometry":{"type":"LineString","coordinates":[[-70.70313,-34.16592],[-70.70294,-34.16582]]}},{"type":"Feature","properties":{"nombre":"Avenida República de Uruguay","jerarquia":5},"geometry":{"type":"LineString","coordinates":[[-70.70271,-34.15927],[-70.70235,-34.15891]]}},{"type":"Feature","properties":{"nombre":"Avenida República de Uruguay","jerarquia":5},"geometry":{"type":"LineString","coordinates":[[-70.70331,-34.15988],[-70.70278,-34.15935]]}},{"type":"Feature","properties":{"nombre":"Avenida General Manuel Baquedano","jerarquia":4},"geometry":{"type":"LineString","coordinates":[[-70.75923,-34.16739],[-70.75939,-34.16735]]}},{"type":"Feature","properties":{"nombre":"Avenida General Manuel Baquedano","jerarquia":4},"geometry":{"type":"LineString","coordinates":[[-70.75572,-34.16815],[-70.75591,-34.16811]]}},{"type":"Feature","properties":{"nombre":"Avenida General Manuel Baquedano","jerarquia":4},"geometry":{"type":"LineString","coordinates":[[-70.75591,-34.16811],[-70.75829,-34.1676]]}},{"type":"Feature","properties":{"nombre":"Avenida General Manuel Baquedano","jerarquia":4},"geometry":{"type":"LineString","coordinates":[[-70.75829,-34.1676],[-70.75923,-34.16739]]}},{"type":"Feature","properties":{"nombre":"Avenida General Manuel Baquedano","jerarquia":4},"geometry":{"type":"LineString","coordinates":[[-70.76358,-34.1664],[-70.76411,-34.16627]]}},{"type":"Feature","properties":{"nombre":"Avenida La Compañía","jerarquia":3},"geometry":{"type":"LineString","coordinates":[[-70.70907,-34.15884],[-70.70896,-34.15873]]}},{"type":"Feature","properties":{"nombre":"Venus","jerarquia":5},"geometry":{"type":"LineString","coordinates":[[-70.70568,-34.16105],[-70.70571,-34.16107]]}},{"type":"Feature","properties":{"nombre":"Venus","jerarquia":5},"geometry":{"type":"LineString","coordinates":[[-70.70571,-34.16107],[-70.70645,-34.16186]]}},{"type":"Feature","properties":{"nombre":"Venus","jerarquia":5},"geometry":{"type":"LineString","coordinates":[[-70.70645,-34.16186],[-70.70654,-34.16195]]}},{"type":"Feature","properties":{"nombre":"Venus","jerarquia":5},"geometry":{"type":"LineString","coordinates":[[-70.70555,-34.1609],[-70.70568,-34.16105]]}},{"type":"Feature","properties":{"nombre":"Avenida República de Uruguay","jerarquia":5},"geometry":{"type":"LineString","coordinates":[[-70.70498,-34.16152],[-70.70484,-34.16138]]}},{"type":"Feature","properties":{"nombre":"Doctor José Antonio Salinas","jerarquia":5},"geometry":{"type":"LineString","coordinates":[[-70.75071,-34.16686],[-70.75084,-34.16684]]}},{"type":"Feature","properties":{"nombre":"Avenida San Juan","jerarquia":3},"geometry":{"type":"LineString","coordinates":[[-70.70011,-34.17601],[-70.7,-34.17602]]}},{"type":"Feature","properties":{"nombre":"Avenida República de Chile","jerarquia":3},"geometry":{"type":"LineString","coordinates":[[-70.70292,-34.16583],[-70.70294,-34.16582]]}},{"type":"Feature","properties":{"nombre":"Avenida República de Chile","jerarquia":3},"geometry":{"type":"LineString","coordinates":[[-70.70335,-34.1658],[-70.70326,-34.16585]]}},{"type":"Feature","properties":{"nombre":"Avenida Bombero Domingo Villalobos","jerarquia":5},"geometry":{"type":"LineString","coordinates":[[-70.70326,-34.16585],[-70.70337,-34.16596]]}},{"type":"Feature","properties":{"nombre":"Avenida Bombero Domingo Villalobos","jerarquia":5},"geometry":{"type":"LineString","coordinates":[[-70.70632,-34.16781],[-70.70638,-34.16787]]}},{"type":"Feature","properties":{"nombre":"Avenida Bombero Domingo Villalobos","jerarquia":5},"geometry":{"type":"LineString","coordinates":[[-70.70625,-34.16772],[-70.70632,-34.16781]]}},{"type":"Feature","properties":{"nombre":"Avenida Provincial","jerarquia":5},"geometry":{"type":"LineString","coordinates":[[-70.76321,-34.17383],[-70.76291,-34.17332]]}},{"type":"Feature","properties":{"nombre":"Totihue","jerarquia":5},"geometry":{"type":"LineString","coordinates":[[-70.75872,-34.16516],[-70.75858,-34.16524]]}},{"type":"Feature","properties":{"nombre":"Avenida Cachapoal","jerarquia":4},"geometry":{"type":"LineString","coordinates":[[-70.74974,-34.1862],[-70.74964,-34.18606]]}},{"type":"Feature","properties":{"nombre":"Avenida Cachapoal","jerarquia":4},"geometry":{"type":"LineString","coordinates":[[-70.7498,-34.18628],[-70.74974,-34.1862]]}},{"type":"Feature","properties":{"nombre":"Avenida Viña del Mar","jerarquia":5},"geometry":{"type":"LineString","coordinates":[[-70.75137,-34.16507],[-70.75141,-34.16522]]}},{"type":"Feature","properties":{"nombre":"Avenida La Victoria","jerarquia":4},"geometry":{"type":"LineString","coordinates":[[-70.72012,-34.15893],[-70.72006,-34.15885]]}},{"type":"Feature","properties":{"nombre":"Avenida La Victoria","jerarquia":4},"geometry":{"type":"LineString","coordinates":[[-70.71995,-34.15869],[-70.7199,-34.15861]]}},{"type":"Feature","properties":{"nombre":"Avenida La Victoria","jerarquia":4},"geometry":{"type":"LineString","coordinates":[[-70.72,-34.15859],[-70.72006,-34.15867]]}},{"type":"Feature","properties":{"nombre":"Avenida La Victoria","jerarquia":4},"geometry":{"type":"LineString","coordinates":[[-70.72017,-34.15882],[-70.72023,-34.15889]]}},{"type":"Feature","properties":{"nombre":"Avenida República de Chile","jerarquia":3},"geometry":{"type":"LineString","coordinates":[[-70.7203,-34.15879],[-70.72017,-34.15882]]}},{"type":"Feature","properties":{"nombre":"Avenida República de Chile","jerarquia":3},"geometry":{"type":"LineString","coordinates":[[-70.72006,-34.15885],[-70.72,-34.15886]]}},{"type":"Feature","properties":{"nombre":"Avenida República de Chile","jerarquia":3},"geometry":{"type":"LineString","coordinates":[[-70.7199,-34.1587],[-70.71995,-34.15869]]}},{"type":"Feature","properties":{"nombre":"Avenida República de Chile","jerarquia":3},"geometry":{"type":"LineString","coordinates":[[-70.72006,-34.15867],[-70.72019,-34.15863]]}},{"type":"Feature","properties":{"nombre":"Los Talaveras","jerarquia":5},"geometry":{"type":"LineString","coordinates":[[-70.71388,-34.16101],[-70.71381,-34.16087]]}},{"type":"Feature","properties":{"nombre":"Avenida Nueva Einstein","jerarquia":4},"geometry":{"type":"LineString","coordinates":[[-70.71548,-34.17178],[-70.71555,-34.17183]]}},{"type":"Feature","properties":{"nombre":"Avenida Libertador Bernardo O'Higgins","jerarquia":3},"geometry":{"type":"LineString","coordinates":[[-70.71516,-34.1717],[-70.71521,-34.17164]]}},{"type":"Feature","properties":{"nombre":"Avenida Libertador Bernardo O'Higgins","jerarquia":3},"geometry":{"type":"LineString","coordinates":[[-70.71541,-34.17187],[-70.71507,-34.17231]]}},{"type":"Feature","properties":{"nombre":"Avenida Libertador Bernardo O'Higgins","jerarquia":3},"geometry":{"type":"LineString","coordinates":[[-70.71553,-34.17168],[-70.71548,-34.17178]]}},{"type":"Feature","properties":{"nombre":"Avenida Libertador Bernardo O'Higgins","jerarquia":3},"geometry":{"type":"LineString","coordinates":[[-70.71525,-34.17158],[-70.71529,-34.17152]]}},{"type":"Feature","properties":{"nombre":"Avenida República de Uruguay","jerarquia":4},"geometry":{"type":"LineString","coordinates":[[-70.71519,-34.17153],[-70.71525,-34.17158]]}},{"type":"Feature","properties":{"nombre":"Avenida República de Uruguay","jerarquia":4},"geometry":{"type":"LineString","coordinates":[[-70.71521,-34.17164],[-70.71514,-34.17158]]}},{"type":"Feature","properties":{"nombre":"Avenida Nueva Einstein","jerarquia":4},"geometry":{"type":"LineString","coordinates":[[-70.71549,-34.1719],[-70.71543,-34.17184]]}},{"type":"Feature","properties":{"nombre":"Lourdes","jerarquia":5},"geometry":{"type":"LineString","coordinates":[[-70.76457,-34.18159],[-70.76453,-34.18157]]}},{"type":"Feature","properties":{"nombre":"Lourdes","jerarquia":5},"geometry":{"type":"LineString","coordinates":[[-70.7646,-34.18158],[-70.76461,-34.18161]]}},{"type":"Feature","properties":{"nombre":"Lourdes","jerarquia":5},"geometry":{"type":"LineString","coordinates":[[-70.76441,-34.18128],[-70.76451,-34.18141]]}},{"type":"Feature","properties":{"nombre":"Lourdes","jerarquia":5},"geometry":{"type":"LineString","coordinates":[[-70.76451,-34.18141],[-70.7646,-34.18155]]}},{"type":"Feature","properties":{"nombre":"Lourdes","jerarquia":5},"geometry":{"type":"LineString","coordinates":[[-70.7646,-34.18155],[-70.7646,-34.18158]]}},{"type":"Feature","properties":{"nombre":"Lourdes","jerarquia":5},"geometry":{"type":"LineString","coordinates":[[-70.76453,-34.18157],[-70.7644,-34.18149]]}},{"type":"Feature","properties":{"nombre":"Lourdes","jerarquia":5},"geometry":{"type":"LineString","coordinates":[[-70.7644,-34.18149],[-70.76428,-34.18135]]}},{"type":"Feature","properties":{"nombre":"Lourdes","jerarquia":5},"geometry":{"type":"LineString","coordinates":[[-70.76461,-34.18161],[-70.76457,-34.18159]]}},{"type":"Feature","properties":{"nombre":"Río Loco","jerarquia":5},"geometry":{"type":"LineString","coordinates":[[-70.7646,-34.18155],[-70.76453,-34.18157]]}},{"type":"Feature","properties":{"nombre":"Río Loco","jerarquia":5},"geometry":{"type":"LineString","coordinates":[[-70.76453,-34.18157],[-70.76441,-34.18161]]}},{"type":"Feature","properties":{"nombre":"Río Loco","jerarquia":5},"geometry":{"type":"LineString","coordinates":[[-70.76434,-34.18151],[-70.7644,-34.18149]]}},{"type":"Feature","properties":{"nombre":"Río Loco","jerarquia":5},"geometry":{"type":"LineString","coordinates":[[-70.76469,-34.18151],[-70.7646,-34.18155]]}},{"type":"Feature","properties":{"nombre":"Río Loco","jerarquia":5},"geometry":{"type":"LineString","coordinates":[[-70.76458,-34.18137],[-70.76581,-34.18092]]}},{"type":"Feature","properties":{"nombre":"Río Loco","jerarquia":5},"geometry":{"type":"LineString","coordinates":[[-70.76581,-34.18092],[-70.76796,-34.18012]]}},{"type":"Feature","properties":{"nombre":"Río Loco","jerarquia":5},"geometry":{"type":"LineString","coordinates":[[-70.76151,-34.18258],[-70.7616,-34.18254]]}},{"type":"Feature","properties":{"nombre":"Río Loco","jerarquia":5},"geometry":{"type":"LineString","coordinates":[[-70.76167,-34.18263],[-70.76157,-34.18266]]}},{"type":"Feature","properties":{"nombre":"Río Loco","jerarquia":5},"geometry":{"type":"LineString","coordinates":[[-70.76149,-34.18269],[-70.76145,-34.1827]]}},{"type":"Feature","properties":{"nombre":"Río Loco","jerarquia":5},"geometry":{"type":"LineString","coordinates":[[-70.76141,-34.18263],[-70.76144,-34.18261]]}},{"type":"Feature","properties":{"nombre":"Avenida Bolivia","jerarquia":5},"geometry":{"type":"LineString","coordinates":[[-70.76158,-34.18268],[-70.76228,-34.18379]]}},{"type":"Feature","properties":{"nombre":"Avenida Bolivia","jerarquia":5},"geometry":{"type":"LineString","coordinates":[[-70.7615,-34.18271],[-70.76149,-34.18269]]}},{"type":"Feature","properties":{"nombre":"Avenida Bolivia","jerarquia":5},"geometry":{"type":"LineString","coordinates":[[-70.76143,-34.18245],[-70.76151,-34.18258]]}},{"type":"Feature","properties":{"nombre":"Avenida Bolivia","jerarquia":5},"geometry":{"type":"LineString","coordinates":[[-70.76135,-34.18248],[-70.76104,-34.182]]}},{"type":"Feature","properties":{"nombre":"Avenida Miguel Ramírez","jerarquia":4},"geometry":{"type":"LineString","coordinates":[[-70.71814,-34.1737],[-70.71798,-34.17373]]}},{"type":"Feature","properties":{"nombre":"Avenida Einstein","jerarquia":4},"geometry":{"type":"LineString","coordinates":[[-70.71798,-34.17373],[-70.7181,-34.17378]]}},{"type":"Feature","properties":{"nombre":"Avenida Einstein","jerarquia":4},"geometry":{"type":"LineString","coordinates":[[-70.718,-34.17384],[-70.71779,-34.17376]]}},{"type":"Feature","properties":{"nombre":"Avenida Miguel Ramírez","jerarquia":4},"geometry":{"type":"LineString","coordinates":[[-70.71779,-34.17376],[-70.71759,-34.1738]]}},{"type":"Feature","properties":{"nombre":"Avenida Miguel Ramírez","jerarquia":4},"geometry":{"type":"LineString","coordinates":[[-70.71754,-34.17372],[-70.71765,-34.1737]]}},{"type":"Feature","properties":{"nombre":"Avenida Nueva Einstein","jerarquia":4},"geometry":{"type":"LineString","coordinates":[[-70.71765,-34.1737],[-70.71754,-34.17363]]}},{"type":"Feature","properties":{"nombre":"Avenida Nueva Einstein","jerarquia":4},"geometry":{"type":"LineString","coordinates":[[-70.71763,-34.17358],[-70.71769,-34.17361]]}},{"type":"Feature","properties":{"nombre":"Avenida Nueva Einstein","jerarquia":4},"geometry":{"type":"LineString","coordinates":[[-70.71769,-34.17361],[-70.71783,-34.17367]]}},{"type":"Feature","properties":{"nombre":"Avenida Miguel Ramírez","jerarquia":4},"geometry":{"type":"LineString","coordinates":[[-70.71783,-34.17367],[-70.71808,-34.17362]]}},{"type":"Feature","properties":{"nombre":"El Molino","jerarquia":5},"geometry":{"type":"LineString","coordinates":[[-70.75628,-34.18047],[-70.75589,-34.17979]]}},{"type":"Feature","properties":{"nombre":"El Molino","jerarquia":5},"geometry":{"type":"LineString","coordinates":[[-70.75589,-34.17979],[-70.75522,-34.17859]]}},{"type":"Feature","properties":{"nombre":"El Molino","jerarquia":5},"geometry":{"type":"LineString","coordinates":[[-70.75522,-34.17859],[-70.75477,-34.1778]]}},{"type":"Feature","properties":{"nombre":"El Molino","jerarquia":5},"geometry":{"type":"LineString","coordinates":[[-70.75632,-34.18056],[-70.75628,-34.18047]]}},{"type":"Feature","properties":{"nombre":"Diagonal Doñihue","jerarquia":5},"geometry":{"type":"LineString","coordinates":[[-70.75788,-34.17755],[-70.75771,-34.17751]]}},{"type":"Feature","properties":{"nombre":"Diagonal Doñihue","jerarquia":5},"geometry":{"type":"LineString","coordinates":[[-70.75799,-34.17757],[-70.75788,-34.17755]]}},{"type":"Feature","properties":{"nombre":"El Molino","jerarquia":5},"geometry":{"type":"LineString","coordinates":[[-70.75842,-34.18429],[-70.75837,-34.1842]]}},{"type":"Feature","properties":{"nombre":"Enrique Molina","jerarquia":5},"geometry":{"type":"LineString","coordinates":[[-70.7183,-34.18151],[-70.71845,-34.18145]]}},{"type":"Feature","properties":{"nombre":"Avenida Bombero Domingo Villalobos","jerarquia":4},"geometry":{"type":"LineString","coordinates":[[-70.72183,-34.18557],[-70.72189,-34.18564]]}},{"type":"Feature","properties":{"nombre":"Carretera Presidente Eduardo Frei Montalva","jerarquia":3},"geometry":{"type":"LineString","coordinates":[[-70.72181,-34.18545],[-70.72176,-34.18547]]}},{"type":"Feature","properties":{"nombre":"Caletera Carretera Presidente Eduardo Frei Montalva","jerarquia":5},"geometry":{"type":"LineString","coordinates":[[-70.72187,-34.18553],[-70.72183,-34.18557]]}},{"type":"Feature","properties":{"nombre":"Avenida Bombero Domingo Villalobos","jerarquia":4},"geometry":{"type":"LineString","coordinates":[[-70.72181,-34.18569],[-70.72176,-34.18563]]}},{"type":"Feature","properties":{"nombre":"Avenida Bombero Domingo Villalobos","jerarquia":4},"geometry":{"type":"LineString","coordinates":[[-70.72176,-34.18563],[-70.72175,-34.18562]]}},{"type":"Feature","properties":{"nombre":"Caletera Carretera Presidente Eduardo Frei Montalva","jerarquia":5},"geometry":{"type":"LineString","coordinates":[[-70.72162,-34.18569],[-70.72073,-34.18619]]}},{"type":"Feature","properties":{"nombre":"Carretera Presidente Eduardo Frei Montalva","jerarquia":3},"geometry":{"type":"LineString","coordinates":[[-70.72155,-34.18559],[-70.72129,-34.18574]]}},{"type":"Feature","properties":{"nombre":"Carretera Presidente Eduardo Frei Montalva","jerarquia":3},"geometry":{"type":"LineString","coordinates":[[-70.72129,-34.18574],[-70.72089,-34.18596]]}},{"type":"Feature","properties":{"nombre":"Carretera Presidente Eduardo Frei Montalva","jerarquia":3},"geometry":{"type":"LineString","coordinates":[[-70.72126,-34.18564],[-70.72149,-34.18551]]}},{"type":"Feature","properties":{"nombre":"Carretera Presidente Eduardo Frei Montalva","jerarquia":3},"geometry":{"type":"LineString","coordinates":[[-70.7217,-34.18539],[-70.72174,-34.18536]]}},{"type":"Feature","properties":{"nombre":"Avenida Bombero Domingo Villalobos","jerarquia":3},"geometry":{"type":"LineString","coordinates":[[-70.72166,-34.18535],[-70.7217,-34.18539]]}},{"type":"Feature","properties":{"nombre":"Avenida Bombero Domingo Villalobos","jerarquia":3},"geometry":{"type":"LineString","coordinates":[[-70.72162,-34.18544],[-70.72158,-34.18539]]}},{"type":"Feature","properties":{"nombre":"Avenida Pedro de Valdivia","jerarquia":4},"geometry":{"type":"LineString","coordinates":[[-70.73642,-34.17644],[-70.73651,-34.17641]]}},{"type":"Feature","properties":{"nombre":"Avenida Pedro de Valdivia","jerarquia":3},"geometry":{"type":"LineString","coordinates":[[-70.73628,-34.17649],[-70.73634,-34.17646]]}},{"type":"Feature","properties":{"nombre":"Avenida Capitán Ramón Freire","jerarquia":3},"geometry":{"type":"LineString","coordinates":[[-70.73634,-34.17646],[-70.73633,-34.17642]]}},{"type":"Feature","properties":{"nombre":"Avenida Capitán Ramón Freire","jerarquia":3},"geometry":{"type":"LineString","coordinates":[[-70.73641,-34.1764],[-70.73642,-34.17644]]}},{"type":"Feature","properties":{"nombre":"Avenida Pedro de Valdivia","jerarquia":4},"geometry":{"type":"LineString","coordinates":[[-70.73655,-34.17649],[-70.73643,-34.17652]]}},{"type":"Feature","properties":{"nombre":"Avenida Pedro de Valdivia","jerarquia":3},"geometry":{"type":"LineString","coordinates":[[-70.73636,-34.17655],[-70.73631,-34.17656]]}},{"type":"Feature","properties":{"nombre":"Avenida Capitán Ramón Freire","jerarquia":4},"geometry":{"type":"LineString","coordinates":[[-70.73637,-34.17662],[-70.73636,-34.17655]]}},{"type":"Feature","properties":{"nombre":"Avenida Capitán Ramón Freire","jerarquia":4},"geometry":{"type":"LineString","coordinates":[[-70.73645,-34.1766],[-70.73653,-34.17698]]}},{"type":"Feature","properties":{"nombre":"","jerarquia":5},"geometry":{"type":"LineString","coordinates":[[-70.71589,-34.18886],[-70.71581,-34.18872],[-70.71569,-34.18869]]}},{"type":"Feature","properties":{"nombre":"","jerarquia":4},"geometry":{"type":"LineString","coordinates":[[-70.72285,-34.18721],[-70.72293,-34.18718]]}},{"type":"Feature","properties":{"nombre":"Avenida Javiera Carrera","jerarquia":4},"geometry":{"type":"LineString","coordinates":[[-70.72368,-34.18832],[-70.72363,-34.18835]]}},{"type":"Feature","properties":{"nombre":"Avenida Central Santiago Benadava Cattan","jerarquia":5},"geometry":{"type":"LineString","coordinates":[[-70.71367,-34.17893],[-70.71332,-34.17851]]}},{"type":"Feature","properties":{"nombre":"Avenida Central Santiago Benadava Cattan","jerarquia":5},"geometry":{"type":"LineString","coordinates":[[-70.71332,-34.17851],[-70.71289,-34.178]]}},{"type":"Feature","properties":{"nombre":"Avenida Central Santiago Benadava Cattan","jerarquia":5},"geometry":{"type":"LineString","coordinates":[[-70.71289,-34.178],[-70.71211,-34.17705]]}},{"type":"Feature","properties":{"nombre":"Avenida Central Santiago Benadava Cattan","jerarquia":5},"geometry":{"type":"LineString","coordinates":[[-70.71211,-34.17705],[-70.71156,-34.17639]]}},{"type":"Feature","properties":{"nombre":"Avenida Central Santiago Benadava Cattan","jerarquia":5},"geometry":{"type":"LineString","coordinates":[[-70.71156,-34.17639],[-70.71134,-34.17612]]}},{"type":"Feature","properties":{"nombre":"Avenida Central Santiago Benadava Cattan","jerarquia":5},"geometry":{"type":"LineString","coordinates":[[-70.71134,-34.17612],[-70.71041,-34.175]]}},{"type":"Feature","properties":{"nombre":"Avenida Bolivia","jerarquia":5},"geometry":{"type":"LineString","coordinates":[[-70.75833,-34.17766],[-70.75831,-34.17763]]}},{"type":"Feature","properties":{"nombre":"Diagonal Doñihue","jerarquia":5},"geometry":{"type":"LineString","coordinates":[[-70.75819,-34.17761],[-70.75799,-34.17757]]}},{"type":"Feature","properties":{"nombre":"Diagonal Doñihue","jerarquia":5},"geometry":{"type":"LineString","coordinates":[[-70.75847,-34.17766],[-70.75831,-34.17763]]}},{"type":"Feature","properties":{"nombre":"Diagonal Doñihue","jerarquia":5},"geometry":{"type":"LineString","coordinates":[[-70.75831,-34.17763],[-70.75819,-34.17761]]}},{"type":"Feature","properties":{"nombre":"Diagonal Doñihue","jerarquia":5},"geometry":{"type":"LineString","coordinates":[[-70.75842,-34.17754],[-70.75845,-34.17754]]}},{"type":"Feature","properties":{"nombre":"Diagonal Doñihue","jerarquia":5},"geometry":{"type":"LineString","coordinates":[[-70.75845,-34.17754],[-70.75881,-34.17762]]}},{"type":"Feature","properties":{"nombre":"Diagonal Doñihue","jerarquia":5},"geometry":{"type":"LineString","coordinates":[[-70.75822,-34.1775],[-70.75828,-34.17751]]}},{"type":"Feature","properties":{"nombre":"Diagonal Doñihue","jerarquia":5},"geometry":{"type":"LineString","coordinates":[[-70.75828,-34.17751],[-70.75842,-34.17754]]}},{"type":"Feature","properties":{"nombre":"Bolivia","jerarquia":5},"geometry":{"type":"LineString","coordinates":[[-70.75825,-34.17739],[-70.75828,-34.17751]]}},{"type":"Feature","properties":{"nombre":"Avenida Illanes","jerarquia":3},"geometry":{"type":"LineString","coordinates":[[-70.73266,-34.15824],[-70.73277,-34.15877]]}},{"type":"Feature","properties":{"nombre":"Avenida Illanes","jerarquia":3},"geometry":{"type":"LineString","coordinates":[[-70.73277,-34.15877],[-70.73302,-34.15993]]}},{"type":"Feature","properties":{"nombre":"Avenida Illanes","jerarquia":3},"geometry":{"type":"LineString","coordinates":[[-70.73262,-34.15805],[-70.73265,-34.15818]]}},{"type":"Feature","properties":{"nombre":"Avenida Illanes","jerarquia":3},"geometry":{"type":"LineString","coordinates":[[-70.73265,-34.15818],[-70.73266,-34.15824]]}},{"type":"Feature","properties":{"nombre":"Avenida Illanes","jerarquia":3},"geometry":{"type":"LineString","coordinates":[[-70.73249,-34.15826],[-70.73248,-34.15818]]}},{"type":"Feature","properties":{"nombre":"Avenida Illanes","jerarquia":3},"geometry":{"type":"LineString","coordinates":[[-70.73248,-34.15818],[-70.73245,-34.15808]]}},{"type":"Feature","properties":{"nombre":"Avenida Illanes","jerarquia":3},"geometry":{"type":"LineString","coordinates":[[-70.73275,-34.15945],[-70.73264,-34.159]]}},{"type":"Feature","properties":{"nombre":"Avenida Illanes","jerarquia":3},"geometry":{"type":"LineString","coordinates":[[-70.73264,-34.159],[-70.73249,-34.15826]]}},{"type":"Feature","properties":{"nombre":"Avenida Illanes","jerarquia":4},"geometry":{"type":"LineString","coordinates":[[-70.73071,-34.1497],[-70.73041,-34.1484]]}},{"type":"Feature","properties":{"nombre":"Avenida Illanes","jerarquia":4},"geometry":{"type":"LineString","coordinates":[[-70.73075,-34.14989],[-70.73074,-34.14984]]}},{"type":"Feature","properties":{"nombre":"Avenida Illanes","jerarquia":4},"geometry":{"type":"LineString","coordinates":[[-70.73074,-34.14984],[-70.73072,-34.14977]]}},{"type":"Feature","properties":{"nombre":"Avenida Illanes","jerarquia":4},"geometry":{"type":"LineString","coordinates":[[-70.73072,-34.14977],[-70.73071,-34.1497]]}},{"type":"Feature","properties":{"nombre":"Avenida Illanes","jerarquia":4},"geometry":{"type":"LineString","coordinates":[[-70.7309,-34.14987],[-70.73107,-34.15066]]}},{"type":"Feature","properties":{"nombre":"Avenida Illanes","jerarquia":4},"geometry":{"type":"LineString","coordinates":[[-70.73107,-34.15066],[-70.73129,-34.15177]]}},{"type":"Feature","properties":{"nombre":"Avenida Illanes","jerarquia":4},"geometry":{"type":"LineString","coordinates":[[-70.73086,-34.14969],[-70.73089,-34.14982]]}},{"type":"Feature","properties":{"nombre":"Avenida Illanes","jerarquia":4},"geometry":{"type":"LineString","coordinates":[[-70.73089,-34.14982],[-70.7309,-34.14987]]}},{"type":"Feature","properties":{"nombre":"Avenida República de Chile","jerarquia":5},"geometry":{"type":"LineString","coordinates":[[-70.74345,-34.15443],[-70.74331,-34.15445]]}},{"type":"Feature","properties":{"nombre":"Avenida España","jerarquia":3},"geometry":{"type":"LineString","coordinates":[[-70.74331,-34.15445],[-70.74333,-34.15452]]}},{"type":"Feature","properties":{"nombre":"Avenida República de Chile","jerarquia":3},"geometry":{"type":"LineString","coordinates":[[-70.74315,-34.15447],[-70.74258,-34.15454]]}},{"type":"Feature","properties":{"nombre":"Avenida República de Chile","jerarquia":3},"geometry":{"type":"LineString","coordinates":[[-70.74261,-34.15437],[-70.74313,-34.15431]]}},{"type":"Feature","properties":{"nombre":"Avenida República de Chile","jerarquia":5},"geometry":{"type":"LineString","coordinates":[[-70.74342,-34.15427],[-70.74388,-34.15421]]}},{"type":"Feature","properties":{"nombre":"Avenida Kennedy","jerarquia":3},"geometry":{"type":"LineString","coordinates":[[-70.74327,-34.15419],[-70.74327,-34.15421]]}},{"type":"Feature","properties":{"nombre":"Avenida Kennedy","jerarquia":3},"geometry":{"type":"LineString","coordinates":[[-70.74327,-34.15421],[-70.74328,-34.15429]]}},{"type":"Feature","properties":{"nombre":"Avenida República de Chile","jerarquia":3},"geometry":{"type":"LineString","coordinates":[[-70.73226,-34.15578],[-70.73212,-34.15579]]}},{"type":"Feature","properties":{"nombre":"Avenida República de Chile","jerarquia":3},"geometry":{"type":"LineString","coordinates":[[-70.73209,-34.15563],[-70.73223,-34.15561]]}},{"type":"Feature","properties":{"nombre":"Avenida República de Chile","jerarquia":3},"geometry":{"type":"LineString","coordinates":[[-70.73187,-34.15566],[-70.73194,-34.15565]]}},{"type":"Feature","properties":{"nombre":"Avenida República de Chile","jerarquia":3},"geometry":{"type":"LineString","coordinates":[[-70.73197,-34.15581],[-70.7319,-34.15582]]}},{"type":"Feature","properties":{"nombre":"Avenida Illanes","jerarquia":3},"geometry":{"type":"LineString","coordinates":[[-70.73198,-34.15586],[-70.73197,-34.15581]]}},{"type":"Feature","properties":{"nombre":"Avenida Illanes","jerarquia":3},"geometry":{"type":"LineString","coordinates":[[-70.73212,-34.15579],[-70.73213,-34.15584]]}},{"type":"Feature","properties":{"nombre":"Avenida Illanes","jerarquia":4},"geometry":{"type":"LineString","coordinates":[[-70.73194,-34.15565],[-70.73189,-34.15543]]}},{"type":"Feature","properties":{"nombre":"Avenida Illanes","jerarquia":4},"geometry":{"type":"LineString","coordinates":[[-70.73204,-34.15541],[-70.73207,-34.15556]]}},{"type":"Feature","properties":{"nombre":"Avenida Illanes","jerarquia":4},"geometry":{"type":"LineString","coordinates":[[-70.73207,-34.15556],[-70.73209,-34.15563]]}},{"type":"Feature","properties":{"nombre":"Avenida Camino del Recreo","jerarquia":5},"geometry":{"type":"LineString","coordinates":[[-70.73775,-34.15511],[-70.73778,-34.15525]]}},{"type":"Feature","properties":{"nombre":"Avenida República de Chile","jerarquia":3},"geometry":{"type":"LineString","coordinates":[[-70.73757,-34.15498],[-70.73772,-34.15496]]}},{"type":"Feature","properties":{"nombre":"Avenida República de Chile","jerarquia":3},"geometry":{"type":"LineString","coordinates":[[-70.73772,-34.15496],[-70.7379,-34.15493]]}},{"type":"Feature","properties":{"nombre":"Avenida República de Chile","jerarquia":3},"geometry":{"type":"LineString","coordinates":[[-70.73759,-34.15513],[-70.73659,-34.15525]]}},{"type":"Feature","properties":{"nombre":"Avenida República de Chile","jerarquia":3},"geometry":{"type":"LineString","coordinates":[[-70.73792,-34.15509],[-70.73775,-34.15511]]}},{"type":"Feature","properties":{"nombre":"Avenida Camino del Recreo","jerarquia":5},"geometry":{"type":"LineString","coordinates":[[-70.73769,-34.1548],[-70.73772,-34.15496]]}},{"type":"Feature","properties":{"nombre":"Avenida Javiera Carrera","jerarquia":4},"geometry":{"type":"LineString","coordinates":[[-70.73129,-34.1834],[-70.73119,-34.18345]]}},{"type":"Feature","properties":{"nombre":"Miranda","jerarquia":5},"geometry":{"type":"LineString","coordinates":[[-70.64572,-34.18122],[-70.64588,-34.18108],[-70.64606,-34.18102]]}},{"type":"Feature","properties":{"nombre":"Avenida La Compañía","jerarquia":4},"geometry":{"type":"LineString","coordinates":[[-70.71952,-34.17003],[-70.71983,-34.17036]]}},{"type":"Feature","properties":{"nombre":"Avenida La Compañía","jerarquia":4},"geometry":{"type":"LineString","coordinates":[[-70.71983,-34.17036],[-70.7193,-34.17001]]}},{"type":"Feature","properties":{"nombre":"Ruta Travesía","jerarquia":2},"geometry":{"type":"LineString","coordinates":[[-70.72312,-34.11085],[-70.72333,-34.11156]]}},{"type":"Feature","properties":{"nombre":"Ruta Travesía","jerarquia":2},"geometry":{"type":"LineString","coordinates":[[-70.72333,-34.11156],[-70.72381,-34.11319]]}},{"type":"Feature","properties":{"nombre":"Camino a Tuniche","jerarquia":3},"geometry":{"type":"LineString","coordinates":[[-70.74309,-34.14155],[-70.74301,-34.14164]]}},{"type":"Feature","properties":{"nombre":"Camino a Tuniche","jerarquia":3},"geometry":{"type":"LineString","coordinates":[[-70.74209,-34.14281],[-70.74194,-34.14301]]}},{"type":"Feature","properties":{"nombre":"Camino a Tuniche","jerarquia":3},"geometry":{"type":"LineString","coordinates":[[-70.74123,-34.14394],[-70.74103,-34.14421]]}},{"type":"Feature","properties":{"nombre":"Ruta Travesía","jerarquia":2},"geometry":{"type":"LineString","coordinates":[[-70.72879,-34.13009],[-70.72925,-34.13161]]}},{"type":"Feature","properties":{"nombre":"Ruta Travesía","jerarquia":2},"geometry":{"type":"LineString","coordinates":[[-70.72462,-34.11594],[-70.72531,-34.11828]]}},{"type":"Feature","properties":{"nombre":"Ruta Travesía","jerarquia":2},"geometry":{"type":"LineString","coordinates":[[-70.72492,-34.11737],[-70.72456,-34.11615]]}},{"type":"Feature","properties":{"nombre":"Ruta Travesía","jerarquia":2},"geometry":{"type":"LineString","coordinates":[[-70.72394,-34.11363],[-70.72462,-34.11594]]}},{"type":"Feature","properties":{"nombre":"Ruta Travesía","jerarquia":2},"geometry":{"type":"LineString","coordinates":[[-70.72384,-34.11366],[-70.72336,-34.11205]]}},{"type":"Feature","properties":{"nombre":"Ruta Travesía","jerarquia":2},"geometry":{"type":"LineString","coordinates":[[-70.72299,-34.11078],[-70.72279,-34.11011]]}},{"type":"Feature","properties":{"nombre":"Ruta Travesía","jerarquia":2},"geometry":{"type":"LineString","coordinates":[[-70.72336,-34.11205],[-70.72305,-34.11099]]}},{"type":"Feature","properties":{"nombre":"Ruta Travesía","jerarquia":2},"geometry":{"type":"LineString","coordinates":[[-70.72305,-34.11099],[-70.72299,-34.11078]]}},{"type":"Feature","properties":{"nombre":"Ruta Travesía","jerarquia":2},"geometry":{"type":"LineString","coordinates":[[-70.72291,-34.11013],[-70.72312,-34.11085]]}},{"type":"Feature","properties":{"nombre":"Ruta Travesía","jerarquia":2},"geometry":{"type":"LineString","coordinates":[[-70.7226,-34.10907],[-70.72291,-34.11013]]}},{"type":"Feature","properties":{"nombre":"Ruta Travesía","jerarquia":2},"geometry":{"type":"LineString","coordinates":[[-70.72381,-34.11319],[-70.72394,-34.11363]]}},{"type":"Feature","properties":{"nombre":"Ruta Travesía","jerarquia":2},"geometry":{"type":"LineString","coordinates":[[-70.72442,-34.11566],[-70.72384,-34.11366]]}},{"type":"Feature","properties":{"nombre":"Ruta Travesía","jerarquia":2},"geometry":{"type":"LineString","coordinates":[[-70.72858,-34.14933],[-70.72832,-34.15285]]}},{"type":"Feature","properties":{"nombre":"Camino a Tuniche","jerarquia":3},"geometry":{"type":"LineString","coordinates":[[-70.74778,-34.13525],[-70.74762,-34.13545]]}},{"type":"Feature","properties":{"nombre":"Camino a Tuniche","jerarquia":3},"geometry":{"type":"LineString","coordinates":[[-70.74742,-34.13572],[-70.74719,-34.13603]]}},{"type":"Feature","properties":{"nombre":"","jerarquia":3},"geometry":{"type":"LineString","coordinates":[[-70.74742,-34.13572],[-70.74744,-34.13553],[-70.74736,-34.13536]]}},{"type":"Feature","properties":{"nombre":"","jerarquia":3},"geometry":{"type":"LineString","coordinates":[[-70.74745,-34.13531],[-70.74749,-34.13532]]}},{"type":"Feature","properties":{"nombre":"","jerarquia":3},"geometry":{"type":"LineString","coordinates":[[-70.74749,-34.13532],[-70.74778,-34.13525]]}},{"type":"Feature","properties":{"nombre":"Camino a Tuniche","jerarquia":3},"geometry":{"type":"LineString","coordinates":[[-70.74756,-34.13553],[-70.74742,-34.13572]]}},{"type":"Feature","properties":{"nombre":"Camino a Tuniche","jerarquia":3},"geometry":{"type":"LineString","coordinates":[[-70.74762,-34.13545],[-70.74756,-34.13553]]}},{"type":"Feature","properties":{"nombre":"Camino a Tuniche","jerarquia":3},"geometry":{"type":"LineString","coordinates":[[-70.74719,-34.13603],[-70.74676,-34.1366]]}},{"type":"Feature","properties":{"nombre":"Camino a Tuniche","jerarquia":3},"geometry":{"type":"LineString","coordinates":[[-70.74804,-34.1349],[-70.74778,-34.13525]]}},{"type":"Feature","properties":{"nombre":"Camino a Tuniche","jerarquia":3},"geometry":{"type":"LineString","coordinates":[[-70.75586,-34.12435],[-70.75501,-34.12557],[-70.75122,-34.13064]]}},{"type":"Feature","properties":{"nombre":"Avenida Salvador Allende Gossens","jerarquia":3},"geometry":{"type":"LineString","coordinates":[[-70.75984,-34.13364],[-70.75806,-34.12898]]}},{"type":"Feature","properties":{"nombre":"Avenida Salvador Allende Gossens","jerarquia":3},"geometry":{"type":"LineString","coordinates":[[-70.75806,-34.12898],[-70.75755,-34.12766]]}},{"type":"Feature","properties":{"nombre":"Avenida Salvador Allende Gossens","jerarquia":3},"geometry":{"type":"LineString","coordinates":[[-70.75755,-34.12766],[-70.75672,-34.12553]]}},{"type":"Feature","properties":{"nombre":"Avenida Salvador Allende Gossens","jerarquia":3},"geometry":{"type":"LineString","coordinates":[[-70.76114,-34.13703],[-70.76107,-34.13685]]}},{"type":"Feature","properties":{"nombre":"Avenida Salvador Allende Gossens","jerarquia":3},"geometry":{"type":"LineString","coordinates":[[-70.76107,-34.13685],[-70.7608,-34.13614]]}},{"type":"Feature","properties":{"nombre":"Avenida Salvador Allende Gossens","jerarquia":3},"geometry":{"type":"LineString","coordinates":[[-70.7608,-34.13614],[-70.75984,-34.13364]]}},{"type":"Feature","properties":{"nombre":"Avenida Salvador Allende Gossens","jerarquia":3},"geometry":{"type":"LineString","coordinates":[[-70.76491,-34.14681],[-70.7651,-34.14729]]}},{"type":"Feature","properties":{"nombre":"Avenida Salvador Allende Gossens","jerarquia":3},"geometry":{"type":"LineString","coordinates":[[-70.76501,-34.14731],[-70.76463,-34.14629]]}},{"type":"Feature","properties":{"nombre":"Avenida Salvador Allende Gossens","jerarquia":3},"geometry":{"type":"LineString","coordinates":[[-70.76522,-34.14786],[-70.76501,-34.14731]]}},{"type":"Feature","properties":{"nombre":"Avenida Salvador Allende Gossens","jerarquia":3},"geometry":{"type":"LineString","coordinates":[[-70.76463,-34.14629],[-70.76451,-34.14592]]}},{"type":"Feature","properties":{"nombre":"Avenida Salvador Allende Gossens","jerarquia":3},"geometry":{"type":"LineString","coordinates":[[-70.76477,-34.14642],[-70.76491,-34.14681]]}},{"type":"Feature","properties":{"nombre":"Avenida Salvador Allende Gossens","jerarquia":3},"geometry":{"type":"LineString","coordinates":[[-70.76451,-34.14592],[-70.76477,-34.14642]]}},{"type":"Feature","properties":{"nombre":"Avenida Salvador Allende Gossens","jerarquia":3},"geometry":{"type":"LineString","coordinates":[[-70.76542,-34.14829],[-70.76522,-34.14786]]}},{"type":"Feature","properties":{"nombre":"Avenida Salvador Allende Gossens","jerarquia":3},"geometry":{"type":"LineString","coordinates":[[-70.7651,-34.14729],[-70.76535,-34.14797],[-70.76542,-34.14829]]}},{"type":"Feature","properties":{"nombre":"Avenida Salvador Allende Gossens","jerarquia":3},"geometry":{"type":"LineString","coordinates":[[-70.76451,-34.14592],[-70.76431,-34.14542]]}},{"type":"Feature","properties":{"nombre":"Avenida Salvador Allende Gossens","jerarquia":3},"geometry":{"type":"LineString","coordinates":[[-70.76614,-34.15028],[-70.76542,-34.14829]]}},{"type":"Feature","properties":{"nombre":"Avenida Salvador Allende Gossens","jerarquia":3},"geometry":{"type":"LineString","coordinates":[[-70.76418,-34.14518],[-70.76413,-34.14505]]}},{"type":"Feature","properties":{"nombre":"Avenida Salvador Allende Gossens","jerarquia":3},"geometry":{"type":"LineString","coordinates":[[-70.76406,-34.14485],[-70.76403,-34.14479]]}},{"type":"Feature","properties":{"nombre":"Avenida Salvador Allende Gossens","jerarquia":3},"geometry":{"type":"LineString","coordinates":[[-70.76403,-34.14479],[-70.76398,-34.14465]]}},{"type":"Feature","properties":{"nombre":"Avenida Salvador Allende Gossens","jerarquia":3},"geometry":{"type":"LineString","coordinates":[[-70.7641,-34.14481],[-70.76424,-34.14516]]}},{"type":"Feature","properties":{"nombre":"Avenida Salvador Allende Gossens","jerarquia":3},"geometry":{"type":"LineString","coordinates":[[-70.76398,-34.14465],[-70.76389,-34.14441]]}},{"type":"Feature","properties":{"nombre":"Avenida Salvador Allende Gossens","jerarquia":3},"geometry":{"type":"LineString","coordinates":[[-70.76431,-34.14542],[-70.76418,-34.14518]]}},{"type":"Feature","properties":{"nombre":"Avenida Salvador Allende Gossens","jerarquia":3},"geometry":{"type":"LineString","coordinates":[[-70.76424,-34.14516],[-70.76431,-34.14542]]}},{"type":"Feature","properties":{"nombre":"Avenida Salvador Allende Gossens","jerarquia":3},"geometry":{"type":"LineString","coordinates":[[-70.76389,-34.14441],[-70.76383,-34.14408]]}},{"type":"Feature","properties":{"nombre":"Avenida Salvador Allende Gossens","jerarquia":3},"geometry":{"type":"LineString","coordinates":[[-70.76383,-34.14408],[-70.76392,-34.14433]]}},{"type":"Feature","properties":{"nombre":"Mac-Iver","jerarquia":5},"geometry":{"type":"LineString","coordinates":[[-70.73038,-34.16758],[-70.7303,-34.16712]]}},{"type":"Feature","properties":{"nombre":"Mac-Iver","jerarquia":5},"geometry":{"type":"LineString","coordinates":[[-70.7303,-34.16712],[-70.73028,-34.16701]]}},{"type":"Feature","properties":{"nombre":"Mac-Iver","jerarquia":5},"geometry":{"type":"LineString","coordinates":[[-70.73028,-34.16701],[-70.73026,-34.16689]]}},{"type":"Feature","properties":{"nombre":"Mac-Iver","jerarquia":5},"geometry":{"type":"LineString","coordinates":[[-70.73026,-34.16689],[-70.73023,-34.16673]]}},{"type":"Feature","properties":{"nombre":"Mac-Iver","jerarquia":5},"geometry":{"type":"LineString","coordinates":[[-70.73023,-34.16673],[-70.73022,-34.16666]]}},{"type":"Feature","properties":{"nombre":"Avenida Libertador Bernardo O'Higgins","jerarquia":3},"geometry":{"type":"LineString","coordinates":[[-70.76575,-34.15755],[-70.76642,-34.15729]]}},{"type":"Feature","properties":{"nombre":"Avenida Libertador Bernardo O'Higgins","jerarquia":3},"geometry":{"type":"LineString","coordinates":[[-70.76583,-34.15769],[-70.76572,-34.15773]]}},{"type":"Feature","properties":{"nombre":"Avenida Libertador Bernardo O'Higgins","jerarquia":3},"geometry":{"type":"LineString","coordinates":[[-70.76572,-34.15773],[-70.76164,-34.15928]]}},{"type":"Feature","properties":{"nombre":"Avenida Libertador Bernardo O'Higgins","jerarquia":3},"geometry":{"type":"LineString","coordinates":[[-70.76164,-34.15928],[-70.76152,-34.15932]]}},{"type":"Feature","properties":{"nombre":"Avenida Libertador Bernardo O'Higgins","jerarquia":3},"geometry":{"type":"LineString","coordinates":[[-70.76152,-34.15932],[-70.76141,-34.15937]]}},{"type":"Feature","properties":{"nombre":"Avenida Libertador Bernardo O'Higgins","jerarquia":3},"geometry":{"type":"LineString","coordinates":[[-70.76141,-34.15937],[-70.75982,-34.15997]]}},{"type":"Feature","properties":{"nombre":"Avenida Libertador Bernardo O'Higgins","jerarquia":3},"geometry":{"type":"LineString","coordinates":[[-70.75867,-34.16048],[-70.75621,-34.16159]]}},{"type":"Feature","properties":{"nombre":"Avenida Libertador Bernardo O'Higgins","jerarquia":3},"geometry":{"type":"LineString","coordinates":[[-70.75982,-34.15997],[-70.75946,-34.16013]]}},{"type":"Feature","properties":{"nombre":"Avenida Libertador Bernardo O'Higgins","jerarquia":3},"geometry":{"type":"LineString","coordinates":[[-70.75946,-34.16013],[-70.75891,-34.16037]]}},{"type":"Feature","properties":{"nombre":"Avenida Libertador Bernardo O'Higgins","jerarquia":3},"geometry":{"type":"LineString","coordinates":[[-70.75891,-34.16037],[-70.75872,-34.16046]]}},{"type":"Feature","properties":{"nombre":"Avenida Libertador Bernardo O'Higgins","jerarquia":3},"geometry":{"type":"LineString","coordinates":[[-70.75872,-34.16046],[-70.75867,-34.16048]]}},{"type":"Feature","properties":{"nombre":"Avenida Salvador Allende Gossens","jerarquia":3},"geometry":{"type":"LineString","coordinates":[[-70.75645,-34.12494],[-70.75624,-34.1244]]}},{"type":"Feature","properties":{"nombre":"Avenida Salvador Allende Gossens","jerarquia":3},"geometry":{"type":"LineString","coordinates":[[-70.75616,-34.12398],[-70.75635,-34.12447]]}},{"type":"Feature","properties":{"nombre":"Camino Real","jerarquia":3},"geometry":{"type":"LineString","coordinates":[[-70.75582,-34.12306],[-70.75613,-34.12388]]}},{"type":"Feature","properties":{"nombre":"Camino Real","jerarquia":3},"geometry":{"type":"LineString","coordinates":[[-70.75613,-34.12388],[-70.75616,-34.12398]]}},{"type":"Feature","properties":{"nombre":"Miraflores","jerarquia":5},"geometry":{"type":"LineString","coordinates":[[-70.74093,-34.1566],[-70.74091,-34.15649]]}},{"type":"Feature","properties":{"nombre":"Miraflores","jerarquia":5},"geometry":{"type":"LineString","coordinates":[[-70.74091,-34.15649],[-70.74084,-34.15605]]}},{"type":"Feature","properties":{"nombre":"Miraflores","jerarquia":5},"geometry":{"type":"LineString","coordinates":[[-70.74084,-34.15605],[-70.74073,-34.15546]]}},{"type":"Feature","properties":{"nombre":"Miraflores","jerarquia":5},"geometry":{"type":"LineString","coordinates":[[-70.74073,-34.15546],[-70.74064,-34.15494]]}},{"type":"Feature","properties":{"nombre":"Miraflores","jerarquia":5},"geometry":{"type":"LineString","coordinates":[[-70.74064,-34.15494],[-70.74062,-34.15478]]}},{"type":"Feature","properties":{"nombre":"Chorrillos","jerarquia":5},"geometry":{"type":"LineString","coordinates":[[-70.74028,-34.15284],[-70.74017,-34.15223]]}},{"type":"Feature","properties":{"nombre":"Chorrillos","jerarquia":5},"geometry":{"type":"LineString","coordinates":[[-70.74017,-34.15223],[-70.74009,-34.15174]]}},{"type":"Feature","properties":{"nombre":"Chorrillos","jerarquia":5},"geometry":{"type":"LineString","coordinates":[[-70.74009,-34.15174],[-70.73997,-34.15106]]}},{"type":"Feature","properties":{"nombre":"El Cobre","jerarquia":5},"geometry":{"type":"LineString","coordinates":[[-70.71423,-34.18864],[-70.71551,-34.18838],[-70.71628,-34.18817],[-70.7175,-34.18764],[-70.71864,-34.18701]]}},{"type":"Feature","properties":{"nombre":"El Cobre","jerarquia":5},"geometry":{"type":"LineString","coordinates":[[-70.71864,-34.18701],[-70.71941,-34.18658]]}},{"type":"Feature","properties":{"nombre":"","jerarquia":3},"geometry":{"type":"LineString","coordinates":[[-70.71803,-34.18751],[-70.71858,-34.1871]]}},{"type":"Feature","properties":{"nombre":"","jerarquia":3},"geometry":{"type":"LineString","coordinates":[[-70.71858,-34.1871],[-70.71864,-34.18701]]}},{"type":"Feature","properties":{"nombre":"El Cobre","jerarquia":5},"geometry":{"type":"LineString","coordinates":[[-70.71095,-34.18925],[-70.71423,-34.18864]]}},{"type":"Feature","properties":{"nombre":"El Cobre","jerarquia":5},"geometry":{"type":"LineString","coordinates":[[-70.7093,-34.18957],[-70.71095,-34.18925]]}},{"type":"Feature","properties":{"nombre":"El Cobre","jerarquia":5},"geometry":{"type":"LineString","coordinates":[[-70.70688,-34.19001],[-70.7093,-34.18957]]}},{"type":"Feature","properties":{"nombre":"El Cobre","jerarquia":5},"geometry":{"type":"LineString","coordinates":[[-70.70554,-34.19026],[-70.70688,-34.19001]]}},{"type":"Feature","properties":{"nombre":"","jerarquia":3},"geometry":{"type":"LineString","coordinates":[[-70.70688,-34.19001],[-70.70725,-34.19001],[-70.70791,-34.1899]]}},{"type":"Feature","properties":{"nombre":"","jerarquia":3},"geometry":{"type":"LineString","coordinates":[[-70.70791,-34.1899],[-70.70813,-34.1899]]}},{"type":"Feature","properties":{"nombre":"El Cobre","jerarquia":3},"geometry":{"type":"LineString","coordinates":[[-70.70442,-34.19058],[-70.70554,-34.19026]]}},{"type":"Feature","properties":{"nombre":"Bombero Ricardo Ruidíaz","jerarquia":5},"geometry":{"type":"LineString","coordinates":[[-70.75032,-34.16404],[-70.75032,-34.16402]]}},{"type":"Feature","properties":{"nombre":"Avenida Libertador Bernardo O'Higgins","jerarquia":3},"geometry":{"type":"LineString","coordinates":[[-70.75032,-34.16402],[-70.75026,-34.16403]]}},{"type":"Feature","properties":{"nombre":"Avenida Libertador Bernardo O'Higgins","jerarquia":3},"geometry":{"type":"LineString","coordinates":[[-70.75182,-34.16371],[-70.75106,-34.16389]]}},{"type":"Feature","properties":{"nombre":"Avenida Viña del Mar","jerarquia":5},"geometry":{"type":"LineString","coordinates":[[-70.75108,-34.16393],[-70.75137,-34.16507]]}},{"type":"Feature","properties":{"nombre":"Avenida Viña del Mar","jerarquia":5},"geometry":{"type":"LineString","coordinates":[[-70.75141,-34.16522],[-70.75179,-34.16661]]}},{"type":"Feature","properties":{"nombre":"Avenida Viña del Mar","jerarquia":5},"geometry":{"type":"LineString","coordinates":[[-70.75179,-34.16661],[-70.75181,-34.16667]]}},{"type":"Feature","properties":{"nombre":"","jerarquia":3},"geometry":{"type":"LineString","coordinates":[[-70.72016,-34.18615],[-70.72094,-34.18584]]}},{"type":"Feature","properties":{"nombre":"","jerarquia":5},"geometry":{"type":"LineString","coordinates":[[-70.71922,-34.18696],[-70.71915,-34.18687]]}},{"type":"Feature","properties":{"nombre":"","jerarquia":5},"geometry":{"type":"LineString","coordinates":[[-70.71933,-34.18689],[-70.71938,-34.18697]]}},{"type":"Feature","properties":{"nombre":"Carretera Presidente Eduardo Frei Montalva","jerarquia":3},"geometry":{"type":"LineString","coordinates":[[-70.72089,-34.18596],[-70.71933,-34.18689]]}},{"type":"Feature","properties":{"nombre":"Carretera Presidente Eduardo Frei Montalva","jerarquia":3},"geometry":{"type":"LineString","coordinates":[[-70.71816,-34.18744],[-70.71915,-34.18687]]}},{"type":"Feature","properties":{"nombre":"Carretera Presidente Eduardo Frei Montalva","jerarquia":3},"geometry":{"type":"LineString","coordinates":[[-70.71915,-34.18687],[-70.71926,-34.1868]]}},{"type":"Feature","properties":{"nombre":"Avenida Viña del Mar","jerarquia":5},"geometry":{"type":"LineString","coordinates":[[-70.74092,-34.12594],[-70.74102,-34.12631]]}},{"type":"Feature","properties":{"nombre":"Avenida Viña del Mar","jerarquia":5},"geometry":{"type":"LineString","coordinates":[[-70.74102,-34.12631],[-70.74127,-34.12727]]}},{"type":"Feature","properties":{"nombre":"Avenida Viña del Mar","jerarquia":5},"geometry":{"type":"LineString","coordinates":[[-70.74127,-34.12727],[-70.74142,-34.12783]]}},{"type":"Feature","properties":{"nombre":"Avenida Koke","jerarquia":5},"geometry":{"type":"LineString","coordinates":[[-70.7532,-34.16836],[-70.75324,-34.16851]]}},{"type":"Feature","properties":{"nombre":"Avenida Koke","jerarquia":5},"geometry":{"type":"LineString","coordinates":[[-70.75271,-34.16643],[-70.75296,-34.167],[-70.75309,-34.16777]]}}]}